{
  "sentences": [
    {
      "text": {
        "content": "This puppy rescued from DBKL pound last wednesday, and been sent to vet for check out.",
        "beginOffset": -1
      },
      "sentiment": {
        "magnitude": 0,
        "score": 0
      }
    },
    {
      "text": {
        "content": "Pls give this lovely puppy a loving home if you can.",
        "beginOffset": -1
      },
      "sentiment": {
        "magnitude": 0.7,
        "score": 0.7
      }
    }
  ],
  "tokens": [],
  "entities": [
    {
      "name": "puppy",
      "type": "OTHER",
      "metadata": {},
      "salience": 0.5631838,
      "mentions": [
        {
          "text": {
            "content": "puppy",
            "beginOffset": -1
          },
          "type": "COMMON"
        }
      ]
    },
    {
      "name": "pound",
      "type": "OTHER",
      "metadata": {},
      "salience": 0.22614412,
      "mentions": [
        {
          "text": {
            "content": "pound",
            "beginOffset": -1
          },
          "type": "COMMON"
        }
      ]
    },
    {
      "name": "DBKL",
      "type": "ORGANIZATION",
      "metadata": {
        "wikipedia_url": "https://en.wikipedia.org/wiki/Kuala_Lumpur_City_Hall",
        "mid": "/m/0cnp39"
      },
      "salience": 0.13954023,
      "mentions": [
        {
          "text": {
            "content": "DBKL",
            "beginOffset": -1
          },
          "type": "PROPER"
        }
      ]
    },
    {
      "name": "home",
      "type": "LOCATION",
      "metadata": {},
      "salience": 0.042679165,
      "mentions": [
        {
          "text": {
            "content": "home",
            "beginOffset": -1
          },
          "type": "COMMON"
        }
      ]
    },
    {
      "name": "puppy",
      "type": "OTHER",
      "metadata": {},
      "salience": 0.028452685,
      "mentions": [
        {
          "text": {
            "content": "puppy",
            "beginOffset": -1
          },
          "type": "COMMON"
        }
      ]
    }
  ],
  "documentSentiment": {
    "magnitude": 0.8,
    "score": 0.3
  },
  "language": "en",
  "categories": []
}
