{
  "sentences": [
    {
      "text": {
        "content": "# my number is # please sms or whatsapp only!",
        "beginOffset": -1
      },
      "sentiment": {
        "magnitude": 0.1,
        "score": -0.1
      }
    },
    {
      "text": {
        "content": "# menu is a brown colored male cat # his diet: Iams for kittens + chicken # will be given with his vaccination card # he is very playful and manja but not chatty # trading him with 2pack of iams kitten 7kg(purple) if the cat food is hard to find, or you prefer to trade with cash, its rm.. same price with cat food more less.. plus the 2nd vaccination, treatment, medication and grooming..",
        "beginOffset": -1
      },
      "sentiment": {
        "magnitude": 0.1,
        "score": 0.1
      }
    }
  ],
  "tokens": [],
  "entities": [
    {
      "name": "number",
      "type": "OTHER",
      "metadata": {},
      "salience": 0.22392027,
      "mentions": [
        {
          "text": {
            "content": "number",
            "beginOffset": -1
          },
          "type": "COMMON"
        }
      ]
    },
    {
      "name": "whatsapp",
      "type": "OTHER",
      "metadata": {},
      "salience": 0.18858108,
      "mentions": [
        {
          "text": {
            "content": "whatsapp",
            "beginOffset": -1
          },
          "type": "COMMON"
        }
      ]
    },
    {
      "name": "Iams",
      "type": "ORGANIZATION",
      "metadata": {
        "mid": "/m/02pkvr",
        "wikipedia_url": "https://en.wikipedia.org/wiki/Iams"
      },
      "salience": 0.18377504,
      "mentions": [
        {
          "text": {
            "content": "Iams",
            "beginOffset": -1
          },
          "type": "PROPER"
        }
      ]
    },
    {
      "name": "# menu",
      "type": "OTHER",
      "metadata": {},
      "salience": 0.111797564,
      "mentions": [
        {
          "text": {
            "content": "# menu",
            "beginOffset": -1
          },
          "type": "COMMON"
        }
      ]
    },
    {
      "name": "cat",
      "type": "OTHER",
      "metadata": {},
      "salience": 0.044894088,
      "mentions": [
        {
          "text": {
            "content": "cat",
            "beginOffset": -1
          },
          "type": "COMMON"
        }
      ]
    },
    {
      "name": "diet",
      "type": "OTHER",
      "metadata": {},
      "salience": 0.036066853,
      "mentions": [
        {
          "text": {
            "content": "diet",
            "beginOffset": -1
          },
          "type": "COMMON"
        }
      ]
    },
    {
      "name": "kittens",
      "type": "PERSON",
      "metadata": {},
      "salience": 0.02776911,
      "mentions": [
        {
          "text": {
            "content": "kittens",
            "beginOffset": -1
          },
          "type": "COMMON"
        }
      ]
    },
    {
      "name": "manja",
      "type": "OTHER",
      "metadata": {},
      "salience": 0.024715684,
      "mentions": [
        {
          "text": {
            "content": "manja",
            "beginOffset": -1
          },
          "type": "COMMON"
        }
      ]
    },
    {
      "name": "vaccination card",
      "type": "OTHER",
      "metadata": {},
      "salience": 0.02441563,
      "mentions": [
        {
          "text": {
            "content": "vaccination card",
            "beginOffset": -1
          },
          "type": "COMMON"
        }
      ]
    },
    {
      "name": "chicken",
      "type": "OTHER",
      "metadata": {},
      "salience": 0.02441563,
      "mentions": [
        {
          "text": {
            "content": "chicken",
            "beginOffset": -1
          },
          "type": "COMMON"
        }
      ]
    },
    {
      "name": "cat food",
      "type": "CONSUMER_GOOD",
      "metadata": {},
      "salience": 0.0194833,
      "mentions": [
        {
          "text": {
            "content": "cat food",
            "beginOffset": -1
          },
          "type": "COMMON"
        }
      ]
    },
    {
      "name": "cash",
      "type": "OTHER",
      "metadata": {},
      "salience": 0.01712452,
      "mentions": [
        {
          "text": {
            "content": "cash",
            "beginOffset": -1
          },
          "type": "COMMON"
        }
      ]
    },
    {
      "name": "vaccination",
      "type": "OTHER",
      "metadata": {},
      "salience": 0.013658165,
      "mentions": [
        {
          "text": {
            "content": "vaccination",
            "beginOffset": -1
          },
          "type": "COMMON"
        }
      ]
    },
    {
      "name": "price",
      "type": "OTHER",
      "metadata": {},
      "salience": 0.013077657,
      "mentions": [
        {
          "text": {
            "content": "price",
            "beginOffset": -1
          },
          "type": "COMMON"
        }
      ]
    },
    {
      "name": "treatment",
      "type": "OTHER",
      "metadata": {},
      "salience": 0.0120017,
      "mentions": [
        {
          "text": {
            "content": "treatment",
            "beginOffset": -1
          },
          "type": "COMMON"
        }
      ]
    },
    {
      "name": "medication",
      "type": "CONSUMER_GOOD",
      "metadata": {},
      "salience": 0.0120017,
      "mentions": [
        {
          "text": {
            "content": "medication",
            "beginOffset": -1
          },
          "type": "COMMON"
        }
      ]
    },
    {
      "name": "grooming",
      "type": "OTHER",
      "metadata": {},
      "salience": 0.0120017,
      "mentions": [
        {
          "text": {
            "content": "grooming",
            "beginOffset": -1
          },
          "type": "COMMON"
        }
      ]
    },
    {
      "name": "cat food",
      "type": "CONSUMER_GOOD",
      "metadata": {},
      "salience": 0.010300321,
      "mentions": [
        {
          "text": {
            "content": "cat food",
            "beginOffset": -1
          },
          "type": "COMMON"
        }
      ]
    }
  ],
  "documentSentiment": {
    "magnitude": 0.2,
    "score": 0
  },
  "language": "en",
  "categories": []
}
