{
  "sentences": [
    {
      "text": {
        "content": "I picked up OSKie a.k.a Buncit while on the way to work.",
        "beginOffset": -1
      },
      "sentiment": {
        "magnitude": 0,
        "score": 0
      }
    },
    {
      "text": {
        "content": "I saw her was alone near the carpark exit.",
        "beginOffset": -1
      },
      "sentiment": {
        "magnitude": 0.1,
        "score": -0.1
      }
    },
    {
      "text": {
        "content": "Was worried bout her and I didn't see any mama cat around, so I decided to keep her in my car for few hours (windows were wind down for air ventilation!!)",
        "beginOffset": -1
      },
      "sentiment": {
        "magnitude": 0.3,
        "score": -0.3
      }
    },
    {
      "text": {
        "content": "till lunch hour.",
        "beginOffset": -1
      },
      "sentiment": {
        "magnitude": 0.2,
        "score": 0.2
      }
    },
    {
      "text": {
        "content": "I skipped lunch &amp; sent her off to the vet.",
        "beginOffset": -1
      },
      "sentiment": {
        "magnitude": 0.3,
        "score": -0.3
      }
    },
    {
      "text": {
        "content": "She is currently fostered by auntie Kiew.",
        "beginOffset": -1
      },
      "sentiment": {
        "magnitude": 0.1,
        "score": 0.1
      }
    },
    {
      "text": {
        "content": "Buncit is a female kitten slightly less than 2 months old.",
        "beginOffset": -1
      },
      "sentiment": {
        "magnitude": 0,
        "score": 0
      }
    },
    {
      "text": {
        "content": "She has big bright eyes and respond to her name 'Buncit&quot; &amp; 'Come&quot;.",
        "beginOffset": -1
      },
      "sentiment": {
        "magnitude": 0.6,
        "score": 0.6
      }
    },
    {
      "text": {
        "content": "I just sent her for her vaccination a week ago.",
        "beginOffset": -1
      },
      "sentiment": {
        "magnitude": 0,
        "score": 0
      }
    },
    {
      "text": {
        "content": "She is now healthy &amp; up for adoption!",
        "beginOffset": -1
      },
      "sentiment": {
        "magnitude": 0.4,
        "score": 0.4
      }
    },
    {
      "text": {
        "content": "She is a playful kitten who gets along with cats n dogs n even rats!",
        "beginOffset": -1
      },
      "sentiment": {
        "magnitude": 0,
        "score": 0
      }
    },
    {
      "text": {
        "content": "**Spaying &amp; vaccination is a must... *not negotiable***",
        "beginOffset": -1
      },
      "sentiment": {
        "magnitude": 0.2,
        "score": -0.2
      }
    }
  ],
  "tokens": [],
  "entities": [
    {
      "name": "Buncit",
      "type": "PERSON",
      "metadata": {},
      "salience": 0.70298845,
      "mentions": [
        {
          "text": {
            "content": "Buncit",
            "beginOffset": -1
          },
          "type": "PROPER"
        },
        {
          "text": {
            "content": "kitten",
            "beginOffset": -1
          },
          "type": "COMMON"
        },
        {
          "text": {
            "content": "kitten",
            "beginOffset": -1
          },
          "type": "COMMON"
        }
      ]
    },
    {
      "name": "way",
      "type": "OTHER",
      "metadata": {},
      "salience": 0.077579156,
      "mentions": [
        {
          "text": {
            "content": "way",
            "beginOffset": -1
          },
          "type": "COMMON"
        }
      ]
    },
    {
      "name": "OSKie a.k.a Buncit",
      "type": "OTHER",
      "metadata": {},
      "salience": 0.03477984,
      "mentions": [
        {
          "text": {
            "content": "OSKie a.k.a Buncit",
            "beginOffset": -1
          },
          "type": "PROPER"
        },
        {
          "text": {
            "content": "Buncit",
            "beginOffset": -1
          },
          "type": "PROPER"
        }
      ]
    },
    {
      "name": "Spaying",
      "type": "OTHER",
      "metadata": {},
      "salience": 0.024370393,
      "mentions": [
        {
          "text": {
            "content": "Spaying",
            "beginOffset": -1
          },
          "type": "COMMON"
        },
        {
          "text": {
            "content": "must",
            "beginOffset": -1
          },
          "type": "COMMON"
        }
      ]
    },
    {
      "name": "bout",
      "type": "EVENT",
      "metadata": {},
      "salience": 0.016293831,
      "mentions": [
        {
          "text": {
            "content": "bout",
            "beginOffset": -1
          },
          "type": "COMMON"
        }
      ]
    },
    {
      "name": "lunch",
      "type": "EVENT",
      "metadata": {},
      "salience": 0.01610203,
      "mentions": [
        {
          "text": {
            "content": "lunch",
            "beginOffset": -1
          },
          "type": "COMMON"
        }
      ]
    },
    {
      "name": "mama cat",
      "type": "OTHER",
      "metadata": {},
      "salience": 0.015327644,
      "mentions": [
        {
          "text": {
            "content": "mama cat",
            "beginOffset": -1
          },
          "type": "COMMON"
        }
      ]
    },
    {
      "name": "carpark exit",
      "type": "LOCATION",
      "metadata": {},
      "salience": 0.01449005,
      "mentions": [
        {
          "text": {
            "content": "carpark exit",
            "beginOffset": -1
          },
          "type": "COMMON"
        }
      ]
    },
    {
      "name": "vet",
      "type": "PERSON",
      "metadata": {},
      "salience": 0.009801656,
      "mentions": [
        {
          "text": {
            "content": "vet",
            "beginOffset": -1
          },
          "type": "COMMON"
        }
      ]
    },
    {
      "name": "auntie",
      "type": "OTHER",
      "metadata": {},
      "salience": 0.00977977,
      "mentions": [
        {
          "text": {
            "content": "auntie",
            "beginOffset": -1
          },
          "type": "COMMON"
        }
      ]
    },
    {
      "name": "air ventilation",
      "type": "OTHER",
      "metadata": {},
      "salience": 0.009743044,
      "mentions": [
        {
          "text": {
            "content": "air ventilation",
            "beginOffset": -1
          },
          "type": "COMMON"
        }
      ]
    },
    {
      "name": "windows",
      "type": "OTHER",
      "metadata": {},
      "salience": 0.009743044,
      "mentions": [
        {
          "text": {
            "content": "windows",
            "beginOffset": -1
          },
          "type": "COMMON"
        }
      ]
    },
    {
      "name": "car",
      "type": "CONSUMER_GOOD",
      "metadata": {},
      "salience": 0.009743044,
      "mentions": [
        {
          "text": {
            "content": "car",
            "beginOffset": -1
          },
          "type": "COMMON"
        }
      ]
    },
    {
      "name": "eyes",
      "type": "OTHER",
      "metadata": {},
      "salience": 0.008943653,
      "mentions": [
        {
          "text": {
            "content": "eyes",
            "beginOffset": -1
          },
          "type": "COMMON"
        }
      ]
    },
    {
      "name": "adoption",
      "type": "OTHER",
      "metadata": {},
      "salience": 0.0067256954,
      "mentions": [
        {
          "text": {
            "content": "adoption",
            "beginOffset": -1
          },
          "type": "COMMON"
        }
      ]
    },
    {
      "name": "cats",
      "type": "OTHER",
      "metadata": {},
      "salience": 0.006717829,
      "mentions": [
        {
          "text": {
            "content": "cats",
            "beginOffset": -1
          },
          "type": "COMMON"
        }
      ]
    },
    {
      "name": "Kiew",
      "type": "LOCATION",
      "metadata": {},
      "salience": 0.0057879654,
      "mentions": [
        {
          "text": {
            "content": "Kiew",
            "beginOffset": -1
          },
          "type": "PROPER"
        }
      ]
    },
    {
      "name": "vaccination",
      "type": "OTHER",
      "metadata": {},
      "salience": 0.0053493665,
      "mentions": [
        {
          "text": {
            "content": "vaccination",
            "beginOffset": -1
          },
          "type": "COMMON"
        }
      ]
    },
    {
      "name": "dogs",
      "type": "OTHER",
      "metadata": {},
      "salience": 0.0047043995,
      "mentions": [
        {
          "text": {
            "content": "dogs",
            "beginOffset": -1
          },
          "type": "COMMON"
        }
      ]
    },
    {
      "name": "rats",
      "type": "OTHER",
      "metadata": {},
      "salience": 0.0047043995,
      "mentions": [
        {
          "text": {
            "content": "rats",
            "beginOffset": -1
          },
          "type": "COMMON"
        }
      ]
    },
    {
      "name": "vaccination",
      "type": "OTHER",
      "metadata": {},
      "salience": 0.003364831,
      "mentions": [
        {
          "text": {
            "content": "vaccination",
            "beginOffset": -1
          },
          "type": "COMMON"
        }
      ]
    },
    {
      "name": "name",
      "type": "OTHER",
      "metadata": {},
      "salience": 0.0029599208,
      "mentions": [
        {
          "text": {
            "content": "name",
            "beginOffset": -1
          },
          "type": "COMMON"
        }
      ]
    }
  ],
  "documentSentiment": {
    "magnitude": 2.6,
    "score": 0
  },
  "language": "en",
  "categories": []
}
