{
  "sentences": [
    {
      "text": {
        "content": "This male kitten was found in Kelab Golf Negara Subang's Golf Terrace.",
        "beginOffset": -1
      },
      "sentiment": {
        "magnitude": 0.2,
        "score": 0.2
      }
    },
    {
      "text": {
        "content": "It was severely underweight (only g) and very dehydrated.",
        "beginOffset": -1
      },
      "sentiment": {
        "magnitude": 0.6,
        "score": -0.6
      }
    },
    {
      "text": {
        "content": "He was roaming around for shelter, and even tho he was all skin and bones, he was too weak to even eat the scraps off the floor.",
        "beginOffset": -1
      },
      "sentiment": {
        "magnitude": 0.5,
        "score": -0.5
      }
    },
    {
      "text": {
        "content": "The vet has cleared it of AIDS and leukemia.",
        "beginOffset": -1
      },
      "sentiment": {
        "magnitude": 0,
        "score": 0
      }
    },
    {
      "text": {
        "content": "Currently medicated for hookworms (2nd dose administered).",
        "beginOffset": -1
      },
      "sentiment": {
        "magnitude": 0.3,
        "score": 0.3
      }
    },
    {
      "text": {
        "content": "Vet also estimates it to be about 3 months old.",
        "beginOffset": -1
      },
      "sentiment": {
        "magnitude": 0,
        "score": 0
      }
    },
    {
      "text": {
        "content": "Wiggle has made tremendous progress ever since.",
        "beginOffset": -1
      },
      "sentiment": {
        "magnitude": 0.8,
        "score": 0.8
      }
    },
    {
      "text": {
        "content": "He's eating well and gaining weight (at date of posting, he's g).",
        "beginOffset": -1
      },
      "sentiment": {
        "magnitude": 0.6,
        "score": 0.6
      }
    },
    {
      "text": {
        "content": "He's very manja, litterbox trained, gentle, loves ppl and is great with kids.",
        "beginOffset": -1
      },
      "sentiment": {
        "magnitude": 0.9,
        "score": 0.9
      }
    },
    {
      "text": {
        "content": "Likes to follow us around :)",
        "beginOffset": -1
      },
      "sentiment": {
        "magnitude": 0.8,
        "score": 0.8
      }
    }
  ],
  "tokens": [],
  "entities": [
    {
      "name": "kitten",
      "type": "PERSON",
      "metadata": {},
      "salience": 0.62783366,
      "mentions": [
        {
          "text": {
            "content": "kitten",
            "beginOffset": -1
          },
          "type": "COMMON"
        }
      ]
    },
    {
      "name": "Golf Terrace",
      "type": "LOCATION",
      "metadata": {},
      "salience": 0.07672487,
      "mentions": [
        {
          "text": {
            "content": "Golf Terrace",
            "beginOffset": -1
          },
          "type": "PROPER"
        }
      ]
    },
    {
      "name": "Kelab Golf Negara Subang",
      "type": "LOCATION",
      "metadata": {
        "mid": "/m/0fjbbh",
        "wikipedia_url": "https://en.wikipedia.org/wiki/Kelab_Golf_Negara_Subang"
      },
      "salience": 0.07672487,
      "mentions": [
        {
          "text": {
            "content": "Kelab Golf Negara Subang",
            "beginOffset": -1
          },
          "type": "PROPER"
        }
      ]
    },
    {
      "name": "shelter",
      "type": "LOCATION",
      "metadata": {},
      "salience": 0.02397429,
      "mentions": [
        {
          "text": {
            "content": "shelter",
            "beginOffset": -1
          },
          "type": "COMMON"
        }
      ]
    },
    {
      "name": "vet",
      "type": "PERSON",
      "metadata": {},
      "salience": 0.018612228,
      "mentions": [
        {
          "text": {
            "content": "vet",
            "beginOffset": -1
          },
          "type": "COMMON"
        }
      ]
    },
    {
      "name": "skin",
      "type": "OTHER",
      "metadata": {},
      "salience": 0.017669342,
      "mentions": [
        {
          "text": {
            "content": "skin",
            "beginOffset": -1
          },
          "type": "COMMON"
        }
      ]
    },
    {
      "name": "floor",
      "type": "OTHER",
      "metadata": {},
      "salience": 0.016419617,
      "mentions": [
        {
          "text": {
            "content": "floor",
            "beginOffset": -1
          },
          "type": "COMMON"
        }
      ]
    },
    {
      "name": "leukemia",
      "type": "OTHER",
      "metadata": {},
      "salience": 0.016361952,
      "mentions": [
        {
          "text": {
            "content": "leukemia",
            "beginOffset": -1
          },
          "type": "COMMON"
        }
      ]
    },
    {
      "name": "AIDS",
      "type": "OTHER",
      "metadata": {},
      "salience": 0.016361952,
      "mentions": [
        {
          "text": {
            "content": "AIDS",
            "beginOffset": -1
          },
          "type": "COMMON"
        }
      ]
    },
    {
      "name": "scraps",
      "type": "OTHER",
      "metadata": {},
      "salience": 0.016220035,
      "mentions": [
        {
          "text": {
            "content": "scraps",
            "beginOffset": -1
          },
          "type": "COMMON"
        }
      ]
    },
    {
      "name": "bones",
      "type": "OTHER",
      "metadata": {},
      "salience": 0.016220035,
      "mentions": [
        {
          "text": {
            "content": "bones",
            "beginOffset": -1
          },
          "type": "COMMON"
        }
      ]
    },
    {
      "name": "hookworms",
      "type": "OTHER",
      "metadata": {},
      "salience": 0.014978214,
      "mentions": [
        {
          "text": {
            "content": "hookworms",
            "beginOffset": -1
          },
          "type": "COMMON"
        }
      ]
    },
    {
      "name": "dose",
      "type": "OTHER",
      "metadata": {},
      "salience": 0.014978214,
      "mentions": [
        {
          "text": {
            "content": "dose",
            "beginOffset": -1
          },
          "type": "COMMON"
        }
      ]
    },
    {
      "name": "posting",
      "type": "OTHER",
      "metadata": {},
      "salience": 0.011236282,
      "mentions": [
        {
          "text": {
            "content": "posting",
            "beginOffset": -1
          },
          "type": "COMMON"
        }
      ]
    },
    {
      "name": "Vet",
      "type": "ORGANIZATION",
      "metadata": {},
      "salience": 0.010073867,
      "mentions": [
        {
          "text": {
            "content": "Vet",
            "beginOffset": -1
          },
          "type": "PROPER"
        }
      ]
    },
    {
      "name": "kids",
      "type": "PERSON",
      "metadata": {},
      "salience": 0.007861398,
      "mentions": [
        {
          "text": {
            "content": "kids",
            "beginOffset": -1
          },
          "type": "COMMON"
        }
      ]
    },
    {
      "name": "ppl",
      "type": "ORGANIZATION",
      "metadata": {},
      "salience": 0.004945147,
      "mentions": [
        {
          "text": {
            "content": "ppl",
            "beginOffset": -1
          },
          "type": "PROPER"
        }
      ]
    },
    {
      "name": "progress",
      "type": "OTHER",
      "metadata": {},
      "salience": 0.0049444246,
      "mentions": [
        {
          "text": {
            "content": "progress",
            "beginOffset": -1
          },
          "type": "COMMON"
        }
      ]
    },
    {
      "name": "weight",
      "type": "OTHER",
      "metadata": {},
      "salience": 0.004936316,
      "mentions": [
        {
          "text": {
            "content": "weight",
            "beginOffset": -1
          },
          "type": "COMMON"
        }
      ]
    },
    {
      "name": "Wiggle",
      "type": "OTHER",
      "metadata": {},
      "salience": 0.0029233086,
      "mentions": [
        {
          "text": {
            "content": "Wiggle",
            "beginOffset": -1
          },
          "type": "PROPER"
        }
      ]
    }
  ],
  "documentSentiment": {
    "magnitude": 5.1,
    "score": 0.2
  },
  "language": "en",
  "categories": []
}
