{
  "sentences": [
    {
      "text": {
        "content": "I rescued these 5 kittens where they about a week old and have been caring for them since.",
        "beginOffset": -1
      },
      "sentiment": {
        "magnitude": 0.8,
        "score": 0.8
      }
    },
    {
      "text": {
        "content": "The plan was to raise them to be big and strong enough to be individually adopted.",
        "beginOffset": -1
      },
      "sentiment": {
        "magnitude": 0.2,
        "score": 0.2
      }
    },
    {
      "text": {
        "content": "They are now big enough and it is becoming very difficult for me to continue handling all of them.",
        "beginOffset": -1
      },
      "sentiment": {
        "magnitude": 0,
        "score": 0
      }
    },
    {
      "text": {
        "content": "They are all in good health and are very lively and adorable.",
        "beginOffset": -1
      },
      "sentiment": {
        "magnitude": 0.9,
        "score": 0.9
      }
    },
    {
      "text": {
        "content": "Do take a look at some of their pictures and I hope you would at least fall in love with one.",
        "beginOffset": -1
      },
      "sentiment": {
        "magnitude": 0.6,
        "score": 0.6
      }
    },
    {
      "text": {
        "content": "I did bring them fir deworming once but was advised to bring them for a second time.",
        "beginOffset": -1
      },
      "sentiment": {
        "magnitude": 0,
        "score": 0
      }
    },
    {
      "text": {
        "content": "I however do not have the transport and resources to do so.",
        "beginOffset": -1
      },
      "sentiment": {
        "magnitude": 0,
        "score": 0
      }
    },
    {
      "text": {
        "content": "All the kittens have been weaned from milk and can eat kibbles.",
        "beginOffset": -1
      },
      "sentiment": {
        "magnitude": 0.5,
        "score": 0.5
      }
    },
    {
      "text": {
        "content": "Except for the one with the pink nose.",
        "beginOffset": -1
      },
      "sentiment": {
        "magnitude": 0,
        "score": 0
      }
    },
    {
      "text": {
        "content": "She is a little small a requires a bit more attention when feeding.",
        "beginOffset": -1
      },
      "sentiment": {
        "magnitude": 0.6,
        "score": 0.6
      }
    },
    {
      "text": {
        "content": "Further info will be provided if interested.",
        "beginOffset": -1
      },
      "sentiment": {
        "magnitude": 0.1,
        "score": 0.1
      }
    },
    {
      "text": {
        "content": "Kittens are litter box trained.",
        "beginOffset": -1
      },
      "sentiment": {
        "magnitude": 0.2,
        "score": -0.2
      }
    },
    {
      "text": {
        "content": "Still a little messy but will improve with time and age.",
        "beginOffset": -1
      },
      "sentiment": {
        "magnitude": 0.7,
        "score": 0.7
      }
    }
  ],
  "tokens": [],
  "entities": [
    {
      "name": "kittens",
      "type": "PERSON",
      "metadata": {},
      "salience": 0.73110485,
      "mentions": [
        {
          "text": {
            "content": "kittens",
            "beginOffset": -1
          },
          "type": "COMMON"
        }
      ]
    },
    {
      "name": "plan",
      "type": "OTHER",
      "metadata": {},
      "salience": 0.070712075,
      "mentions": [
        {
          "text": {
            "content": "plan",
            "beginOffset": -1
          },
          "type": "COMMON"
        }
      ]
    },
    {
      "name": "all",
      "type": "OTHER",
      "metadata": {},
      "salience": 0.018715383,
      "mentions": [
        {
          "text": {
            "content": "all",
            "beginOffset": -1
          },
          "type": "COMMON"
        }
      ]
    },
    {
      "name": "look",
      "type": "OTHER",
      "metadata": {},
      "salience": 0.01859377,
      "mentions": [
        {
          "text": {
            "content": "look",
            "beginOffset": -1
          },
          "type": "COMMON"
        }
      ]
    },
    {
      "name": "some",
      "type": "OTHER",
      "metadata": {},
      "salience": 0.016250711,
      "mentions": [
        {
          "text": {
            "content": "some",
            "beginOffset": -1
          },
          "type": "COMMON"
        }
      ]
    },
    {
      "name": "pictures",
      "type": "WORK_OF_ART",
      "metadata": {},
      "salience": 0.016250711,
      "mentions": [
        {
          "text": {
            "content": "pictures",
            "beginOffset": -1
          },
          "type": "COMMON"
        }
      ]
    },
    {
      "name": "love",
      "type": "OTHER",
      "metadata": {},
      "salience": 0.016250711,
      "mentions": [
        {
          "text": {
            "content": "love",
            "beginOffset": -1
          },
          "type": "COMMON"
        }
      ]
    },
    {
      "name": "health",
      "type": "OTHER",
      "metadata": {},
      "salience": 0.016096799,
      "mentions": [
        {
          "text": {
            "content": "health",
            "beginOffset": -1
          },
          "type": "COMMON"
        }
      ]
    },
    {
      "name": "transport",
      "type": "OTHER",
      "metadata": {},
      "salience": 0.014672747,
      "mentions": [
        {
          "text": {
            "content": "transport",
            "beginOffset": -1
          },
          "type": "COMMON"
        }
      ]
    },
    {
      "name": "nose",
      "type": "OTHER",
      "metadata": {},
      "salience": 0.0111686,
      "mentions": [
        {
          "text": {
            "content": "nose",
            "beginOffset": -1
          },
          "type": "COMMON"
        }
      ]
    },
    {
      "name": "info",
      "type": "OTHER",
      "metadata": {},
      "salience": 0.011141133,
      "mentions": [
        {
          "text": {
            "content": "info",
            "beginOffset": -1
          },
          "type": "COMMON"
        }
      ]
    },
    {
      "name": "litter box",
      "type": "OTHER",
      "metadata": {},
      "salience": 0.009843764,
      "mentions": [
        {
          "text": {
            "content": "litter box",
            "beginOffset": -1
          },
          "type": "COMMON"
        }
      ]
    },
    {
      "name": "Kittens",
      "type": "PERSON",
      "metadata": {},
      "salience": 0.00949034,
      "mentions": [
        {
          "text": {
            "content": "Kittens",
            "beginOffset": -1
          },
          "type": "COMMON"
        }
      ]
    },
    {
      "name": "age",
      "type": "OTHER",
      "metadata": {},
      "salience": 0.007787473,
      "mentions": [
        {
          "text": {
            "content": "age",
            "beginOffset": -1
          },
          "type": "COMMON"
        }
      ]
    },
    {
      "name": "kittens",
      "type": "PERSON",
      "metadata": {},
      "salience": 0.006128652,
      "mentions": [
        {
          "text": {
            "content": "kittens",
            "beginOffset": -1
          },
          "type": "COMMON"
        }
      ]
    },
    {
      "name": "one",
      "type": "OTHER",
      "metadata": {},
      "salience": 0.0055821603,
      "mentions": [
        {
          "text": {
            "content": "one",
            "beginOffset": -1
          },
          "type": "COMMON"
        }
      ]
    },
    {
      "name": "attention",
      "type": "OTHER",
      "metadata": {},
      "salience": 0.005470231,
      "mentions": [
        {
          "text": {
            "content": "attention",
            "beginOffset": -1
          },
          "type": "COMMON"
        }
      ]
    },
    {
      "name": "resources",
      "type": "OTHER",
      "metadata": {},
      "salience": 0.004918685,
      "mentions": [
        {
          "text": {
            "content": "resources",
            "beginOffset": -1
          },
          "type": "COMMON"
        }
      ]
    },
    {
      "name": "kibbles",
      "type": "OTHER",
      "metadata": {},
      "salience": 0.0049106153,
      "mentions": [
        {
          "text": {
            "content": "kibbles",
            "beginOffset": -1
          },
          "type": "COMMON"
        }
      ]
    },
    {
      "name": "milk",
      "type": "OTHER",
      "metadata": {},
      "salience": 0.0049106153,
      "mentions": [
        {
          "text": {
            "content": "milk",
            "beginOffset": -1
          },
          "type": "COMMON"
        }
      ]
    }
  ],
  "documentSentiment": {
    "magnitude": 5.2,
    "score": 0.3
  },
  "language": "en",
  "categories": []
}
