{
  "sentences": [
    {
      "text": {
        "content": "For Serious and Responsible Adopter Only: -Abandon By Irresponsible Owner.",
        "beginOffset": -1
      },
      "sentiment": {
        "magnitude": 0.9,
        "score": -0.9
      }
    },
    {
      "text": {
        "content": "-Cute, healthy and playful.Very brave jump down from plastic box when try to capture photo.",
        "beginOffset": -1
      },
      "sentiment": {
        "magnitude": 0.7,
        "score": 0.7
      }
    },
    {
      "text": {
        "content": "-Cannot be lock in cage otherwise will cry loudly Irene(Pls call this number first)",
        "beginOffset": -1
      },
      "sentiment": {
        "magnitude": 0.4,
        "score": -0.4
      }
    }
  ],
  "tokens": [],
  "entities": [
    {
      "name": "Serious",
      "type": "OTHER",
      "metadata": {},
      "salience": 0.41033217,
      "mentions": [
        {
          "text": {
            "content": "Serious",
            "beginOffset": -1
          },
          "type": "PROPER"
        }
      ]
    },
    {
      "name": "Responsible Adopter Only: -Abandon By Irresponsible Owner",
      "type": "WORK_OF_ART",
      "metadata": {},
      "salience": 0.16636148,
      "mentions": [
        {
          "text": {
            "content": "Responsible Adopter Only: -Abandon By Irresponsible Owner",
            "beginOffset": -1
          },
          "type": "PROPER"
        }
      ]
    },
    {
      "name": "jump",
      "type": "OTHER",
      "metadata": {},
      "salience": 0.09400727,
      "mentions": [
        {
          "text": {
            "content": "jump",
            "beginOffset": -1
          },
          "type": "COMMON"
        }
      ]
    },
    {
      "name": "box",
      "type": "OTHER",
      "metadata": {},
      "salience": 0.09400727,
      "mentions": [
        {
          "text": {
            "content": "box",
            "beginOffset": -1
          },
          "type": "COMMON"
        }
      ]
    },
    {
      "name": "photo",
      "type": "WORK_OF_ART",
      "metadata": {},
      "salience": 0.08641953,
      "mentions": [
        {
          "text": {
            "content": "photo",
            "beginOffset": -1
          },
          "type": "COMMON"
        }
      ]
    },
    {
      "name": "number",
      "type": "OTHER",
      "metadata": {},
      "salience": 0.04581783,
      "mentions": [
        {
          "text": {
            "content": "number",
            "beginOffset": -1
          },
          "type": "COMMON"
        }
      ]
    },
    {
      "name": "Irene",
      "type": "PERSON",
      "metadata": {},
      "salience": 0.038758937,
      "mentions": [
        {
          "text": {
            "content": "Irene",
            "beginOffset": -1
          },
          "type": "PROPER"
        }
      ]
    },
    {
      "name": "lock",
      "type": "OTHER",
      "metadata": {},
      "salience": 0.03547313,
      "mentions": [
        {
          "text": {
            "content": "lock",
            "beginOffset": -1
          },
          "type": "COMMON"
        }
      ]
    },
    {
      "name": "cage",
      "type": "OTHER",
      "metadata": {},
      "salience": 0.02882239,
      "mentions": [
        {
          "text": {
            "content": "cage",
            "beginOffset": -1
          },
          "type": "COMMON"
        }
      ]
    }
  ],
  "documentSentiment": {
    "magnitude": 2.1,
    "score": -0.2
  },
  "language": "en",
  "categories": []
}
