{
  "sentences": [
    {
      "text": {
        "content": "I was at the mall at Giant supermarket at Alor Setar.",
        "beginOffset": -1
      },
      "sentiment": {
        "magnitude": 0.1,
        "score": 0.1
      }
    },
    {
      "text": {
        "content": "Found this lovely family of mummy with 5-6 kittens, such a beautiful picture :-)",
        "beginOffset": -1
      },
      "sentiment": {
        "magnitude": 0.9,
        "score": 0.9
      }
    },
    {
      "text": {
        "content": "The mummy and all kittens look health and well maintain, I think someone has just drop off this group.",
        "beginOffset": -1
      },
      "sentiment": {
        "magnitude": 0.8,
        "score": 0.8
      }
    },
    {
      "text": {
        "content": "Anyone who is willing to adopt them, I am willing to send them to Penang or somewher along the North South Highway from ALor Setar to Penang.",
        "beginOffset": -1
      },
      "sentiment": {
        "magnitude": 0.1,
        "score": 0.1
      }
    },
    {
      "text": {
        "content": "If you are KL or down south, we could figure out a way to transfer this family or any of the cat/kittens.",
        "beginOffset": -1
      },
      "sentiment": {
        "magnitude": 0.4,
        "score": 0.4
      }
    },
    {
      "text": {
        "content": "Please call me cause I would need to quickly pick them up from the mall.",
        "beginOffset": -1
      },
      "sentiment": {
        "magnitude": 0,
        "score": 0
      }
    },
    {
      "text": {
        "content": "Please call me ASAP at",
        "beginOffset": -1
      },
      "sentiment": {
        "magnitude": 0,
        "score": 0
      }
    }
  ],
  "tokens": [],
  "entities": [
    {
      "name": "mall",
      "type": "LOCATION",
      "metadata": {},
      "salience": 0.17085409,
      "mentions": [
        {
          "text": {
            "content": "mall",
            "beginOffset": -1
          },
          "type": "COMMON"
        }
      ]
    },
    {
      "name": "supermarket",
      "type": "LOCATION",
      "metadata": {},
      "salience": 0.15098563,
      "mentions": [
        {
          "text": {
            "content": "supermarket",
            "beginOffset": -1
          },
          "type": "COMMON"
        }
      ]
    },
    {
      "name": "Alor Setar",
      "type": "LOCATION",
      "metadata": {
        "mid": "/m/04p9tf",
        "wikipedia_url": "https://en.wikipedia.org/wiki/Alor_Setar"
      },
      "salience": 0.10307734,
      "mentions": [
        {
          "text": {
            "content": "Alor Setar",
            "beginOffset": -1
          },
          "type": "PROPER"
        },
        {
          "text": {
            "content": "ALor Setar",
            "beginOffset": -1
          },
          "type": "PROPER"
        }
      ]
    },
    {
      "name": "Giant",
      "type": "ORGANIZATION",
      "metadata": {
        "mid": "/m/0dl2rx",
        "wikipedia_url": "https://en.wikipedia.org/wiki/Giant-Landover"
      },
      "salience": 0.090865195,
      "mentions": [
        {
          "text": {
            "content": "Giant",
            "beginOffset": -1
          },
          "type": "PROPER"
        }
      ]
    },
    {
      "name": "family",
      "type": "PERSON",
      "metadata": {},
      "salience": 0.08413556,
      "mentions": [
        {
          "text": {
            "content": "family",
            "beginOffset": -1
          },
          "type": "COMMON"
        }
      ]
    },
    {
      "name": "Anyone",
      "type": "PERSON",
      "metadata": {},
      "salience": 0.058565866,
      "mentions": [
        {
          "text": {
            "content": "Anyone",
            "beginOffset": -1
          },
          "type": "COMMON"
        }
      ]
    },
    {
      "name": "kittens",
      "type": "PERSON",
      "metadata": {},
      "salience": 0.035384033,
      "mentions": [
        {
          "text": {
            "content": "kittens",
            "beginOffset": -1
          },
          "type": "COMMON"
        }
      ]
    },
    {
      "name": "mummy",
      "type": "OTHER",
      "metadata": {},
      "salience": 0.03229961,
      "mentions": [
        {
          "text": {
            "content": "mummy",
            "beginOffset": -1
          },
          "type": "COMMON"
        }
      ]
    },
    {
      "name": "mummy",
      "type": "OTHER",
      "metadata": {},
      "salience": 0.031365424,
      "mentions": [
        {
          "text": {
            "content": "mummy",
            "beginOffset": -1
          },
          "type": "COMMON"
        }
      ]
    },
    {
      "name": "picture",
      "type": "WORK_OF_ART",
      "metadata": {},
      "salience": 0.028399518,
      "mentions": [
        {
          "text": {
            "content": "picture",
            "beginOffset": -1
          },
          "type": "COMMON"
        }
      ]
    },
    {
      "name": "kittens",
      "type": "PERSON",
      "metadata": {},
      "salience": 0.02382109,
      "mentions": [
        {
          "text": {
            "content": "kittens",
            "beginOffset": -1
          },
          "type": "COMMON"
        }
      ]
    },
    {
      "name": "someone",
      "type": "PERSON",
      "metadata": {},
      "salience": 0.022828419,
      "mentions": [
        {
          "text": {
            "content": "someone",
            "beginOffset": -1
          },
          "type": "COMMON"
        }
      ]
    },
    {
      "name": "somewher",
      "type": "PERSON",
      "metadata": {},
      "salience": 0.020127628,
      "mentions": [
        {
          "text": {
            "content": "somewher",
            "beginOffset": -1
          },
          "type": "COMMON"
        }
      ]
    },
    {
      "name": "group",
      "type": "ORGANIZATION",
      "metadata": {},
      "salience": 0.019341277,
      "mentions": [
        {
          "text": {
            "content": "group",
            "beginOffset": -1
          },
          "type": "COMMON"
        }
      ]
    },
    {
      "name": "health",
      "type": "OTHER",
      "metadata": {},
      "salience": 0.017322132,
      "mentions": [
        {
          "text": {
            "content": "health",
            "beginOffset": -1
          },
          "type": "COMMON"
        }
      ]
    },
    {
      "name": "kittens",
      "type": "PERSON",
      "metadata": {},
      "salience": 0.016597047,
      "mentions": [
        {
          "text": {
            "content": "kittens",
            "beginOffset": -1
          },
          "type": "COMMON"
        }
      ]
    },
    {
      "name": "family",
      "type": "PERSON",
      "metadata": {},
      "salience": 0.0151428,
      "mentions": [
        {
          "text": {
            "content": "family",
            "beginOffset": -1
          },
          "type": "COMMON"
        }
      ]
    },
    {
      "name": "Penang",
      "type": "LOCATION",
      "metadata": {
        "mid": "/m/0g6xq",
        "wikipedia_url": "https://en.wikipedia.org/wiki/Penang"
      },
      "salience": 0.013457296,
      "mentions": [
        {
          "text": {
            "content": "Penang",
            "beginOffset": -1
          },
          "type": "PROPER"
        },
        {
          "text": {
            "content": "Penang",
            "beginOffset": -1
          },
          "type": "PROPER"
        }
      ]
    },
    {
      "name": "any",
      "type": "OTHER",
      "metadata": {},
      "salience": 0.013306035,
      "mentions": [
        {
          "text": {
            "content": "any",
            "beginOffset": -1
          },
          "type": "COMMON"
        }
      ]
    },
    {
      "name": "cat",
      "type": "OTHER",
      "metadata": {},
      "salience": 0.013306035,
      "mentions": [
        {
          "text": {
            "content": "cat",
            "beginOffset": -1
          },
          "type": "COMMON"
        }
      ]
    },
    {
      "name": "mall",
      "type": "LOCATION",
      "metadata": {},
      "salience": 0.010584824,
      "mentions": [
        {
          "text": {
            "content": "mall",
            "beginOffset": -1
          },
          "type": "COMMON"
        }
      ]
    },
    {
      "name": "North South Highway",
      "type": "LOCATION",
      "metadata": {
        "mid": "/g/1q5blh885"
      },
      "salience": 0.0104719065,
      "mentions": [
        {
          "text": {
            "content": "North South Highway",
            "beginOffset": -1
          },
          "type": "PROPER"
        }
      ]
    },
    {
      "name": "way",
      "type": "OTHER",
      "metadata": {},
      "salience": 0.005842396,
      "mentions": [
        {
          "text": {
            "content": "way",
            "beginOffset": -1
          },
          "type": "COMMON"
        }
      ]
    }
  ],
  "documentSentiment": {
    "magnitude": 2.6,
    "score": 0.3
  },
  "language": "en",
  "categories": []
}
