{
  "sentences": [
    {
      "text": {
        "content": "I found her 2 days ago inside 'longkang' during raining.",
        "beginOffset": -1
      },
      "sentiment": {
        "magnitude": 0,
        "score": 0
      }
    },
    {
      "text": {
        "content": "She was cleaned and dewormed.",
        "beginOffset": -1
      },
      "sentiment": {
        "magnitude": 0.2,
        "score": 0.2
      }
    },
    {
      "text": {
        "content": "And ready to be adopted.",
        "beginOffset": -1
      },
      "sentiment": {
        "magnitude": 0,
        "score": 0
      }
    },
    {
      "text": {
        "content": "Her fur wmis soft, short tail and very cute..still trauma probably becase she was dumped without her mother but she started o play with toys and active.",
        "beginOffset": -1
      },
      "sentiment": {
        "magnitude": 0.5,
        "score": 0.5
      }
    }
  ],
  "tokens": [],
  "entities": [
    {
      "name": "fur",
      "type": "OTHER",
      "metadata": {},
      "salience": 0.29336074,
      "mentions": [
        {
          "text": {
            "content": "fur",
            "beginOffset": -1
          },
          "type": "COMMON"
        }
      ]
    },
    {
      "name": "tail",
      "type": "OTHER",
      "metadata": {},
      "salience": 0.2695406,
      "mentions": [
        {
          "text": {
            "content": "tail",
            "beginOffset": -1
          },
          "type": "COMMON"
        }
      ]
    },
    {
      "name": "mother",
      "type": "PERSON",
      "metadata": {},
      "salience": 0.20390244,
      "mentions": [
        {
          "text": {
            "content": "mother",
            "beginOffset": -1
          },
          "type": "COMMON"
        }
      ]
    },
    {
      "name": "toys",
      "type": "CONSUMER_GOOD",
      "metadata": {},
      "salience": 0.14321119,
      "mentions": [
        {
          "text": {
            "content": "toys",
            "beginOffset": -1
          },
          "type": "COMMON"
        }
      ]
    },
    {
      "name": "trauma",
      "type": "OTHER",
      "metadata": {},
      "salience": 0.08998505,
      "mentions": [
        {
          "text": {
            "content": "trauma",
            "beginOffset": -1
          },
          "type": "COMMON"
        }
      ]
    }
  ],
  "documentSentiment": {
    "magnitude": 0.9,
    "score": 0.2
  },
  "language": "en",
  "categories": []
}
