{
  "sentences": [
    {
      "text": {
        "content": "This male puppy born on 16 August .",
        "beginOffset": -1
      },
      "sentiment": {
        "magnitude": 0,
        "score": 0
      }
    },
    {
      "text": {
        "content": "I hope the animal lovers from Kuala Lumpur can help to adopt him and love and care him.",
        "beginOffset": -1
      },
      "sentiment": {
        "magnitude": 0.9,
        "score": 0.9
      }
    }
  ],
  "tokens": [],
  "entities": [
    {
      "name": "puppy",
      "type": "OTHER",
      "metadata": {},
      "salience": 0.6720678,
      "mentions": [
        {
          "text": {
            "content": "puppy",
            "beginOffset": -1
          },
          "type": "COMMON"
        }
      ]
    },
    {
      "name": "animal lovers",
      "type": "PERSON",
      "metadata": {},
      "salience": 0.19125473,
      "mentions": [
        {
          "text": {
            "content": "animal lovers",
            "beginOffset": -1
          },
          "type": "COMMON"
        }
      ]
    },
    {
      "name": "love",
      "type": "OTHER",
      "metadata": {},
      "salience": 0.08067728,
      "mentions": [
        {
          "text": {
            "content": "love",
            "beginOffset": -1
          },
          "type": "COMMON"
        }
      ]
    },
    {
      "name": "Kuala Lumpur",
      "type": "LOCATION",
      "metadata": {
        "mid": "/m/049d1",
        "wikipedia_url": "https://en.wikipedia.org/wiki/Kuala_Lumpur"
      },
      "salience": 0.05600014,
      "mentions": [
        {
          "text": {
            "content": "Kuala Lumpur",
            "beginOffset": -1
          },
          "type": "PROPER"
        }
      ]
    }
  ],
  "documentSentiment": {
    "magnitude": 0.9,
    "score": 0.4
  },
  "language": "en",
  "categories": []
}
