{
  "sentences": [
    {
      "text": {
        "content": "Found this two kitten yestrdy... bath them with thick n flea syampoo and remove 70% of it but still hve some on them...hve to take both together as they are attached to each other",
        "beginOffset": -1
      },
      "sentiment": {
        "magnitude": 0.3,
        "score": -0.3
      }
    }
  ],
  "tokens": [],
  "entities": [
    {
      "name": "some",
      "type": "OTHER",
      "metadata": {},
      "salience": 0.28092992,
      "mentions": [
        {
          "text": {
            "content": "some",
            "beginOffset": -1
          },
          "type": "COMMON"
        }
      ]
    },
    {
      "name": "kitten",
      "type": "PERSON",
      "metadata": {},
      "salience": 0.24179208,
      "mentions": [
        {
          "text": {
            "content": "kitten",
            "beginOffset": -1
          },
          "type": "COMMON"
        }
      ]
    },
    {
      "name": "bath",
      "type": "OTHER",
      "metadata": {},
      "salience": 0.23472722,
      "mentions": [
        {
          "text": {
            "content": "bath",
            "beginOffset": -1
          },
          "type": "COMMON"
        }
      ]
    },
    {
      "name": "70%",
      "type": "OTHER",
      "metadata": {},
      "salience": 0.06988548,
      "mentions": [
        {
          "text": {
            "content": "70%",
            "beginOffset": -1
          },
          "type": "COMMON"
        }
      ]
    },
    {
      "name": "syampoo",
      "type": "PERSON",
      "metadata": {},
      "salience": 0.06906532,
      "mentions": [
        {
          "text": {
            "content": "syampoo",
            "beginOffset": -1
          },
          "type": "COMMON"
        }
      ]
    },
    {
      "name": "flea",
      "type": "OTHER",
      "metadata": {},
      "salience": 0.06906532,
      "mentions": [
        {
          "text": {
            "content": "flea",
            "beginOffset": -1
          },
          "type": "COMMON"
        }
      ]
    },
    {
      "name": "each other",
      "type": "PERSON",
      "metadata": {},
      "salience": 0.034534656,
      "mentions": [
        {
          "text": {
            "content": "each other",
            "beginOffset": -1
          },
          "type": "COMMON"
        }
      ]
    }
  ],
  "documentSentiment": {
    "magnitude": 0.3,
    "score": -0.3
  },
  "language": "en",
  "categories": []
}
