{
  "sentences": [
    {
      "text": {
        "content": "Sudu is sweet, petite loving tabby boy who was rescued from a pet shop who kept him in a rundown cage(corroded and narrow).",
        "beginOffset": -1
      },
      "sentiment": {
        "magnitude": 0.3,
        "score": -0.3
      }
    },
    {
      "text": {
        "content": "He loves to play and cuddles as well.",
        "beginOffset": -1
      },
      "sentiment": {
        "magnitude": 0.9,
        "score": 0.9
      }
    },
    {
      "text": {
        "content": "He has been dewormed, vaccinated and neutered too.",
        "beginOffset": -1
      },
      "sentiment": {
        "magnitude": 0,
        "score": 0
      }
    }
  ],
  "tokens": [],
  "entities": [
    {
      "name": "tabby boy",
      "type": "PERSON",
      "metadata": {},
      "salience": 0.7232625,
      "mentions": [
        {
          "text": {
            "content": "tabby boy",
            "beginOffset": -1
          },
          "type": "COMMON"
        }
      ]
    },
    {
      "name": "Sudu",
      "type": "LOCATION",
      "metadata": {},
      "salience": 0.12037838,
      "mentions": [
        {
          "text": {
            "content": "Sudu",
            "beginOffset": -1
          },
          "type": "PROPER"
        }
      ]
    },
    {
      "name": "pet shop",
      "type": "PERSON",
      "metadata": {},
      "salience": 0.102005504,
      "mentions": [
        {
          "text": {
            "content": "pet shop",
            "beginOffset": -1
          },
          "type": "COMMON"
        }
      ]
    },
    {
      "name": "cage",
      "type": "OTHER",
      "metadata": {},
      "salience": 0.047220644,
      "mentions": [
        {
          "text": {
            "content": "cage",
            "beginOffset": -1
          },
          "type": "COMMON"
        }
      ]
    },
    {
      "name": "cuddles",
      "type": "CONSUMER_GOOD",
      "metadata": {},
      "salience": 0.0071329824,
      "mentions": [
        {
          "text": {
            "content": "cuddles",
            "beginOffset": -1
          },
          "type": "COMMON"
        }
      ]
    }
  ],
  "documentSentiment": {
    "magnitude": 1.3,
    "score": 0.2
  },
  "language": "en",
  "categories": []
}
