{
  "sentences": [
    {
      "text": {
        "content": "Spots the Playful - Body patten akin to a cow - Born and raised at home, never been outdoors - Curious and playful -Loves humans - Falls asleep on you ocassionally",
        "beginOffset": -1
      },
      "sentiment": {
        "magnitude": 0.7,
        "score": 0.7
      }
    }
  ],
  "tokens": [],
  "entities": [
    {
      "name": "Spots",
      "type": "OTHER",
      "metadata": {},
      "salience": 0.45999548,
      "mentions": [
        {
          "text": {
            "content": "Spots",
            "beginOffset": -1
          },
          "type": "COMMON"
        }
      ]
    },
    {
      "name": "Playful - Body",
      "type": "ORGANIZATION",
      "metadata": {},
      "salience": 0.21655902,
      "mentions": [
        {
          "text": {
            "content": "Playful - Body",
            "beginOffset": -1
          },
          "type": "PROPER"
        }
      ]
    },
    {
      "name": "patten",
      "type": "PERSON",
      "metadata": {},
      "salience": 0.14667669,
      "mentions": [
        {
          "text": {
            "content": "patten",
            "beginOffset": -1
          },
          "type": "COMMON"
        }
      ]
    },
    {
      "name": "home",
      "type": "LOCATION",
      "metadata": {},
      "salience": 0.103547215,
      "mentions": [
        {
          "text": {
            "content": "home",
            "beginOffset": -1
          },
          "type": "COMMON"
        }
      ]
    },
    {
      "name": "humans",
      "type": "PERSON",
      "metadata": {},
      "salience": 0.07322159,
      "mentions": [
        {
          "text": {
            "content": "humans",
            "beginOffset": -1
          },
          "type": "COMMON"
        }
      ]
    }
  ],
  "documentSentiment": {
    "magnitude": 0.7,
    "score": 0.7
  },
  "language": "en",
  "categories": []
}
