{
  "sentences": [
    {
      "text": {
        "content": "Me &amp; my sister Baby G looking for home.",
        "beginOffset": -1
      },
      "sentiment": {
        "magnitude": 0.6,
        "score": 0.6
      }
    },
    {
      "text": {
        "content": "We are currently homeless &amp; have to rely on kind souls to feed us.",
        "beginOffset": -1
      },
      "sentiment": {
        "magnitude": 0.4,
        "score": 0.4
      }
    },
    {
      "text": {
        "content": "Sometimes, we didnt eat for a day.",
        "beginOffset": -1
      },
      "sentiment": {
        "magnitude": 0,
        "score": 0
      }
    },
    {
      "text": {
        "content": "You know, there used to be 9 of us, but my baby bro &amp; sis got washed away by heavy rain last week.",
        "beginOffset": -1
      },
      "sentiment": {
        "magnitude": 0.3,
        "score": 0.3
      }
    },
    {
      "text": {
        "content": "Mummy was crying for days.",
        "beginOffset": -1
      },
      "sentiment": {
        "magnitude": 0,
        "score": 0
      }
    },
    {
      "text": {
        "content": "Life goes on....",
        "beginOffset": -1
      },
      "sentiment": {
        "magnitude": 0.1,
        "score": 0.1
      }
    },
    {
      "text": {
        "content": "Luv Baby Boo know us more here : ? set=a..&amp;type=1 woof!",
        "beginOffset": -1
      },
      "sentiment": {
        "magnitude": 0.9,
        "score": 0.9
      }
    }
  ],
  "tokens": [],
  "entities": [
    {
      "name": "sister",
      "type": "PERSON",
      "metadata": {},
      "salience": 0.25720003,
      "mentions": [
        {
          "text": {
            "content": "sister",
            "beginOffset": -1
          },
          "type": "COMMON"
        }
      ]
    },
    {
      "name": "home",
      "type": "LOCATION",
      "metadata": {},
      "salience": 0.25720003,
      "mentions": [
        {
          "text": {
            "content": "home",
            "beginOffset": -1
          },
          "type": "COMMON"
        }
      ]
    },
    {
      "name": "Me & my",
      "type": "ORGANIZATION",
      "metadata": {},
      "salience": 0.17786075,
      "mentions": [
        {
          "text": {
            "content": "Me &amp; my",
            "beginOffset": -1
          },
          "type": "PROPER"
        }
      ]
    },
    {
      "name": "Baby G",
      "type": "PERSON",
      "metadata": {},
      "salience": 0.15730727,
      "mentions": [
        {
          "text": {
            "content": "Baby G",
            "beginOffset": -1
          },
          "type": "PROPER"
        }
      ]
    },
    {
      "name": "souls",
      "type": "PERSON",
      "metadata": {},
      "salience": 0.05001196,
      "mentions": [
        {
          "text": {
            "content": "souls",
            "beginOffset": -1
          },
          "type": "COMMON"
        }
      ]
    },
    {
      "name": "baby bro",
      "type": "PERSON",
      "metadata": {},
      "salience": 0.031243542,
      "mentions": [
        {
          "text": {
            "content": "baby bro",
            "beginOffset": -1
          },
          "type": "COMMON"
        }
      ]
    },
    {
      "name": "sis",
      "type": "OTHER",
      "metadata": {},
      "salience": 0.031243542,
      "mentions": [
        {
          "text": {
            "content": "sis",
            "beginOffset": -1
          },
          "type": "COMMON"
        }
      ]
    },
    {
      "name": "Life goes on",
      "type": "WORK_OF_ART",
      "metadata": {},
      "salience": 0.013911783,
      "mentions": [
        {
          "text": {
            "content": "Life goes on",
            "beginOffset": -1
          },
          "type": "PROPER"
        }
      ]
    },
    {
      "name": "rain",
      "type": "OTHER",
      "metadata": {},
      "salience": 0.0103812935,
      "mentions": [
        {
          "text": {
            "content": "rain",
            "beginOffset": -1
          },
          "type": "COMMON"
        }
      ]
    },
    {
      "name": "Luv Baby Boo",
      "type": "PERSON",
      "metadata": {},
      "salience": 0.007515872,
      "mentions": [
        {
          "text": {
            "content": "Luv Baby Boo",
            "beginOffset": -1
          },
          "type": "PROPER"
        }
      ]
    },
    {
      "name": "Mummy",
      "type": "OTHER",
      "metadata": {},
      "salience": 0.0061239493,
      "mentions": [
        {
          "text": {
            "content": "Mummy",
            "beginOffset": -1
          },
          "type": "PROPER"
        }
      ]
    }
  ],
  "documentSentiment": {
    "magnitude": 2.6,
    "score": 0.3
  },
  "language": "en",
  "categories": []
}
