{
  "sentences": [
    {
      "text": {
        "content": "Ean Ean's was rescued at the UTAR campus, Kampar.",
        "beginOffset": -1
      },
      "sentiment": {
        "magnitude": 0,
        "score": 0
      }
    },
    {
      "text": {
        "content": "Where the dog shooter from the council has been doing the massive shooting of the stray dogs.",
        "beginOffset": -1
      },
      "sentiment": {
        "magnitude": 0.3,
        "score": -0.3
      }
    },
    {
      "text": {
        "content": "Ean Ean's mother was killed.",
        "beginOffset": -1
      },
      "sentiment": {
        "magnitude": 0.3,
        "score": -0.3
      }
    },
    {
      "text": {
        "content": "We managed to rescue her as she was hiding in fear.",
        "beginOffset": -1
      },
      "sentiment": {
        "magnitude": 0.4,
        "score": 0.4
      }
    },
    {
      "text": {
        "content": "Ean Ean is a very pretty dog, she will make a very good companion.",
        "beginOffset": -1
      },
      "sentiment": {
        "magnitude": 0.9,
        "score": 0.9
      }
    },
    {
      "text": {
        "content": "We are looking for a responsibile dog owner for her.",
        "beginOffset": -1
      },
      "sentiment": {
        "magnitude": 0.2,
        "score": 0.2
      }
    },
    {
      "text": {
        "content": "Please do call if you are a good dog owner.",
        "beginOffset": -1
      },
      "sentiment": {
        "magnitude": 0,
        "score": 0
      }
    }
  ],
  "tokens": [],
  "entities": [
    {
      "name": "Ean Ean",
      "type": "PERSON",
      "metadata": {},
      "salience": 0.3055756,
      "mentions": [
        {
          "text": {
            "content": "Ean Ean",
            "beginOffset": -1
          },
          "type": "PROPER"
        },
        {
          "text": {
            "content": "Ean Ean",
            "beginOffset": -1
          },
          "type": "PROPER"
        },
        {
          "text": {
            "content": "Ean Ean",
            "beginOffset": -1
          },
          "type": "PROPER"
        }
      ]
    },
    {
      "name": "campus",
      "type": "LOCATION",
      "metadata": {},
      "salience": 0.15941148,
      "mentions": [
        {
          "text": {
            "content": "campus",
            "beginOffset": -1
          },
          "type": "COMMON"
        }
      ]
    },
    {
      "name": "mother",
      "type": "PERSON",
      "metadata": {},
      "salience": 0.1284373,
      "mentions": [
        {
          "text": {
            "content": "mother",
            "beginOffset": -1
          },
          "type": "COMMON"
        }
      ]
    },
    {
      "name": "UTAR",
      "type": "ORGANIZATION",
      "metadata": {
        "mid": "/m/02829vj",
        "wikipedia_url": "https://en.wikipedia.org/wiki/Universiti_Tunku_Abdul_Rahman"
      },
      "salience": 0.09693746,
      "mentions": [
        {
          "text": {
            "content": "UTAR",
            "beginOffset": -1
          },
          "type": "PROPER"
        }
      ]
    },
    {
      "name": "Kampar",
      "type": "LOCATION",
      "metadata": {
        "wikipedia_url": "https://en.wikipedia.org/wiki/Kampar,_Perak",
        "mid": "/m/0bf2qx"
      },
      "salience": 0.09693746,
      "mentions": [
        {
          "text": {
            "content": "Kampar",
            "beginOffset": -1
          },
          "type": "PROPER"
        }
      ]
    },
    {
      "name": "dog shooter",
      "type": "PERSON",
      "metadata": {},
      "salience": 0.055090997,
      "mentions": [
        {
          "text": {
            "content": "dog shooter",
            "beginOffset": -1
          },
          "type": "COMMON"
        }
      ]
    },
    {
      "name": "dog owner",
      "type": "PERSON",
      "metadata": {},
      "salience": 0.03135976,
      "mentions": [
        {
          "text": {
            "content": "dog owner",
            "beginOffset": -1
          },
          "type": "COMMON"
        }
      ]
    },
    {
      "name": "council",
      "type": "ORGANIZATION",
      "metadata": {},
      "salience": 0.030629598,
      "mentions": [
        {
          "text": {
            "content": "council",
            "beginOffset": -1
          },
          "type": "COMMON"
        }
      ]
    },
    {
      "name": "shooting",
      "type": "EVENT",
      "metadata": {},
      "salience": 0.023588737,
      "mentions": [
        {
          "text": {
            "content": "shooting",
            "beginOffset": -1
          },
          "type": "COMMON"
        }
      ]
    },
    {
      "name": "dogs",
      "type": "OTHER",
      "metadata": {},
      "salience": 0.02074221,
      "mentions": [
        {
          "text": {
            "content": "dogs",
            "beginOffset": -1
          },
          "type": "COMMON"
        }
      ]
    },
    {
      "name": "fear",
      "type": "OTHER",
      "metadata": {},
      "salience": 0.019114433,
      "mentions": [
        {
          "text": {
            "content": "fear",
            "beginOffset": -1
          },
          "type": "COMMON"
        }
      ]
    },
    {
      "name": "dog owner",
      "type": "PERSON",
      "metadata": {},
      "salience": 0.016333528,
      "mentions": [
        {
          "text": {
            "content": "dog owner",
            "beginOffset": -1
          },
          "type": "COMMON"
        }
      ]
    },
    {
      "name": "dog",
      "type": "OTHER",
      "metadata": {},
      "salience": 0.010832418,
      "mentions": [
        {
          "text": {
            "content": "dog",
            "beginOffset": -1
          },
          "type": "COMMON"
        }
      ]
    },
    {
      "name": "companion",
      "type": "OTHER",
      "metadata": {},
      "salience": 0.00500901,
      "mentions": [
        {
          "text": {
            "content": "companion",
            "beginOffset": -1
          },
          "type": "COMMON"
        }
      ]
    }
  ],
  "documentSentiment": {
    "magnitude": 2.5,
    "score": 0.1
  },
  "language": "en",
  "categories": []
}
