{
  "sentences": [
    {
      "text": {
        "content": "Salam After ive posted baby male last night, these are the rest of his siblings which all are females aged 2mths.",
        "beginOffset": -1
      },
      "sentiment": {
        "magnitude": 0.1,
        "score": 0.1
      }
    },
    {
      "text": {
        "content": "To those kind soul who are interested, do sms me @.",
        "beginOffset": -1
      },
      "sentiment": {
        "magnitude": 0,
        "score": 0
      }
    },
    {
      "text": {
        "content": "Thank You",
        "beginOffset": -1
      },
      "sentiment": {
        "magnitude": 0.2,
        "score": 0.2
      }
    }
  ],
  "tokens": [],
  "entities": [
    {
      "name": "Salam",
      "type": "PERSON",
      "metadata": {},
      "salience": 0.42879885,
      "mentions": [
        {
          "text": {
            "content": "Salam",
            "beginOffset": -1
          },
          "type": "PROPER"
        }
      ]
    },
    {
      "name": "females",
      "type": "PERSON",
      "metadata": {},
      "salience": 0.34961137,
      "mentions": [
        {
          "text": {
            "content": "females",
            "beginOffset": -1
          },
          "type": "COMMON"
        }
      ]
    },
    {
      "name": "baby male",
      "type": "PERSON",
      "metadata": {},
      "salience": 0.08045358,
      "mentions": [
        {
          "text": {
            "content": "baby male",
            "beginOffset": -1
          },
          "type": "COMMON"
        }
      ]
    },
    {
      "name": "rest",
      "type": "PERSON",
      "metadata": {},
      "salience": 0.06907226,
      "mentions": [
        {
          "text": {
            "content": "rest",
            "beginOffset": -1
          },
          "type": "COMMON"
        }
      ]
    },
    {
      "name": "siblings",
      "type": "PERSON",
      "metadata": {},
      "salience": 0.05582439,
      "mentions": [
        {
          "text": {
            "content": "siblings",
            "beginOffset": -1
          },
          "type": "COMMON"
        }
      ]
    },
    {
      "name": "soul",
      "type": "OTHER",
      "metadata": {},
      "salience": 0.008355365,
      "mentions": [
        {
          "text": {
            "content": "soul",
            "beginOffset": -1
          },
          "type": "COMMON"
        }
      ]
    },
    {
      "name": "@",
      "type": "OTHER",
      "metadata": {},
      "salience": 0.007884171,
      "mentions": [
        {
          "text": {
            "content": "@",
            "beginOffset": -1
          },
          "type": "PROPER"
        }
      ]
    }
  ],
  "documentSentiment": {
    "magnitude": 0.3,
    "score": 0.1
  },
  "language": "en",
  "categories": []
}
