{
  "sentences": [
    {
      "text": {
        "content": "i'm trying to make haku n my other cats be friend with each other but they just can't stop fighting..my cats seems to be getting very stress especially sam,after haku attacked her.actually haku wants to attack mulan(my 10mth male)but she was near to him.",
        "beginOffset": -1
      },
      "sentiment": {
        "magnitude": 0.3,
        "score": -0.3
      }
    },
    {
      "text": {
        "content": "fee of rm is his medical charge for neutering..(medical report provided) haku is an adorable, sweet and gentle male..love to be cuddle.a bit shy but he loves to b around people.he hate to be left alone..he is almost like a lap cat.. he is ok n very gentle towards kittens but he is aggressive to other adult male cat because i think he want to be dominan.",
        "beginOffset": -1
      },
      "sentiment": {
        "magnitude": 0.8,
        "score": 0.8
      }
    },
    {
      "text": {
        "content": "i really hope to find a good new family for haku who can give him love..home to live in..and can support his medical needs.",
        "beginOffset": -1
      },
      "sentiment": {
        "magnitude": 0.8,
        "score": 0.8
      }
    }
  ],
  "tokens": [],
  "entities": [
    {
      "name": "haku",
      "type": "PERSON",
      "metadata": {},
      "salience": 0.2528181,
      "mentions": [
        {
          "text": {
            "content": "haku",
            "beginOffset": -1
          },
          "type": "PROPER"
        },
        {
          "text": {
            "content": "haku",
            "beginOffset": -1
          },
          "type": "PROPER"
        }
      ]
    },
    {
      "name": "each other",
      "type": "PERSON",
      "metadata": {},
      "salience": 0.21957307,
      "mentions": [
        {
          "text": {
            "content": "each other",
            "beginOffset": -1
          },
          "type": "COMMON"
        }
      ]
    },
    {
      "name": "cats",
      "type": "OTHER",
      "metadata": {},
      "salience": 0.105275914,
      "mentions": [
        {
          "text": {
            "content": "cats",
            "beginOffset": -1
          },
          "type": "COMMON"
        }
      ]
    },
    {
      "name": "friend",
      "type": "PERSON",
      "metadata": {},
      "salience": 0.09304573,
      "mentions": [
        {
          "text": {
            "content": "friend",
            "beginOffset": -1
          },
          "type": "COMMON"
        }
      ]
    },
    {
      "name": "charge",
      "type": "OTHER",
      "metadata": {},
      "salience": 0.06576538,
      "mentions": [
        {
          "text": {
            "content": "fee",
            "beginOffset": -1
          },
          "type": "COMMON"
        },
        {
          "text": {
            "content": "charge",
            "beginOffset": -1
          },
          "type": "COMMON"
        }
      ]
    },
    {
      "name": "cats",
      "type": "OTHER",
      "metadata": {},
      "salience": 0.03429744,
      "mentions": [
        {
          "text": {
            "content": "cats",
            "beginOffset": -1
          },
          "type": "COMMON"
        }
      ]
    },
    {
      "name": "family",
      "type": "PERSON",
      "metadata": {},
      "salience": 0.034111433,
      "mentions": [
        {
          "text": {
            "content": "family",
            "beginOffset": -1
          },
          "type": "COMMON"
        }
      ]
    },
    {
      "name": "stress",
      "type": "OTHER",
      "metadata": {},
      "salience": 0.029459275,
      "mentions": [
        {
          "text": {
            "content": "stress",
            "beginOffset": -1
          },
          "type": "COMMON"
        }
      ]
    },
    {
      "name": "her.",
      "type": "OTHER",
      "metadata": {},
      "salience": 0.029459275,
      "mentions": [
        {
          "text": {
            "content": "her.",
            "beginOffset": -1
          },
          "type": "COMMON"
        }
      ]
    },
    {
      "name": "mulan",
      "type": "OTHER",
      "metadata": {},
      "salience": 0.028405523,
      "mentions": [
        {
          "text": {
            "content": "mulan",
            "beginOffset": -1
          },
          "type": "COMMON"
        }
      ]
    },
    {
      "name": "haku",
      "type": "OTHER",
      "metadata": {},
      "salience": 0.015657997,
      "mentions": [
        {
          "text": {
            "content": "haku",
            "beginOffset": -1
          },
          "type": "COMMON"
        }
      ]
    },
    {
      "name": "male",
      "type": "PERSON",
      "metadata": {},
      "salience": 0.015505303,
      "mentions": [
        {
          "text": {
            "content": "male",
            "beginOffset": -1
          },
          "type": "COMMON"
        }
      ]
    },
    {
      "name": "report",
      "type": "WORK_OF_ART",
      "metadata": {},
      "salience": 0.0097347265,
      "mentions": [
        {
          "text": {
            "content": "report",
            "beginOffset": -1
          },
          "type": "COMMON"
        }
      ]
    },
    {
      "name": "neutering",
      "type": "OTHER",
      "metadata": {},
      "salience": 0.0097347265,
      "mentions": [
        {
          "text": {
            "content": "neutering",
            "beginOffset": -1
          },
          "type": "COMMON"
        }
      ]
    },
    {
      "name": "rm",
      "type": "OTHER",
      "metadata": {},
      "salience": 0.009616116,
      "mentions": [
        {
          "text": {
            "content": "rm",
            "beginOffset": -1
          },
          "type": "COMMON"
        }
      ]
    },
    {
      "name": "b",
      "type": "OTHER",
      "metadata": {},
      "salience": 0.00893406,
      "mentions": [
        {
          "text": {
            "content": "b",
            "beginOffset": -1
          },
          "type": "COMMON"
        }
      ]
    },
    {
      "name": "people.",
      "type": "PERSON",
      "metadata": {},
      "salience": 0.00893406,
      "mentions": [
        {
          "text": {
            "content": "people.",
            "beginOffset": -1
          },
          "type": "COMMON"
        }
      ]
    },
    {
      "name": "cat",
      "type": "OTHER",
      "metadata": {},
      "salience": 0.007667898,
      "mentions": [
        {
          "text": {
            "content": "cat",
            "beginOffset": -1
          },
          "type": "COMMON"
        }
      ]
    },
    {
      "name": "haku",
      "type": "PERSON",
      "metadata": {},
      "salience": 0.0062909336,
      "mentions": [
        {
          "text": {
            "content": "haku",
            "beginOffset": -1
          },
          "type": "COMMON"
        }
      ]
    },
    {
      "name": "home",
      "type": "LOCATION",
      "metadata": {},
      "salience": 0.004694731,
      "mentions": [
        {
          "text": {
            "content": "home",
            "beginOffset": -1
          },
          "type": "COMMON"
        }
      ]
    },
    {
      "name": "needs",
      "type": "OTHER",
      "metadata": {},
      "salience": 0.004694731,
      "mentions": [
        {
          "text": {
            "content": "needs",
            "beginOffset": -1
          },
          "type": "COMMON"
        }
      ]
    },
    {
      "name": "lap cat",
      "type": "OTHER",
      "metadata": {},
      "salience": 0.0033664713,
      "mentions": [
        {
          "text": {
            "content": "lap cat",
            "beginOffset": -1
          },
          "type": "COMMON"
        }
      ]
    },
    {
      "name": "kittens",
      "type": "PERSON",
      "metadata": {},
      "salience": 0.0029571014,
      "mentions": [
        {
          "text": {
            "content": "kittens",
            "beginOffset": -1
          },
          "type": "COMMON"
        }
      ]
    }
  ],
  "documentSentiment": {
    "magnitude": 2,
    "score": 0.4
  },
  "language": "en",
  "categories": []
}
