{
  "sentences": [
    {
      "text": {
        "content": "Litter-trained, always wants to be given love and healthy but she tends to scratch herself around the neck and gives herself wounds.",
        "beginOffset": -1
      },
      "sentiment": {
        "magnitude": 0.6,
        "score": 0.6
      }
    },
    {
      "text": {
        "content": "Her body is fine, it is usually her neck that is affected.",
        "beginOffset": -1
      },
      "sentiment": {
        "magnitude": 0.2,
        "score": 0.2
      }
    },
    {
      "text": {
        "content": "I have brought to several vets multiple times but as it is not an actual sickness, they cannot help.",
        "beginOffset": -1
      },
      "sentiment": {
        "magnitude": 0.6,
        "score": -0.6
      }
    },
    {
      "text": {
        "content": "Her wounds are self-inflicted.",
        "beginOffset": -1
      },
      "sentiment": {
        "magnitude": 0,
        "score": 0
      }
    },
    {
      "text": {
        "content": "Unfortunately, I am not an experienced cat owner and am not able to take care of her as well as I should be.",
        "beginOffset": -1
      },
      "sentiment": {
        "magnitude": 0.6,
        "score": -0.6
      }
    },
    {
      "text": {
        "content": "So I am looking for a cat-lover and someone who is able and willing to take care of her.",
        "beginOffset": -1
      },
      "sentiment": {
        "magnitude": 0.5,
        "score": 0.5
      }
    },
    {
      "text": {
        "content": "Please refer to the photos to see an example of her wound.",
        "beginOffset": -1
      },
      "sentiment": {
        "magnitude": 0.1,
        "score": -0.1
      }
    }
  ],
  "tokens": [],
  "entities": [
    {
      "name": "love",
      "type": "OTHER",
      "metadata": {},
      "salience": 0.19445743,
      "mentions": [
        {
          "text": {
            "content": "love",
            "beginOffset": -1
          },
          "type": "COMMON"
        }
      ]
    },
    {
      "name": "vets",
      "type": "PERSON",
      "metadata": {},
      "salience": 0.16001597,
      "mentions": [
        {
          "text": {
            "content": "vets",
            "beginOffset": -1
          },
          "type": "COMMON"
        }
      ]
    },
    {
      "name": "neck",
      "type": "OTHER",
      "metadata": {},
      "salience": 0.10391406,
      "mentions": [
        {
          "text": {
            "content": "neck",
            "beginOffset": -1
          },
          "type": "COMMON"
        }
      ]
    },
    {
      "name": "neck",
      "type": "OTHER",
      "metadata": {},
      "salience": 0.098430835,
      "mentions": [
        {
          "text": {
            "content": "neck",
            "beginOffset": -1
          },
          "type": "COMMON"
        }
      ]
    },
    {
      "name": "wounds",
      "type": "OTHER",
      "metadata": {},
      "salience": 0.08259565,
      "mentions": [
        {
          "text": {
            "content": "wounds",
            "beginOffset": -1
          },
          "type": "COMMON"
        }
      ]
    },
    {
      "name": "someone",
      "type": "PERSON",
      "metadata": {},
      "salience": 0.08025428,
      "mentions": [
        {
          "text": {
            "content": "someone",
            "beginOffset": -1
          },
          "type": "COMMON"
        }
      ]
    },
    {
      "name": "body",
      "type": "OTHER",
      "metadata": {},
      "salience": 0.050372228,
      "mentions": [
        {
          "text": {
            "content": "body",
            "beginOffset": -1
          },
          "type": "COMMON"
        }
      ]
    },
    {
      "name": "sickness",
      "type": "OTHER",
      "metadata": {},
      "salience": 0.03649519,
      "mentions": [
        {
          "text": {
            "content": "sickness",
            "beginOffset": -1
          },
          "type": "COMMON"
        }
      ]
    },
    {
      "name": "wounds",
      "type": "OTHER",
      "metadata": {},
      "salience": 0.03464087,
      "mentions": [
        {
          "text": {
            "content": "wounds",
            "beginOffset": -1
          },
          "type": "COMMON"
        }
      ]
    },
    {
      "name": "times",
      "type": "EVENT",
      "metadata": {},
      "salience": 0.028227225,
      "mentions": [
        {
          "text": {
            "content": "times",
            "beginOffset": -1
          },
          "type": "COMMON"
        }
      ]
    },
    {
      "name": "cat owner",
      "type": "PERSON",
      "metadata": {},
      "salience": 0.026063941,
      "mentions": [
        {
          "text": {
            "content": "cat owner",
            "beginOffset": -1
          },
          "type": "COMMON"
        }
      ]
    },
    {
      "name": "care",
      "type": "OTHER",
      "metadata": {},
      "salience": 0.025545476,
      "mentions": [
        {
          "text": {
            "content": "care",
            "beginOffset": -1
          },
          "type": "COMMON"
        }
      ]
    },
    {
      "name": "cat-lover",
      "type": "PERSON",
      "metadata": {},
      "salience": 0.022323858,
      "mentions": [
        {
          "text": {
            "content": "cat-lover",
            "beginOffset": -1
          },
          "type": "COMMON"
        }
      ]
    },
    {
      "name": "wound",
      "type": "OTHER",
      "metadata": {},
      "salience": 0.017112197,
      "mentions": [
        {
          "text": {
            "content": "wound",
            "beginOffset": -1
          },
          "type": "COMMON"
        }
      ]
    },
    {
      "name": "example",
      "type": "OTHER",
      "metadata": {},
      "salience": 0.014584098,
      "mentions": [
        {
          "text": {
            "content": "example",
            "beginOffset": -1
          },
          "type": "COMMON"
        }
      ]
    },
    {
      "name": "photos",
      "type": "WORK_OF_ART",
      "metadata": {},
      "salience": 0.013715522,
      "mentions": [
        {
          "text": {
            "content": "photos",
            "beginOffset": -1
          },
          "type": "COMMON"
        }
      ]
    },
    {
      "name": "care",
      "type": "OTHER",
      "metadata": {},
      "salience": 0.011251181,
      "mentions": [
        {
          "text": {
            "content": "care",
            "beginOffset": -1
          },
          "type": "COMMON"
        }
      ]
    }
  ],
  "documentSentiment": {
    "magnitude": 2.7,
    "score": 0
  },
  "language": "en",
  "categories": []
}
