{
  "sentences": [
    {
      "text": {
        "content": "BOD 7/.",
        "beginOffset": -1
      },
      "sentiment": {
        "magnitude": 0.1,
        "score": 0.1
      }
    },
    {
      "text": {
        "content": "Baby of Michi's and Boboi's.",
        "beginOffset": -1
      },
      "sentiment": {
        "magnitude": 0.1,
        "score": 0.1
      }
    },
    {
      "text": {
        "content": "Still with its mother.",
        "beginOffset": -1
      },
      "sentiment": {
        "magnitude": 0.1,
        "score": 0.1
      }
    },
    {
      "text": {
        "content": "Only serious adopter to be considered.",
        "beginOffset": -1
      },
      "sentiment": {
        "magnitude": 0.1,
        "score": 0.1
      }
    }
  ],
  "tokens": [],
  "entities": [
    {
      "name": "BOD 7",
      "type": "OTHER",
      "metadata": {},
      "salience": 0.52354056,
      "mentions": [
        {
          "text": {
            "content": "BOD 7",
            "beginOffset": -1
          },
          "type": "PROPER"
        }
      ]
    },
    {
      "name": "Baby",
      "type": "PERSON",
      "metadata": {},
      "salience": 0.17973709,
      "mentions": [
        {
          "text": {
            "content": "Baby",
            "beginOffset": -1
          },
          "type": "COMMON"
        }
      ]
    },
    {
      "name": "mother",
      "type": "PERSON",
      "metadata": {},
      "salience": 0.114266805,
      "mentions": [
        {
          "text": {
            "content": "mother",
            "beginOffset": -1
          },
          "type": "COMMON"
        }
      ]
    },
    {
      "name": "Michi",
      "type": "PERSON",
      "metadata": {},
      "salience": 0.10851948,
      "mentions": [
        {
          "text": {
            "content": "Michi",
            "beginOffset": -1
          },
          "type": "PROPER"
        }
      ]
    },
    {
      "name": "Boboi",
      "type": "PERSON",
      "metadata": {},
      "salience": 0.07393608,
      "mentions": [
        {
          "text": {
            "content": "Boboi",
            "beginOffset": -1
          },
          "type": "PROPER"
        }
      ]
    }
  ],
  "documentSentiment": {
    "magnitude": 0.4,
    "score": 0.1
  },
  "language": "en",
  "categories": []
}
