{
  "sentences": [
    {
      "text": {
        "content": "JJ IS THE OLDEST AND MOST LOVED CAT IN THE HOUSE.",
        "beginOffset": -1
      },
      "sentiment": {
        "magnitude": 0.6,
        "score": 0.6
      }
    },
    {
      "text": {
        "content": "HE IS EASY TO CARE FOR AND VERY AFFECTIONATE.",
        "beginOffset": -1
      },
      "sentiment": {
        "magnitude": 0.6,
        "score": 0.6
      }
    },
    {
      "text": {
        "content": "JJ WAS ACTUALLY A CAT THAT A FRIEND FOUND WANDERING AT JAYA JUSCO WANGSA MAJU.",
        "beginOffset": -1
      },
      "sentiment": {
        "magnitude": 0.3,
        "score": 0.3
      }
    },
    {
      "text": {
        "content": "HE HAD A COLLAR BUT SINCE THERE WAS NO ADDRESS, HE TOOK HIM HOME AND PASSED JJ TO US.",
        "beginOffset": -1
      },
      "sentiment": {
        "magnitude": 0.4,
        "score": -0.4
      }
    },
    {
      "text": {
        "content": "JJ LIKES TO GO AROUND IN CARS WHICH PROBABLY EXPLAINS HOW HE GOT LOST IN THE FIRST PLACE.",
        "beginOffset": -1
      },
      "sentiment": {
        "magnitude": 0.1,
        "score": -0.1
      }
    },
    {
      "text": {
        "content": "JJ IS LITTER TRAINED, LIKES BATHES AND DOESN'T MIND GETTING HIS NAILS CLIPPED.",
        "beginOffset": -1
      },
      "sentiment": {
        "magnitude": 0,
        "score": 0
      }
    },
    {
      "text": {
        "content": "AN EASY GOING AND LOVABLE CAT.",
        "beginOffset": -1
      },
      "sentiment": {
        "magnitude": 0.7,
        "score": 0.7
      }
    }
  ],
  "tokens": [],
  "entities": [
    {
      "name": "IN THE HOUSE",
      "type": "OTHER",
      "metadata": {},
      "salience": 0.4994356,
      "mentions": [
        {
          "text": {
            "content": "CAT",
            "beginOffset": -1
          },
          "type": "COMMON"
        },
        {
          "text": {
            "content": "IN THE HOUSE",
            "beginOffset": -1
          },
          "type": "PROPER"
        },
        {
          "text": {
            "content": "CAT",
            "beginOffset": -1
          },
          "type": "COMMON"
        },
        {
          "text": {
            "content": "CAT",
            "beginOffset": -1
          },
          "type": "COMMON"
        }
      ]
    },
    {
      "name": "JJ",
      "type": "PERSON",
      "metadata": {},
      "salience": 0.43424895,
      "mentions": [
        {
          "text": {
            "content": "JJ",
            "beginOffset": -1
          },
          "type": "PROPER"
        },
        {
          "text": {
            "content": "JJ",
            "beginOffset": -1
          },
          "type": "PROPER"
        },
        {
          "text": {
            "content": "JJ",
            "beginOffset": -1
          },
          "type": "PROPER"
        },
        {
          "text": {
            "content": "JJ",
            "beginOffset": -1
          },
          "type": "PROPER"
        },
        {
          "text": {
            "content": "JJ",
            "beginOffset": -1
          },
          "type": "PROPER"
        }
      ]
    },
    {
      "name": "COLLAR",
      "type": "CONSUMER_GOOD",
      "metadata": {},
      "salience": 0.006992833,
      "mentions": [
        {
          "text": {
            "content": "COLLAR",
            "beginOffset": -1
          },
          "type": "COMMON"
        }
      ]
    },
    {
      "name": "ADDRESS",
      "type": "OTHER",
      "metadata": {},
      "salience": 0.006992833,
      "mentions": [
        {
          "text": {
            "content": "ADDRESS",
            "beginOffset": -1
          },
          "type": "COMMON"
        }
      ]
    },
    {
      "name": "FRIEND",
      "type": "PERSON",
      "metadata": {},
      "salience": 0.006932165,
      "mentions": [
        {
          "text": {
            "content": "FRIEND",
            "beginOffset": -1
          },
          "type": "COMMON"
        }
      ]
    },
    {
      "name": "HOME",
      "type": "LOCATION",
      "metadata": {},
      "salience": 0.0064188177,
      "mentions": [
        {
          "text": {
            "content": "HOME",
            "beginOffset": -1
          },
          "type": "COMMON"
        }
      ]
    },
    {
      "name": "PLACE",
      "type": "OTHER",
      "metadata": {},
      "salience": 0.0048295767,
      "mentions": [
        {
          "text": {
            "content": "PLACE",
            "beginOffset": -1
          },
          "type": "COMMON"
        }
      ]
    },
    {
      "name": "LITTER",
      "type": "OTHER",
      "metadata": {},
      "salience": 0.0048187943,
      "mentions": [
        {
          "text": {
            "content": "LITTER",
            "beginOffset": -1
          },
          "type": "COMMON"
        }
      ]
    },
    {
      "name": "MIND",
      "type": "OTHER",
      "metadata": {},
      "salience": 0.0048187943,
      "mentions": [
        {
          "text": {
            "content": "MIND",
            "beginOffset": -1
          },
          "type": "COMMON"
        }
      ]
    },
    {
      "name": "WANGSA MAJU",
      "type": "LOCATION",
      "metadata": {
        "mid": "/m/0d0_c7",
        "wikipedia_url": "https://en.wikipedia.org/wiki/Wangsa_Maju"
      },
      "salience": 0.0041064653,
      "mentions": [
        {
          "text": {
            "content": "WANGSA MAJU",
            "beginOffset": -1
          },
          "type": "PROPER"
        }
      ]
    },
    {
      "name": "JUSCO",
      "type": "ORGANIZATION",
      "metadata": {
        "wikipedia_url": "https://en.wikipedia.org/wiki/AEON_(company)",
        "mid": "/m/06y8xb"
      },
      "salience": 0.0041064653,
      "mentions": [
        {
          "text": {
            "content": "JUSCO",
            "beginOffset": -1
          },
          "type": "PROPER"
        }
      ]
    },
    {
      "name": "US",
      "type": "LOCATION",
      "metadata": {
        "mid": "/m/09c7w0",
        "wikipedia_url": "https://en.wikipedia.org/wiki/United_States"
      },
      "salience": 0.004091998,
      "mentions": [
        {
          "text": {
            "content": "US",
            "beginOffset": -1
          },
          "type": "PROPER"
        }
      ]
    },
    {
      "name": "CARS",
      "type": "CONSUMER_GOOD",
      "metadata": {},
      "salience": 0.0040772296,
      "mentions": [
        {
          "text": {
            "content": "CARS",
            "beginOffset": -1
          },
          "type": "COMMON"
        }
      ]
    },
    {
      "name": "NAILS",
      "type": "OTHER",
      "metadata": {},
      "salience": 0.0033761635,
      "mentions": [
        {
          "text": {
            "content": "NAILS",
            "beginOffset": -1
          },
          "type": "COMMON"
        }
      ]
    },
    {
      "name": "DOESN'T",
      "type": "ORGANIZATION",
      "metadata": {},
      "salience": 0.002852089,
      "mentions": [
        {
          "text": {
            "content": "DOESN'T",
            "beginOffset": -1
          },
          "type": "PROPER"
        }
      ]
    },
    {
      "name": "BATHES",
      "type": "OTHER",
      "metadata": {},
      "salience": 0.0019012333,
      "mentions": [
        {
          "text": {
            "content": "BATHES",
            "beginOffset": -1
          },
          "type": "PROPER"
        }
      ]
    }
  ],
  "documentSentiment": {
    "magnitude": 3,
    "score": 0.2
  },
  "language": "en",
  "categories": []
}
