{
  "sentences": [
    {
      "text": {
        "content": "Curly hair, seems to have been lost for quite a while due to the condition of the hair, has a soft bump like thing on the chest",
        "beginOffset": -1
      },
      "sentiment": {
        "magnitude": 0.2,
        "score": -0.2
      }
    }
  ],
  "tokens": [],
  "entities": [
    {
      "name": "hair",
      "type": "OTHER",
      "metadata": {},
      "salience": 0.4806891,
      "mentions": [
        {
          "text": {
            "content": "hair",
            "beginOffset": -1
          },
          "type": "COMMON"
        }
      ]
    },
    {
      "name": "hair",
      "type": "OTHER",
      "metadata": {},
      "salience": 0.13931789,
      "mentions": [
        {
          "text": {
            "content": "hair",
            "beginOffset": -1
          },
          "type": "COMMON"
        }
      ]
    },
    {
      "name": "condition",
      "type": "OTHER",
      "metadata": {},
      "salience": 0.123504475,
      "mentions": [
        {
          "text": {
            "content": "condition",
            "beginOffset": -1
          },
          "type": "COMMON"
        }
      ]
    },
    {
      "name": "bump",
      "type": "OTHER",
      "metadata": {},
      "salience": 0.09461979,
      "mentions": [
        {
          "text": {
            "content": "bump",
            "beginOffset": -1
          },
          "type": "COMMON"
        }
      ]
    },
    {
      "name": "thing",
      "type": "OTHER",
      "metadata": {},
      "salience": 0.09461979,
      "mentions": [
        {
          "text": {
            "content": "thing",
            "beginOffset": -1
          },
          "type": "COMMON"
        }
      ]
    },
    {
      "name": "chest",
      "type": "OTHER",
      "metadata": {},
      "salience": 0.06724897,
      "mentions": [
        {
          "text": {
            "content": "chest",
            "beginOffset": -1
          },
          "type": "COMMON"
        }
      ]
    }
  ],
  "documentSentiment": {
    "magnitude": 0.2,
    "score": -0.2
  },
  "language": "en",
  "categories": []
}
