{
  "sentences": [
    {
      "text": {
        "content": "A nice companion &amp; guard dog, only issue is now I don't time to take good care of her.",
        "beginOffset": -1
      },
      "sentiment": {
        "magnitude": 0.9,
        "score": 0.9
      }
    },
    {
      "text": {
        "content": "Has been neutered.",
        "beginOffset": -1
      },
      "sentiment": {
        "magnitude": 0.2,
        "score": 0.2
      }
    },
    {
      "text": {
        "content": "Has 2 more grooming package worth RM and a good size dog kennel.",
        "beginOffset": -1
      },
      "sentiment": {
        "magnitude": 0.7,
        "score": 0.7
      }
    },
    {
      "text": {
        "content": "The cage is more for her resting corner, door is always open unless the gas delivery man is here.",
        "beginOffset": -1
      },
      "sentiment": {
        "magnitude": 0,
        "score": 0
      }
    }
  ],
  "tokens": [],
  "entities": [
    {
      "name": "guard dog",
      "type": "OTHER",
      "metadata": {},
      "salience": 0.3429002,
      "mentions": [
        {
          "text": {
            "content": "guard dog",
            "beginOffset": -1
          },
          "type": "COMMON"
        }
      ]
    },
    {
      "name": "companion",
      "type": "PERSON",
      "metadata": {},
      "salience": 0.26049015,
      "mentions": [
        {
          "text": {
            "content": "companion",
            "beginOffset": -1
          },
          "type": "COMMON"
        }
      ]
    },
    {
      "name": "issue",
      "type": "OTHER",
      "metadata": {},
      "salience": 0.12595122,
      "mentions": [
        {
          "text": {
            "content": "issue",
            "beginOffset": -1
          },
          "type": "COMMON"
        }
      ]
    },
    {
      "name": "care",
      "type": "OTHER",
      "metadata": {},
      "salience": 0.082403034,
      "mentions": [
        {
          "text": {
            "content": "care",
            "beginOffset": -1
          },
          "type": "COMMON"
        }
      ]
    },
    {
      "name": "grooming package",
      "type": "OTHER",
      "metadata": {},
      "salience": 0.03546021,
      "mentions": [
        {
          "text": {
            "content": "grooming package",
            "beginOffset": -1
          },
          "type": "COMMON"
        }
      ]
    },
    {
      "name": "RM",
      "type": "OTHER",
      "metadata": {},
      "salience": 0.032570887,
      "mentions": [
        {
          "text": {
            "content": "RM",
            "beginOffset": -1
          },
          "type": "COMMON"
        }
      ]
    },
    {
      "name": "dog kennel",
      "type": "OTHER",
      "metadata": {},
      "salience": 0.032570887,
      "mentions": [
        {
          "text": {
            "content": "dog kennel",
            "beginOffset": -1
          },
          "type": "COMMON"
        }
      ]
    },
    {
      "name": "door",
      "type": "OTHER",
      "metadata": {},
      "salience": 0.029449072,
      "mentions": [
        {
          "text": {
            "content": "door",
            "beginOffset": -1
          },
          "type": "COMMON"
        }
      ]
    },
    {
      "name": "resting corner",
      "type": "OTHER",
      "metadata": {},
      "salience": 0.024532167,
      "mentions": [
        {
          "text": {
            "content": "resting corner",
            "beginOffset": -1
          },
          "type": "COMMON"
        }
      ]
    },
    {
      "name": "gas delivery man",
      "type": "PERSON",
      "metadata": {},
      "salience": 0.020680051,
      "mentions": [
        {
          "text": {
            "content": "gas delivery man",
            "beginOffset": -1
          },
          "type": "COMMON"
        }
      ]
    },
    {
      "name": "cage",
      "type": "OTHER",
      "metadata": {},
      "salience": 0.012992113,
      "mentions": [
        {
          "text": {
            "content": "cage",
            "beginOffset": -1
          },
          "type": "COMMON"
        }
      ]
    }
  ],
  "documentSentiment": {
    "magnitude": 1.9,
    "score": 0.4
  },
  "language": "en",
  "categories": []
}
