{
  "sentences": [
    {
      "text": {
        "content": "Milky is one of the rescued pup by Uncle Wong from Ulu Langat.",
        "beginOffset": -1
      },
      "sentiment": {
        "magnitude": 0,
        "score": 0
      }
    },
    {
      "text": {
        "content": "No mama dog is seen.",
        "beginOffset": -1
      },
      "sentiment": {
        "magnitude": 0.3,
        "score": -0.3
      }
    },
    {
      "text": {
        "content": "Milky is super adorable.",
        "beginOffset": -1
      },
      "sentiment": {
        "magnitude": 0.8,
        "score": 0.8
      }
    },
    {
      "text": {
        "content": "Very quiet and love human touch.",
        "beginOffset": -1
      },
      "sentiment": {
        "magnitude": 0.9,
        "score": 0.9
      }
    },
    {
      "text": {
        "content": "Please call up to make appointment.",
        "beginOffset": -1
      },
      "sentiment": {
        "magnitude": 0,
        "score": 0
      }
    },
    {
      "text": {
        "content": "Adopter must be willing to spay and vaccinate the pup.",
        "beginOffset": -1
      },
      "sentiment": {
        "magnitude": 0.1,
        "score": 0.1
      }
    }
  ],
  "tokens": [],
  "entities": [
    {
      "name": "one",
      "type": "OTHER",
      "metadata": {},
      "salience": 0.2962242,
      "mentions": [
        {
          "text": {
            "content": "one",
            "beginOffset": -1
          },
          "type": "COMMON"
        }
      ]
    },
    {
      "name": "pup",
      "type": "OTHER",
      "metadata": {},
      "salience": 0.26891726,
      "mentions": [
        {
          "text": {
            "content": "pup",
            "beginOffset": -1
          },
          "type": "COMMON"
        }
      ]
    },
    {
      "name": "Milky",
      "type": "PERSON",
      "metadata": {},
      "salience": 0.1815234,
      "mentions": [
        {
          "text": {
            "content": "Milky",
            "beginOffset": -1
          },
          "type": "PROPER"
        },
        {
          "text": {
            "content": "Milky",
            "beginOffset": -1
          },
          "type": "PROPER"
        }
      ]
    },
    {
      "name": "Uncle Wong",
      "type": "PERSON",
      "metadata": {},
      "salience": 0.060600325,
      "mentions": [
        {
          "text": {
            "content": "Uncle Wong",
            "beginOffset": -1
          },
          "type": "PROPER"
        }
      ]
    },
    {
      "name": "Ulu Langat",
      "type": "OTHER",
      "metadata": {
        "mid": "/m/043kvy",
        "wikipedia_url": "https://en.wikipedia.org/wiki/Hulu_Langat_District"
      },
      "salience": 0.060600325,
      "mentions": [
        {
          "text": {
            "content": "Ulu Langat",
            "beginOffset": -1
          },
          "type": "PROPER"
        }
      ]
    },
    {
      "name": "mama dog",
      "type": "OTHER",
      "metadata": {},
      "salience": 0.04340646,
      "mentions": [
        {
          "text": {
            "content": "mama dog",
            "beginOffset": -1
          },
          "type": "COMMON"
        }
      ]
    },
    {
      "name": "human touch",
      "type": "OTHER",
      "metadata": {},
      "salience": 0.03303144,
      "mentions": [
        {
          "text": {
            "content": "human touch",
            "beginOffset": -1
          },
          "type": "COMMON"
        }
      ]
    },
    {
      "name": "Adopter",
      "type": "PERSON",
      "metadata": {},
      "salience": 0.028776929,
      "mentions": [
        {
          "text": {
            "content": "Adopter",
            "beginOffset": -1
          },
          "type": "COMMON"
        }
      ]
    },
    {
      "name": "pup",
      "type": "OTHER",
      "metadata": {},
      "salience": 0.018707883,
      "mentions": [
        {
          "text": {
            "content": "pup",
            "beginOffset": -1
          },
          "type": "COMMON"
        }
      ]
    },
    {
      "name": "appointment",
      "type": "OTHER",
      "metadata": {},
      "salience": 0.008211754,
      "mentions": [
        {
          "text": {
            "content": "appointment",
            "beginOffset": -1
          },
          "type": "COMMON"
        }
      ]
    }
  ],
  "documentSentiment": {
    "magnitude": 2.3,
    "score": 0.2
  },
  "language": "en",
  "categories": []
}
