{
  "sentences": [
    {
      "text": {
        "content": "Golden retriever 8months old.Need a loving home Urgently.",
        "beginOffset": -1
      },
      "sentiment": {
        "magnitude": 0,
        "score": 0
      }
    },
    {
      "text": {
        "content": "Comes with one bowl,leach and collar.",
        "beginOffset": -1
      },
      "sentiment": {
        "magnitude": 0.2,
        "score": 0.2
      }
    }
  ],
  "tokens": [],
  "entities": [
    {
      "name": "retriever",
      "type": "OTHER",
      "metadata": {},
      "salience": 0.6587211,
      "mentions": [
        {
          "text": {
            "content": "retriever",
            "beginOffset": -1
          },
          "type": "COMMON"
        }
      ]
    },
    {
      "name": "home",
      "type": "LOCATION",
      "metadata": {},
      "salience": 0.18091059,
      "mentions": [
        {
          "text": {
            "content": "home",
            "beginOffset": -1
          },
          "type": "COMMON"
        }
      ]
    },
    {
      "name": "leach",
      "type": "PERSON",
      "metadata": {},
      "salience": 0.07453029,
      "mentions": [
        {
          "text": {
            "content": "leach",
            "beginOffset": -1
          },
          "type": "COMMON"
        }
      ]
    },
    {
      "name": "collar",
      "type": "CONSUMER_GOOD",
      "metadata": {},
      "salience": 0.052621204,
      "mentions": [
        {
          "text": {
            "content": "collar",
            "beginOffset": -1
          },
          "type": "COMMON"
        }
      ]
    },
    {
      "name": "bowl",
      "type": "OTHER",
      "metadata": {},
      "salience": 0.033216808,
      "mentions": [
        {
          "text": {
            "content": "bowl",
            "beginOffset": -1
          },
          "type": "COMMON"
        }
      ]
    }
  ],
  "documentSentiment": {
    "magnitude": 0.2,
    "score": 0.1
  },
  "language": "en",
  "categories": []
}
