{
  "sentences": [
    {
      "text": {
        "content": "Rocky is a rescue dog.",
        "beginOffset": -1
      },
      "sentiment": {
        "magnitude": 0,
        "score": 0
      }
    },
    {
      "text": {
        "content": "NOT IN HURRY TO LET GO UNTIL I FIND A SUITABLE HOME FOR HIM.",
        "beginOffset": -1
      },
      "sentiment": {
        "magnitude": 0.2,
        "score": -0.2
      }
    },
    {
      "text": {
        "content": "He is playful yet loyal, he follows the security guard and listen to his instruction, Rocky understands commands like sit and down.",
        "beginOffset": -1
      },
      "sentiment": {
        "magnitude": 0.7,
        "score": 0.7
      }
    },
    {
      "text": {
        "content": "RM is collected for the neutering and vaccination.",
        "beginOffset": -1
      },
      "sentiment": {
        "magnitude": 0,
        "score": 0
      }
    }
  ],
  "tokens": [],
  "entities": [
    {
      "name": "Rocky",
      "type": "PERSON",
      "metadata": {
        "mid": "/m/02pwtfl",
        "wikipedia_url": "https://en.wikipedia.org/wiki/Rocky_(film_series)"
      },
      "salience": 0.5747263,
      "mentions": [
        {
          "text": {
            "content": "Rocky",
            "beginOffset": -1
          },
          "type": "PROPER"
        },
        {
          "text": {
            "content": "Rocky",
            "beginOffset": -1
          },
          "type": "PROPER"
        }
      ]
    },
    {
      "name": "rescue dog",
      "type": "OTHER",
      "metadata": {},
      "salience": 0.27247205,
      "mentions": [
        {
          "text": {
            "content": "rescue dog",
            "beginOffset": -1
          },
          "type": "COMMON"
        }
      ]
    },
    {
      "name": "HOME",
      "type": "OTHER",
      "metadata": {},
      "salience": 0.04550401,
      "mentions": [
        {
          "text": {
            "content": "HOME",
            "beginOffset": -1
          },
          "type": "COMMON"
        }
      ]
    },
    {
      "name": "security guard",
      "type": "PERSON",
      "metadata": {},
      "salience": 0.026897978,
      "mentions": [
        {
          "text": {
            "content": "security guard",
            "beginOffset": -1
          },
          "type": "COMMON"
        }
      ]
    },
    {
      "name": "sit",
      "type": "OTHER",
      "metadata": {},
      "salience": 0.020574812,
      "mentions": [
        {
          "text": {
            "content": "sit",
            "beginOffset": -1
          },
          "type": "COMMON"
        }
      ]
    },
    {
      "name": "neutering",
      "type": "OTHER",
      "metadata": {},
      "salience": 0.0143857915,
      "mentions": [
        {
          "text": {
            "content": "neutering",
            "beginOffset": -1
          },
          "type": "COMMON"
        }
      ]
    },
    {
      "name": "vaccination",
      "type": "OTHER",
      "metadata": {},
      "salience": 0.0143857915,
      "mentions": [
        {
          "text": {
            "content": "vaccination",
            "beginOffset": -1
          },
          "type": "COMMON"
        }
      ]
    },
    {
      "name": "RM",
      "type": "LOCATION",
      "metadata": {},
      "salience": 0.012926926,
      "mentions": [
        {
          "text": {
            "content": "RM",
            "beginOffset": -1
          },
          "type": "PROPER"
        }
      ]
    },
    {
      "name": "instruction",
      "type": "OTHER",
      "metadata": {},
      "salience": 0.0090631815,
      "mentions": [
        {
          "text": {
            "content": "instruction",
            "beginOffset": -1
          },
          "type": "COMMON"
        }
      ]
    },
    {
      "name": "commands",
      "type": "OTHER",
      "metadata": {},
      "salience": 0.0090631815,
      "mentions": [
        {
          "text": {
            "content": "commands",
            "beginOffset": -1
          },
          "type": "COMMON"
        }
      ]
    }
  ],
  "documentSentiment": {
    "magnitude": 1.1,
    "score": 0.1
  },
  "language": "en",
  "categories": []
}
