{
  "sentences": [
    {
      "text": {
        "content": "nana are active,like to play,now are looking for a good home.",
        "beginOffset": -1
      },
      "sentiment": {
        "magnitude": 0.8,
        "score": 0.8
      }
    },
    {
      "text": {
        "content": "now i put nana in adopted again.",
        "beginOffset": -1
      },
      "sentiment": {
        "magnitude": 0,
        "score": 0
      }
    },
    {
      "text": {
        "content": "coz last adopter the housemate not allow , nana now still with me, if possible just give me a call.first come first sever.",
        "beginOffset": -1
      },
      "sentiment": {
        "magnitude": 0.3,
        "score": 0.3
      }
    },
    {
      "text": {
        "content": "thanks.",
        "beginOffset": -1
      },
      "sentiment": {
        "magnitude": 0.2,
        "score": 0.2
      }
    }
  ],
  "tokens": [],
  "entities": [
    {
      "name": "nana",
      "type": "LOCATION",
      "metadata": {},
      "salience": 0.5343572,
      "mentions": [
        {
          "text": {
            "content": "nana",
            "beginOffset": -1
          },
          "type": "COMMON"
        }
      ]
    },
    {
      "name": "home",
      "type": "LOCATION",
      "metadata": {},
      "salience": 0.13094893,
      "mentions": [
        {
          "text": {
            "content": "home",
            "beginOffset": -1
          },
          "type": "COMMON"
        }
      ]
    },
    {
      "name": "housemate",
      "type": "PERSON",
      "metadata": {},
      "salience": 0.11488267,
      "mentions": [
        {
          "text": {
            "content": "housemate",
            "beginOffset": -1
          },
          "type": "COMMON"
        }
      ]
    },
    {
      "name": "nana",
      "type": "LOCATION",
      "metadata": {},
      "salience": 0.07982929,
      "mentions": [
        {
          "text": {
            "content": "nana",
            "beginOffset": -1
          },
          "type": "COMMON"
        }
      ]
    },
    {
      "name": "nana",
      "type": "LOCATION",
      "metadata": {},
      "salience": 0.07392783,
      "mentions": [
        {
          "text": {
            "content": "nana",
            "beginOffset": -1
          },
          "type": "COMMON"
        }
      ]
    },
    {
      "name": "call.",
      "type": "OTHER",
      "metadata": {},
      "salience": 0.034491543,
      "mentions": [
        {
          "text": {
            "content": "call.",
            "beginOffset": -1
          },
          "type": "COMMON"
        }
      ]
    },
    {
      "name": "thanks",
      "type": "OTHER",
      "metadata": {},
      "salience": 0.03156254,
      "mentions": [
        {
          "text": {
            "content": "thanks",
            "beginOffset": -1
          },
          "type": "COMMON"
        }
      ]
    }
  ],
  "documentSentiment": {
    "magnitude": 1.4,
    "score": 0.3
  },
  "language": "en",
  "categories": []
}
