{
  "sentences": [
    {
      "text": {
        "content": "A mischievious little boy.",
        "beginOffset": -1
      },
      "sentiment": {
        "magnitude": 0.1,
        "score": 0.1
      }
    },
    {
      "text": {
        "content": "He's a sweet little playful boy.",
        "beginOffset": -1
      },
      "sentiment": {
        "magnitude": 0.7,
        "score": 0.7
      }
    },
    {
      "text": {
        "content": "ps : we prefer to have our puppies to be adopted by families",
        "beginOffset": -1
      },
      "sentiment": {
        "magnitude": 0.1,
        "score": 0.1
      }
    }
  ],
  "tokens": [],
  "entities": [
    {
      "name": "boy",
      "type": "PERSON",
      "metadata": {},
      "salience": 0.9443,
      "mentions": [
        {
          "text": {
            "content": "boy",
            "beginOffset": -1
          },
          "type": "COMMON"
        },
        {
          "text": {
            "content": "boy",
            "beginOffset": -1
          },
          "type": "COMMON"
        }
      ]
    },
    {
      "name": "puppies",
      "type": "OTHER",
      "metadata": {},
      "salience": 0.032519374,
      "mentions": [
        {
          "text": {
            "content": "puppies",
            "beginOffset": -1
          },
          "type": "COMMON"
        }
      ]
    },
    {
      "name": "families",
      "type": "PERSON",
      "metadata": {},
      "salience": 0.023180611,
      "mentions": [
        {
          "text": {
            "content": "families",
            "beginOffset": -1
          },
          "type": "COMMON"
        }
      ]
    }
  ],
  "documentSentiment": {
    "magnitude": 1,
    "score": 0.3
  },
  "language": "en",
  "categories": []
}
