{
  "sentences": [
    {
      "text": {
        "content": "I love puteh so much but I can't keep her for long time because I have to move out to rent another house with friend so I am very sad cannot bring her to stay with me together.",
        "beginOffset": -1
      },
      "sentiment": {
        "magnitude": 0,
        "score": 0
      }
    },
    {
      "text": {
        "content": "It's a problem that my housemate not allow me to keep puteh indoor because they have allergic and don't like cat.",
        "beginOffset": -1
      },
      "sentiment": {
        "magnitude": 0.8,
        "score": -0.8
      }
    },
    {
      "text": {
        "content": "I wish that puteh will find a good new owner for take care of her and give her with hug and love.",
        "beginOffset": -1
      },
      "sentiment": {
        "magnitude": 0.9,
        "score": 0.9
      }
    },
    {
      "text": {
        "content": "If you love to adopt puteh, please keep her indoor forever and not cage her or oudoor and don't sent her to boarding because I never keep her there.",
        "beginOffset": -1
      },
      "sentiment": {
        "magnitude": 0.5,
        "score": -0.5
      }
    },
    {
      "text": {
        "content": "Please make sure that you will love her much with care and never hurt her.",
        "beginOffset": -1
      },
      "sentiment": {
        "magnitude": 0.7,
        "score": 0.7
      }
    },
    {
      "text": {
        "content": "Puteh is a good girl and really understand me when I talk to her do not touch anything.",
        "beginOffset": -1
      },
      "sentiment": {
        "magnitude": 0.5,
        "score": -0.5
      }
    },
    {
      "text": {
        "content": "Puteh love sleep with me and playing her toys.",
        "beginOffset": -1
      },
      "sentiment": {
        "magnitude": 0.8,
        "score": 0.8
      }
    },
    {
      "text": {
        "content": "Puteh love eat royal canin.",
        "beginOffset": -1
      },
      "sentiment": {
        "magnitude": 0.7,
        "score": 0.7
      }
    },
    {
      "text": {
        "content": "If you want adopt her, I will give all everything puteh to you.",
        "beginOffset": -1
      },
      "sentiment": {
        "magnitude": 0.4,
        "score": 0.4
      }
    }
  ],
  "tokens": [],
  "entities": [
    {
      "name": "owner",
      "type": "PERSON",
      "metadata": {},
      "salience": 0.38486004,
      "mentions": [
        {
          "text": {
            "content": "owner",
            "beginOffset": -1
          },
          "type": "COMMON"
        }
      ]
    },
    {
      "name": "house",
      "type": "LOCATION",
      "metadata": {},
      "salience": 0.1363854,
      "mentions": [
        {
          "text": {
            "content": "house",
            "beginOffset": -1
          },
          "type": "COMMON"
        }
      ]
    },
    {
      "name": "Puteh",
      "type": "PERSON",
      "metadata": {},
      "salience": 0.072514676,
      "mentions": [
        {
          "text": {
            "content": "Puteh",
            "beginOffset": -1
          },
          "type": "PROPER"
        }
      ]
    },
    {
      "name": "problem",
      "type": "OTHER",
      "metadata": {},
      "salience": 0.06776848,
      "mentions": [
        {
          "text": {
            "content": "problem",
            "beginOffset": -1
          },
          "type": "COMMON"
        }
      ]
    },
    {
      "name": "friend",
      "type": "PERSON",
      "metadata": {},
      "salience": 0.046198618,
      "mentions": [
        {
          "text": {
            "content": "friend",
            "beginOffset": -1
          },
          "type": "COMMON"
        }
      ]
    },
    {
      "name": "housemate",
      "type": "PERSON",
      "metadata": {},
      "salience": 0.03357056,
      "mentions": [
        {
          "text": {
            "content": "housemate",
            "beginOffset": -1
          },
          "type": "COMMON"
        }
      ]
    },
    {
      "name": "puteh",
      "type": "OTHER",
      "metadata": {},
      "salience": 0.022505788,
      "mentions": [
        {
          "text": {
            "content": "puteh",
            "beginOffset": -1
          },
          "type": "COMMON"
        }
      ]
    },
    {
      "name": "puteh",
      "type": "PERSON",
      "metadata": {},
      "salience": 0.019257607,
      "mentions": [
        {
          "text": {
            "content": "puteh",
            "beginOffset": -1
          },
          "type": "COMMON"
        }
      ]
    },
    {
      "name": "Puteh",
      "type": "OTHER",
      "metadata": {},
      "salience": 0.018897941,
      "mentions": [
        {
          "text": {
            "content": "Puteh",
            "beginOffset": -1
          },
          "type": "PROPER"
        },
        {
          "text": {
            "content": "Puteh",
            "beginOffset": -1
          },
          "type": "PROPER"
        }
      ]
    },
    {
      "name": "take care",
      "type": "OTHER",
      "metadata": {},
      "salience": 0.017238192,
      "mentions": [
        {
          "text": {
            "content": "take care",
            "beginOffset": -1
          },
          "type": "COMMON"
        }
      ]
    },
    {
      "name": "love",
      "type": "OTHER",
      "metadata": {},
      "salience": 0.017238192,
      "mentions": [
        {
          "text": {
            "content": "love",
            "beginOffset": -1
          },
          "type": "COMMON"
        }
      ]
    },
    {
      "name": "cat",
      "type": "OTHER",
      "metadata": {},
      "salience": 0.016587267,
      "mentions": [
        {
          "text": {
            "content": "cat",
            "beginOffset": -1
          },
          "type": "COMMON"
        }
      ]
    },
    {
      "name": "indoor",
      "type": "OTHER",
      "metadata": {},
      "salience": 0.015763324,
      "mentions": [
        {
          "text": {
            "content": "indoor",
            "beginOffset": -1
          },
          "type": "COMMON"
        }
      ]
    },
    {
      "name": "hug",
      "type": "OTHER",
      "metadata": {},
      "salience": 0.015145985,
      "mentions": [
        {
          "text": {
            "content": "hug",
            "beginOffset": -1
          },
          "type": "COMMON"
        }
      ]
    },
    {
      "name": "oudoor",
      "type": "OTHER",
      "metadata": {},
      "salience": 0.0138495695,
      "mentions": [
        {
          "text": {
            "content": "oudoor",
            "beginOffset": -1
          },
          "type": "COMMON"
        }
      ]
    },
    {
      "name": "boarding",
      "type": "EVENT",
      "metadata": {},
      "salience": 0.0138495695,
      "mentions": [
        {
          "text": {
            "content": "boarding",
            "beginOffset": -1
          },
          "type": "COMMON"
        }
      ]
    },
    {
      "name": "cage",
      "type": "OTHER",
      "metadata": {},
      "salience": 0.0138495695,
      "mentions": [
        {
          "text": {
            "content": "cage",
            "beginOffset": -1
          },
          "type": "COMMON"
        }
      ]
    },
    {
      "name": "girl",
      "type": "PERSON",
      "metadata": {},
      "salience": 0.0132822925,
      "mentions": [
        {
          "text": {
            "content": "girl",
            "beginOffset": -1
          },
          "type": "COMMON"
        }
      ]
    },
    {
      "name": "sleep",
      "type": "OTHER",
      "metadata": {},
      "salience": 0.011026089,
      "mentions": [
        {
          "text": {
            "content": "sleep",
            "beginOffset": -1
          },
          "type": "COMMON"
        }
      ]
    },
    {
      "name": "anything",
      "type": "OTHER",
      "metadata": {},
      "salience": 0.0103886565,
      "mentions": [
        {
          "text": {
            "content": "anything",
            "beginOffset": -1
          },
          "type": "COMMON"
        }
      ]
    },
    {
      "name": "love",
      "type": "OTHER",
      "metadata": {},
      "salience": 0.008250557,
      "mentions": [
        {
          "text": {
            "content": "love",
            "beginOffset": -1
          },
          "type": "COMMON"
        }
      ]
    },
    {
      "name": "puteh",
      "type": "OTHER",
      "metadata": {},
      "salience": 0.00824163,
      "mentions": [
        {
          "text": {
            "content": "puteh",
            "beginOffset": -1
          },
          "type": "COMMON"
        }
      ]
    },
    {
      "name": "everything",
      "type": "OTHER",
      "metadata": {},
      "salience": 0.0073264795,
      "mentions": [
        {
          "text": {
            "content": "everything",
            "beginOffset": -1
          },
          "type": "COMMON"
        }
      ]
    },
    {
      "name": "canin",
      "type": "OTHER",
      "metadata": {},
      "salience": 0.0072474196,
      "mentions": [
        {
          "text": {
            "content": "canin",
            "beginOffset": -1
          },
          "type": "COMMON"
        }
      ]
    },
    {
      "name": "care",
      "type": "OTHER",
      "metadata": {},
      "salience": 0.0052000154,
      "mentions": [
        {
          "text": {
            "content": "care",
            "beginOffset": -1
          },
          "type": "COMMON"
        }
      ]
    },
    {
      "name": "toys",
      "type": "CONSUMER_GOOD",
      "metadata": {},
      "salience": 0.0035560923,
      "mentions": [
        {
          "text": {
            "content": "toys",
            "beginOffset": -1
          },
          "type": "COMMON"
        }
      ]
    }
  ],
  "documentSentiment": {
    "magnitude": 5.7,
    "score": 0.2
  },
  "language": "en",
  "categories": []
}
