{
  "sentences": [
    {
      "text": {
        "content": "This cat is open for adoption.Well groomed.Anything pls contact me at.Thanks.",
        "beginOffset": -1
      },
      "sentiment": {
        "magnitude": 0.6,
        "score": 0.6
      }
    }
  ],
  "tokens": [],
  "entities": [
    {
      "name": "cat",
      "type": "OTHER",
      "metadata": {},
      "salience": 0.71317065,
      "mentions": [
        {
          "text": {
            "content": "cat",
            "beginOffset": -1
          },
          "type": "COMMON"
        }
      ]
    },
    {
      "name": "Anything",
      "type": "OTHER",
      "metadata": {},
      "salience": 0.19513053,
      "mentions": [
        {
          "text": {
            "content": "Anything",
            "beginOffset": -1
          },
          "type": "COMMON"
        }
      ]
    },
    {
      "name": "at.Thanks",
      "type": "OTHER",
      "metadata": {},
      "salience": 0.091698825,
      "mentions": [
        {
          "text": {
            "content": "at.Thanks",
            "beginOffset": -1
          },
          "type": "PROPER"
        }
      ]
    }
  ],
  "documentSentiment": {
    "magnitude": 0.6,
    "score": 0.6
  },
  "language": "en",
  "categories": []
}
