{
  "sentences": [
    {
      "text": {
        "content": "These 4 pups were rescued from an apartment block.",
        "beginOffset": -1
      },
      "sentiment": {
        "magnitude": 0.2,
        "score": 0.2
      }
    },
    {
      "text": {
        "content": "They were being abused by some residents in that area.",
        "beginOffset": -1
      },
      "sentiment": {
        "magnitude": 0.3,
        "score": -0.3
      }
    },
    {
      "text": {
        "content": "They are temporarily kept in a vet's kennel.",
        "beginOffset": -1
      },
      "sentiment": {
        "magnitude": 0.2,
        "score": -0.2
      }
    },
    {
      "text": {
        "content": "They have been vaccinated and dewormed.",
        "beginOffset": -1
      },
      "sentiment": {
        "magnitude": 0,
        "score": 0
      }
    },
    {
      "text": {
        "content": "Treated for fleas.",
        "beginOffset": -1
      },
      "sentiment": {
        "magnitude": 0.9,
        "score": -0.9
      }
    },
    {
      "text": {
        "content": "They are all healthy.",
        "beginOffset": -1
      },
      "sentiment": {
        "magnitude": 0,
        "score": 0
      }
    },
    {
      "text": {
        "content": "Please help me.",
        "beginOffset": -1
      },
      "sentiment": {
        "magnitude": 0,
        "score": 0
      }
    },
    {
      "text": {
        "content": "I need to give them to good homes.",
        "beginOffset": -1
      },
      "sentiment": {
        "magnitude": 0.4,
        "score": 0.4
      }
    },
    {
      "text": {
        "content": "They deserve it.",
        "beginOffset": -1
      },
      "sentiment": {
        "magnitude": 0.5,
        "score": 0.5
      }
    },
    {
      "text": {
        "content": "Thanks.",
        "beginOffset": -1
      },
      "sentiment": {
        "magnitude": 0.1,
        "score": 0.1
      }
    }
  ],
  "tokens": [],
  "entities": [
    {
      "name": "pups",
      "type": "PERSON",
      "metadata": {},
      "salience": 0.5739921,
      "mentions": [
        {
          "text": {
            "content": "pups",
            "beginOffset": -1
          },
          "type": "COMMON"
        }
      ]
    },
    {
      "name": "apartment block",
      "type": "LOCATION",
      "metadata": {},
      "salience": 0.23059614,
      "mentions": [
        {
          "text": {
            "content": "apartment block",
            "beginOffset": -1
          },
          "type": "COMMON"
        }
      ]
    },
    {
      "name": "residents",
      "type": "PERSON",
      "metadata": {},
      "salience": 0.045192227,
      "mentions": [
        {
          "text": {
            "content": "residents",
            "beginOffset": -1
          },
          "type": "COMMON"
        }
      ]
    },
    {
      "name": "kennel",
      "type": "LOCATION",
      "metadata": {},
      "salience": 0.030873468,
      "mentions": [
        {
          "text": {
            "content": "kennel",
            "beginOffset": -1
          },
          "type": "COMMON"
        }
      ]
    },
    {
      "name": "vet",
      "type": "PERSON",
      "metadata": {},
      "salience": 0.030873468,
      "mentions": [
        {
          "text": {
            "content": "vet",
            "beginOffset": -1
          },
          "type": "COMMON"
        }
      ]
    },
    {
      "name": "area",
      "type": "LOCATION",
      "metadata": {},
      "salience": 0.030650958,
      "mentions": [
        {
          "text": {
            "content": "area",
            "beginOffset": -1
          },
          "type": "COMMON"
        }
      ]
    },
    {
      "name": "fleas",
      "type": "OTHER",
      "metadata": {},
      "salience": 0.028176045,
      "mentions": [
        {
          "text": {
            "content": "fleas",
            "beginOffset": -1
          },
          "type": "COMMON"
        }
      ]
    },
    {
      "name": "homes",
      "type": "LOCATION",
      "metadata": {},
      "salience": 0.014843053,
      "mentions": [
        {
          "text": {
            "content": "homes",
            "beginOffset": -1
          },
          "type": "COMMON"
        }
      ]
    },
    {
      "name": "Thanks",
      "type": "OTHER",
      "metadata": {},
      "salience": 0.014802552,
      "mentions": [
        {
          "text": {
            "content": "Thanks",
            "beginOffset": -1
          },
          "type": "COMMON"
        }
      ]
    }
  ],
  "documentSentiment": {
    "magnitude": 2.9,
    "score": 0
  },
  "language": "en",
  "categories": []
}
