{
  "sentences": [
    {
      "text": {
        "content": "BRUNO IS A BEAUTIFUL TRI-COLOURED BABY THAT WAS RESCUED A MONTH A GO WHEN SOMEONE WIRED HIS MOUTH SISTER, LILY, OF SIMILAR COLOUR IS ALSO AVAILABLE PLEASE CAL BRUNO NEEDS A URGENT HOME",
        "beginOffset": -1
      },
      "sentiment": {
        "magnitude": 0.3,
        "score": -0.3
      }
    }
  ],
  "tokens": [],
  "entities": [
    {
      "name": "SOMEONE",
      "type": "PERSON",
      "metadata": {},
      "salience": 0.3492709,
      "mentions": [
        {
          "text": {
            "content": "SOMEONE",
            "beginOffset": -1
          },
          "type": "COMMON"
        }
      ]
    },
    {
      "name": "LILY",
      "type": "PERSON",
      "metadata": {},
      "salience": 0.28930068,
      "mentions": [
        {
          "text": {
            "content": "MOUTH SISTER",
            "beginOffset": -1
          },
          "type": "COMMON"
        },
        {
          "text": {
            "content": "LILY",
            "beginOffset": -1
          },
          "type": "PROPER"
        }
      ]
    },
    {
      "name": "BABY",
      "type": "PERSON",
      "metadata": {},
      "salience": 0.25118986,
      "mentions": [
        {
          "text": {
            "content": "BABY",
            "beginOffset": -1
          },
          "type": "COMMON"
        }
      ]
    },
    {
      "name": "HOME",
      "type": "OTHER",
      "metadata": {},
      "salience": 0.06336678,
      "mentions": [
        {
          "text": {
            "content": "HOME",
            "beginOffset": -1
          },
          "type": "COMMON"
        }
      ]
    },
    {
      "name": "COLOUR",
      "type": "OTHER",
      "metadata": {},
      "salience": 0.046871766,
      "mentions": [
        {
          "text": {
            "content": "COLOUR",
            "beginOffset": -1
          },
          "type": "COMMON"
        }
      ]
    }
  ],
  "documentSentiment": {
    "magnitude": 0.3,
    "score": -0.3
  },
  "language": "en",
  "categories": []
}
