{
  "sentences": [
    {
      "text": {
        "content": "Mookie is lovely cat.",
        "beginOffset": -1
      },
      "sentiment": {
        "magnitude": 0.7,
        "score": 0.7
      }
    },
    {
      "text": {
        "content": "Love to play with human.",
        "beginOffset": -1
      },
      "sentiment": {
        "magnitude": 0.8,
        "score": 0.8
      }
    },
    {
      "text": {
        "content": "Healthy and playful.",
        "beginOffset": -1
      },
      "sentiment": {
        "magnitude": 0.9,
        "score": 0.9
      }
    },
    {
      "text": {
        "content": "If you willing to adopt her, please whatsApp me",
        "beginOffset": -1
      },
      "sentiment": {
        "magnitude": 0.3,
        "score": 0.3
      }
    }
  ],
  "tokens": [],
  "entities": [
    {
      "name": "cat",
      "type": "OTHER",
      "metadata": {},
      "salience": 0.559833,
      "mentions": [
        {
          "text": {
            "content": "cat",
            "beginOffset": -1
          },
          "type": "COMMON"
        }
      ]
    },
    {
      "name": "Mookie",
      "type": "PERSON",
      "metadata": {
        "mid": "/m/0_x920k",
        "wikipedia_url": "https://en.wikipedia.org/wiki/Mookie_Betts"
      },
      "salience": 0.3504674,
      "mentions": [
        {
          "text": {
            "content": "Mookie",
            "beginOffset": -1
          },
          "type": "PROPER"
        }
      ]
    },
    {
      "name": "human",
      "type": "PERSON",
      "metadata": {},
      "salience": 0.06936014,
      "mentions": [
        {
          "text": {
            "content": "human",
            "beginOffset": -1
          },
          "type": "COMMON"
        }
      ]
    },
    {
      "name": "whatsApp",
      "type": "CONSUMER_GOOD",
      "metadata": {
        "mid": "/m/0gwzvs1",
        "wikipedia_url": "https://en.wikipedia.org/wiki/WhatsApp"
      },
      "salience": 0.020339454,
      "mentions": [
        {
          "text": {
            "content": "whatsApp",
            "beginOffset": -1
          },
          "type": "PROPER"
        }
      ]
    }
  ],
  "documentSentiment": {
    "magnitude": 2.9,
    "score": 0.7
  },
  "language": "en",
  "categories": []
}
