{
  "sentences": [
    {
      "text": {
        "content": "I found Bobby at lrt Kg Baru.",
        "beginOffset": -1
      },
      "sentiment": {
        "magnitude": 0,
        "score": 0
      }
    },
    {
      "text": {
        "content": "He look so weak and he's injure.",
        "beginOffset": -1
      },
      "sentiment": {
        "magnitude": 0.6,
        "score": -0.6
      }
    },
    {
      "text": {
        "content": "I think he's been beaten by sumone.",
        "beginOffset": -1
      },
      "sentiment": {
        "magnitude": 0.2,
        "score": 0.2
      }
    },
    {
      "text": {
        "content": "So I took him back to my place.",
        "beginOffset": -1
      },
      "sentiment": {
        "magnitude": 0,
        "score": 0
      }
    },
    {
      "text": {
        "content": "He's so cute, but sadly I cant keep him, since I only rent a room, and at this place they dun let us to keep an animal.",
        "beginOffset": -1
      },
      "sentiment": {
        "magnitude": 0.5,
        "score": -0.5
      }
    },
    {
      "text": {
        "content": "I really hope sumone can adopt him immediately, and give a proper treatment as he's not well yet.",
        "beginOffset": -1
      },
      "sentiment": {
        "magnitude": 0,
        "score": 0
      }
    }
  ],
  "tokens": [],
  "entities": [
    {
      "name": "Bobby",
      "type": "PERSON",
      "metadata": {},
      "salience": 0.89286697,
      "mentions": [
        {
          "text": {
            "content": "Bobby",
            "beginOffset": -1
          },
          "type": "PROPER"
        }
      ]
    },
    {
      "name": "Kg Baru",
      "type": "LOCATION",
      "metadata": {
        "mid": "/m/0cm70b",
        "wikipedia_url": "https://en.wikipedia.org/wiki/Kampung_Baru,_Kuala_Lumpur"
      },
      "salience": 0.05205022,
      "mentions": [
        {
          "text": {
            "content": "Kg Baru",
            "beginOffset": -1
          },
          "type": "PROPER"
        }
      ]
    },
    {
      "name": "sumone",
      "type": "OTHER",
      "metadata": {},
      "salience": 0.012570217,
      "mentions": [
        {
          "text": {
            "content": "sumone",
            "beginOffset": -1
          },
          "type": "COMMON"
        }
      ]
    },
    {
      "name": "place",
      "type": "OTHER",
      "metadata": {},
      "salience": 0.01252617,
      "mentions": [
        {
          "text": {
            "content": "place",
            "beginOffset": -1
          },
          "type": "COMMON"
        }
      ]
    },
    {
      "name": "room",
      "type": "LOCATION",
      "metadata": {},
      "salience": 0.010206898,
      "mentions": [
        {
          "text": {
            "content": "room",
            "beginOffset": -1
          },
          "type": "COMMON"
        }
      ]
    },
    {
      "name": "sumone",
      "type": "OTHER",
      "metadata": {},
      "salience": 0.008744875,
      "mentions": [
        {
          "text": {
            "content": "sumone",
            "beginOffset": -1
          },
          "type": "COMMON"
        }
      ]
    },
    {
      "name": "treatment",
      "type": "OTHER",
      "metadata": {},
      "salience": 0.0041119126,
      "mentions": [
        {
          "text": {
            "content": "treatment",
            "beginOffset": -1
          },
          "type": "COMMON"
        }
      ]
    },
    {
      "name": "place",
      "type": "LOCATION",
      "metadata": {},
      "salience": 0.0038539465,
      "mentions": [
        {
          "text": {
            "content": "place",
            "beginOffset": -1
          },
          "type": "COMMON"
        }
      ]
    },
    {
      "name": "animal",
      "type": "OTHER",
      "metadata": {},
      "salience": 0.0030687999,
      "mentions": [
        {
          "text": {
            "content": "animal",
            "beginOffset": -1
          },
          "type": "COMMON"
        }
      ]
    }
  ],
  "documentSentiment": {
    "magnitude": 1.5,
    "score": -0.1
  },
  "language": "en",
  "categories": []
}
