{
  "sentences": [
    {
      "text": {
        "content": "no fee charges but any donations will b vry much appreciated and helpful to our family shelter which consist of 80 fur kids.",
        "beginOffset": -1
      },
      "sentiment": {
        "magnitude": 0.9,
        "score": 0.9
      }
    },
    {
      "text": {
        "content": "its totally up to certain individual.",
        "beginOffset": -1
      },
      "sentiment": {
        "magnitude": 0,
        "score": 0
      }
    }
  ],
  "tokens": [],
  "entities": [
    {
      "name": "fee charges",
      "type": "OTHER",
      "metadata": {},
      "salience": 0.44070467,
      "mentions": [
        {
          "text": {
            "content": "fee charges",
            "beginOffset": -1
          },
          "type": "COMMON"
        }
      ]
    },
    {
      "name": "family shelter",
      "type": "LOCATION",
      "metadata": {},
      "salience": 0.2881062,
      "mentions": [
        {
          "text": {
            "content": "family shelter",
            "beginOffset": -1
          },
          "type": "COMMON"
        }
      ]
    },
    {
      "name": "donations",
      "type": "OTHER",
      "metadata": {},
      "salience": 0.19746606,
      "mentions": [
        {
          "text": {
            "content": "donations",
            "beginOffset": -1
          },
          "type": "COMMON"
        }
      ]
    },
    {
      "name": "fur kids",
      "type": "PERSON",
      "metadata": {},
      "salience": 0.04168137,
      "mentions": [
        {
          "text": {
            "content": "fur kids",
            "beginOffset": -1
          },
          "type": "COMMON"
        }
      ]
    },
    {
      "name": "individual",
      "type": "PERSON",
      "metadata": {},
      "salience": 0.0320417,
      "mentions": [
        {
          "text": {
            "content": "individual",
            "beginOffset": -1
          },
          "type": "COMMON"
        }
      ]
    }
  ],
  "documentSentiment": {
    "magnitude": 1,
    "score": 0.5
  },
  "language": "en",
  "categories": []
}
