{
  "sentences": [
    {
      "text": {
        "content": "These 4 puppies were abandoned at the nearby stalls in Klang.",
        "beginOffset": -1
      },
      "sentiment": {
        "magnitude": 0.6,
        "score": -0.6
      }
    },
    {
      "text": {
        "content": "Not sure of their background but they are 2 months old and will grow small size below 10kg at full grown.",
        "beginOffset": -1
      },
      "sentiment": {
        "magnitude": 0,
        "score": 0
      }
    },
    {
      "text": {
        "content": "Miniature pinscher mixed.. and miniature pinscher can be quite yappy so not really suitable for condo or apartment... but definitely a small breed indoor dog.",
        "beginOffset": -1
      },
      "sentiment": {
        "magnitude": 0,
        "score": 0
      }
    },
    {
      "text": {
        "content": "3 males 1 female.",
        "beginOffset": -1
      },
      "sentiment": {
        "magnitude": 0.1,
        "score": -0.1
      }
    },
    {
      "text": {
        "content": "adopters must be willing to neutered at 5-6 months of age.tq",
        "beginOffset": -1
      },
      "sentiment": {
        "magnitude": 0.2,
        "score": 0.2
      }
    }
  ],
  "tokens": [],
  "entities": [
    {
      "name": "puppies",
      "type": "OTHER",
      "metadata": {},
      "salience": 0.27635947,
      "mentions": [
        {
          "text": {
            "content": "puppies",
            "beginOffset": -1
          },
          "type": "COMMON"
        }
      ]
    },
    {
      "name": "stalls",
      "type": "LOCATION",
      "metadata": {},
      "salience": 0.27635947,
      "mentions": [
        {
          "text": {
            "content": "stalls",
            "beginOffset": -1
          },
          "type": "COMMON"
        }
      ]
    },
    {
      "name": "Klang",
      "type": "LOCATION",
      "metadata": {
        "mid": "/m/02m2h0",
        "wikipedia_url": "https://en.wikipedia.org/wiki/Klang_(city)"
      },
      "salience": 0.1720496,
      "mentions": [
        {
          "text": {
            "content": "Klang",
            "beginOffset": -1
          },
          "type": "PROPER"
        }
      ]
    },
    {
      "name": "background",
      "type": "OTHER",
      "metadata": {},
      "salience": 0.055770684,
      "mentions": [
        {
          "text": {
            "content": "background",
            "beginOffset": -1
          },
          "type": "COMMON"
        }
      ]
    },
    {
      "name": "miniature pinscher",
      "type": "OTHER",
      "metadata": {},
      "salience": 0.053241175,
      "mentions": [
        {
          "text": {
            "content": "miniature pinscher",
            "beginOffset": -1
          },
          "type": "COMMON"
        }
      ]
    },
    {
      "name": "Miniature pinscher",
      "type": "PERSON",
      "metadata": {},
      "salience": 0.0433794,
      "mentions": [
        {
          "text": {
            "content": "Miniature pinscher",
            "beginOffset": -1
          },
          "type": "COMMON"
        }
      ]
    },
    {
      "name": "size",
      "type": "OTHER",
      "metadata": {},
      "salience": 0.037914023,
      "mentions": [
        {
          "text": {
            "content": "size",
            "beginOffset": -1
          },
          "type": "COMMON"
        }
      ]
    },
    {
      "name": "condo",
      "type": "LOCATION",
      "metadata": {},
      "salience": 0.03508311,
      "mentions": [
        {
          "text": {
            "content": "condo",
            "beginOffset": -1
          },
          "type": "COMMON"
        }
      ]
    },
    {
      "name": "males",
      "type": "PERSON",
      "metadata": {},
      "salience": 0.026438603,
      "mentions": [
        {
          "text": {
            "content": "males",
            "beginOffset": -1
          },
          "type": "COMMON"
        }
      ]
    },
    {
      "name": "apartment",
      "type": "LOCATION",
      "metadata": {},
      "salience": 0.0117022395,
      "mentions": [
        {
          "text": {
            "content": "apartment",
            "beginOffset": -1
          },
          "type": "COMMON"
        }
      ]
    },
    {
      "name": "dog",
      "type": "OTHER",
      "metadata": {},
      "salience": 0.0117022395,
      "mentions": [
        {
          "text": {
            "content": "dog",
            "beginOffset": -1
          },
          "type": "COMMON"
        }
      ]
    }
  ],
  "documentSentiment": {
    "magnitude": 1,
    "score": -0.1
  },
  "language": "en",
  "categories": []
}
