{
  "sentences": [
    {
      "text": {
        "content": "I have a male cat age 1year++ open for adoption.",
        "beginOffset": -1
      },
      "sentiment": {
        "magnitude": 0,
        "score": 0
      }
    },
    {
      "text": {
        "content": "He has been neutered and spayed.",
        "beginOffset": -1
      },
      "sentiment": {
        "magnitude": 0,
        "score": 0
      }
    },
    {
      "text": {
        "content": "A very healthy boy that has been well trained.",
        "beginOffset": -1
      },
      "sentiment": {
        "magnitude": 0.7,
        "score": 0.7
      }
    },
    {
      "text": {
        "content": "Due to heavy workload, we couple may not be able to take good care of him.We are looking for people that love cat to contact us for easy adoption without spend a penny.If you do not have a cage, I'll just charge you RM80 for a new cage that we just bought not long ago.",
        "beginOffset": -1
      },
      "sentiment": {
        "magnitude": 0.3,
        "score": -0.3
      }
    }
  ],
  "tokens": [],
  "entities": [
    {
      "name": "adoption",
      "type": "OTHER",
      "metadata": {},
      "salience": 0.3373836,
      "mentions": [
        {
          "text": {
            "content": "adoption",
            "beginOffset": -1
          },
          "type": "COMMON"
        }
      ]
    },
    {
      "name": "cat age",
      "type": "OTHER",
      "metadata": {},
      "salience": 0.29575798,
      "mentions": [
        {
          "text": {
            "content": "cat age",
            "beginOffset": -1
          },
          "type": "COMMON"
        }
      ]
    },
    {
      "name": "boy",
      "type": "PERSON",
      "metadata": {},
      "salience": 0.05720002,
      "mentions": [
        {
          "text": {
            "content": "boy",
            "beginOffset": -1
          },
          "type": "COMMON"
        }
      ]
    },
    {
      "name": "cage",
      "type": "OTHER",
      "metadata": {},
      "salience": 0.05217959,
      "mentions": [
        {
          "text": {
            "content": "cage",
            "beginOffset": -1
          },
          "type": "COMMON"
        }
      ]
    },
    {
      "name": "care",
      "type": "OTHER",
      "metadata": {},
      "salience": 0.04468362,
      "mentions": [
        {
          "text": {
            "content": "care",
            "beginOffset": -1
          },
          "type": "COMMON"
        }
      ]
    },
    {
      "name": "cat",
      "type": "OTHER",
      "metadata": {},
      "salience": 0.043364517,
      "mentions": [
        {
          "text": {
            "content": "cat",
            "beginOffset": -1
          },
          "type": "COMMON"
        }
      ]
    },
    {
      "name": "him.",
      "type": "OTHER",
      "metadata": {},
      "salience": 0.039072983,
      "mentions": [
        {
          "text": {
            "content": "him.",
            "beginOffset": -1
          },
          "type": "COMMON"
        }
      ]
    },
    {
      "name": "workload",
      "type": "OTHER",
      "metadata": {},
      "salience": 0.038598944,
      "mentions": [
        {
          "text": {
            "content": "workload",
            "beginOffset": -1
          },
          "type": "COMMON"
        }
      ]
    },
    {
      "name": "people",
      "type": "PERSON",
      "metadata": {},
      "salience": 0.03587206,
      "mentions": [
        {
          "text": {
            "content": "people",
            "beginOffset": -1
          },
          "type": "COMMON"
        }
      ]
    },
    {
      "name": "cage",
      "type": "OTHER",
      "metadata": {},
      "salience": 0.030431056,
      "mentions": [
        {
          "text": {
            "content": "cage",
            "beginOffset": -1
          },
          "type": "COMMON"
        }
      ]
    },
    {
      "name": "adoption",
      "type": "OTHER",
      "metadata": {},
      "salience": 0.0135506205,
      "mentions": [
        {
          "text": {
            "content": "adoption",
            "beginOffset": -1
          },
          "type": "COMMON"
        }
      ]
    },
    {
      "name": "penny.",
      "type": "OTHER",
      "metadata": {},
      "salience": 0.011905011,
      "mentions": [
        {
          "text": {
            "content": "penny.",
            "beginOffset": -1
          },
          "type": "COMMON"
        }
      ]
    }
  ],
  "documentSentiment": {
    "magnitude": 1.1,
    "score": 0.1
  },
  "language": "en",
  "categories": []
}
