{
  "sentences": [
    {
      "text": {
        "content": "Owner cannot keep him anymore due to council ruling.",
        "beginOffset": -1
      },
      "sentiment": {
        "magnitude": 0.1,
        "score": -0.1
      }
    },
    {
      "text": {
        "content": "Generally approachable.",
        "beginOffset": -1
      },
      "sentiment": {
        "magnitude": 0.8,
        "score": 0.8
      }
    },
    {
      "text": {
        "content": "Quite friendly.",
        "beginOffset": -1
      },
      "sentiment": {
        "magnitude": 0.9,
        "score": 0.9
      }
    },
    {
      "text": {
        "content": "Neutered vaccinated rabies japped.",
        "beginOffset": -1
      },
      "sentiment": {
        "magnitude": 0,
        "score": 0
      }
    },
    {
      "text": {
        "content": "Heartworm annual japped.",
        "beginOffset": -1
      },
      "sentiment": {
        "magnitude": 0,
        "score": 0
      }
    },
    {
      "text": {
        "content": "Annual booster japped.",
        "beginOffset": -1
      },
      "sentiment": {
        "magnitude": 0.1,
        "score": 0.1
      }
    },
    {
      "text": {
        "content": "Healthy dog.",
        "beginOffset": -1
      },
      "sentiment": {
        "magnitude": 0.2,
        "score": 0.2
      }
    },
    {
      "text": {
        "content": "Trained with basic commands.",
        "beginOffset": -1
      },
      "sentiment": {
        "magnitude": 0.1,
        "score": 0.1
      }
    },
    {
      "text": {
        "content": "Sit stay wait.",
        "beginOffset": -1
      },
      "sentiment": {
        "magnitude": 0.1,
        "score": -0.1
      }
    },
    {
      "text": {
        "content": "Trained to walk on leash.",
        "beginOffset": -1
      },
      "sentiment": {
        "magnitude": 0.1,
        "score": 0.1
      }
    },
    {
      "text": {
        "content": "If u are interested to gv him a loving home.",
        "beginOffset": -1
      },
      "sentiment": {
        "magnitude": 0.8,
        "score": 0.8
      }
    },
    {
      "text": {
        "content": "Pls contact Rachel",
        "beginOffset": -1
      },
      "sentiment": {
        "magnitude": 0,
        "score": 0
      }
    }
  ],
  "tokens": [],
  "entities": [
    {
      "name": "Owner",
      "type": "PERSON",
      "metadata": {},
      "salience": 0.39918387,
      "mentions": [
        {
          "text": {
            "content": "Owner",
            "beginOffset": -1
          },
          "type": "COMMON"
        }
      ]
    },
    {
      "name": "council ruling",
      "type": "OTHER",
      "metadata": {},
      "salience": 0.19397672,
      "mentions": [
        {
          "text": {
            "content": "council ruling",
            "beginOffset": -1
          },
          "type": "COMMON"
        }
      ]
    },
    {
      "name": "japped",
      "type": "OTHER",
      "metadata": {},
      "salience": 0.06484721,
      "mentions": [
        {
          "text": {
            "content": "japped",
            "beginOffset": -1
          },
          "type": "COMMON"
        }
      ]
    },
    {
      "name": "booster",
      "type": "OTHER",
      "metadata": {},
      "salience": 0.064704046,
      "mentions": [
        {
          "text": {
            "content": "booster",
            "beginOffset": -1
          },
          "type": "COMMON"
        }
      ]
    },
    {
      "name": "dog",
      "type": "OTHER",
      "metadata": {},
      "salience": 0.06458324,
      "mentions": [
        {
          "text": {
            "content": "dog",
            "beginOffset": -1
          },
          "type": "COMMON"
        }
      ]
    },
    {
      "name": "rabies",
      "type": "OTHER",
      "metadata": {},
      "salience": 0.06423936,
      "mentions": [
        {
          "text": {
            "content": "rabies",
            "beginOffset": -1
          },
          "type": "COMMON"
        }
      ]
    },
    {
      "name": "commands",
      "type": "OTHER",
      "metadata": {},
      "salience": 0.05922942,
      "mentions": [
        {
          "text": {
            "content": "commands",
            "beginOffset": -1
          },
          "type": "COMMON"
        }
      ]
    },
    {
      "name": "home",
      "type": "LOCATION",
      "metadata": {},
      "salience": 0.031308435,
      "mentions": [
        {
          "text": {
            "content": "home",
            "beginOffset": -1
          },
          "type": "COMMON"
        }
      ]
    },
    {
      "name": "stay wait",
      "type": "OTHER",
      "metadata": {},
      "salience": 0.01971023,
      "mentions": [
        {
          "text": {
            "content": "stay wait",
            "beginOffset": -1
          },
          "type": "COMMON"
        }
      ]
    },
    {
      "name": "leash",
      "type": "OTHER",
      "metadata": {},
      "salience": 0.019684788,
      "mentions": [
        {
          "text": {
            "content": "leash",
            "beginOffset": -1
          },
          "type": "COMMON"
        }
      ]
    },
    {
      "name": "Rachel",
      "type": "PERSON",
      "metadata": {},
      "salience": 0.01853269,
      "mentions": [
        {
          "text": {
            "content": "Rachel",
            "beginOffset": -1
          },
          "type": "PROPER"
        }
      ]
    }
  ],
  "documentSentiment": {
    "magnitude": 3.8,
    "score": 0.2
  },
  "language": "en",
  "categories": []
}
