{
  "sentences": [
    {
      "text": {
        "content": "Found in Batu 11 Cheras.",
        "beginOffset": -1
      },
      "sentiment": {
        "magnitude": 0.1,
        "score": 0.1
      }
    },
    {
      "text": {
        "content": "Interested please contact Kelly.",
        "beginOffset": -1
      },
      "sentiment": {
        "magnitude": 0.5,
        "score": 0.5
      }
    }
  ],
  "tokens": [],
  "entities": [
    {
      "name": "Batu 11 Cheras",
      "type": "LOCATION",
      "metadata": {
        "wikipedia_url": "https://en.wikipedia.org/wiki/Batu_11_Cheras",
        "mid": "/m/0127xxrx"
      },
      "salience": 0.7348652,
      "mentions": [
        {
          "text": {
            "content": "Batu 11 Cheras",
            "beginOffset": -1
          },
          "type": "PROPER"
        }
      ]
    },
    {
      "name": "Kelly",
      "type": "PERSON",
      "metadata": {},
      "salience": 0.2651348,
      "mentions": [
        {
          "text": {
            "content": "Kelly",
            "beginOffset": -1
          },
          "type": "PROPER"
        }
      ]
    }
  ],
  "documentSentiment": {
    "magnitude": 0.7,
    "score": 0.3
  },
  "language": "en",
  "categories": []
}
