{
  "sentences": [
    {
      "text": {
        "content": "Please drop me a message in my inbox if you are interested in adopting Tieson!",
        "beginOffset": -1
      },
      "sentiment": {
        "magnitude": 0.1,
        "score": -0.1
      }
    },
    {
      "text": {
        "content": "Thanks :)",
        "beginOffset": -1
      },
      "sentiment": {
        "magnitude": 0.3,
        "score": 0.3
      }
    }
  ],
  "tokens": [],
  "entities": [
    {
      "name": "message",
      "type": "OTHER",
      "metadata": {},
      "salience": 0.46028444,
      "mentions": [
        {
          "text": {
            "content": "message",
            "beginOffset": -1
          },
          "type": "COMMON"
        }
      ]
    },
    {
      "name": "inbox",
      "type": "OTHER",
      "metadata": {},
      "salience": 0.32355538,
      "mentions": [
        {
          "text": {
            "content": "inbox",
            "beginOffset": -1
          },
          "type": "COMMON"
        }
      ]
    },
    {
      "name": "Tieson",
      "type": "OTHER",
      "metadata": {},
      "salience": 0.13728848,
      "mentions": [
        {
          "text": {
            "content": "Tieson",
            "beginOffset": -1
          },
          "type": "PROPER"
        }
      ]
    },
    {
      "name": "Thanks",
      "type": "OTHER",
      "metadata": {},
      "salience": 0.07887171,
      "mentions": [
        {
          "text": {
            "content": "Thanks",
            "beginOffset": -1
          },
          "type": "COMMON"
        }
      ]
    }
  ],
  "documentSentiment": {
    "magnitude": 0.5,
    "score": 0.1
  },
  "language": "en",
  "categories": []
}
