{
  "sentences": [
    {
      "text": {
        "content": "2 cute kittens found in the park...lovely blue eyes and very cute.",
        "beginOffset": -1
      },
      "sentiment": {
        "magnitude": 0.9,
        "score": 0.9
      }
    },
    {
      "text": {
        "content": "pick up from sri hartamas, kuala lumpur",
        "beginOffset": -1
      },
      "sentiment": {
        "magnitude": 0.1,
        "score": 0.1
      }
    }
  ],
  "tokens": [],
  "entities": [
    {
      "name": "kittens",
      "type": "PERSON",
      "metadata": {},
      "salience": 0.62923014,
      "mentions": [
        {
          "text": {
            "content": "kittens",
            "beginOffset": -1
          },
          "type": "COMMON"
        }
      ]
    },
    {
      "name": "eyes",
      "type": "OTHER",
      "metadata": {},
      "salience": 0.15797989,
      "mentions": [
        {
          "text": {
            "content": "eyes",
            "beginOffset": -1
          },
          "type": "COMMON"
        }
      ]
    },
    {
      "name": "park",
      "type": "LOCATION",
      "metadata": {},
      "salience": 0.15621057,
      "mentions": [
        {
          "text": {
            "content": "park",
            "beginOffset": -1
          },
          "type": "COMMON"
        }
      ]
    },
    {
      "name": "sri hartamas",
      "type": "LOCATION",
      "metadata": {
        "mid": "/m/02b1fg",
        "wikipedia_url": "https://en.wikipedia.org/wiki/Sri_Hartamas"
      },
      "salience": 0.03321474,
      "mentions": [
        {
          "text": {
            "content": "sri hartamas",
            "beginOffset": -1
          },
          "type": "PROPER"
        }
      ]
    },
    {
      "name": "kuala lumpur",
      "type": "LOCATION",
      "metadata": {
        "mid": "/m/049d1",
        "wikipedia_url": "https://en.wikipedia.org/wiki/Kuala_Lumpur"
      },
      "salience": 0.023364663,
      "mentions": [
        {
          "text": {
            "content": "kuala lumpur",
            "beginOffset": -1
          },
          "type": "PROPER"
        }
      ]
    }
  ],
  "documentSentiment": {
    "magnitude": 1,
    "score": 0.5
  },
  "language": "en",
  "categories": []
}
