{
  "sentences": [
    {
      "text": {
        "content": "Free adoption.",
        "beginOffset": -1
      },
      "sentiment": {
        "magnitude": 0.2,
        "score": 0.2
      }
    },
    {
      "text": {
        "content": "It is a 2 to 3 months old mixed breed puppies.",
        "beginOffset": -1
      },
      "sentiment": {
        "magnitude": 0.3,
        "score": -0.3
      }
    },
    {
      "text": {
        "content": "Its mum was dead hitting by a car.",
        "beginOffset": -1
      },
      "sentiment": {
        "magnitude": 0.2,
        "score": 0.2
      }
    },
    {
      "text": {
        "content": "I am currently fostering it while finding suitable adopter.",
        "beginOffset": -1
      },
      "sentiment": {
        "magnitude": 0.4,
        "score": 0.4
      }
    },
    {
      "text": {
        "content": "Do contact me for further details if you are interested to adopt.",
        "beginOffset": -1
      },
      "sentiment": {
        "magnitude": 0,
        "score": 0
      }
    },
    {
      "text": {
        "content": "Condition to adopt: 1.Vaccination",
        "beginOffset": -1
      },
      "sentiment": {
        "magnitude": 0.1,
        "score": 0.1
      }
    },
    {
      "text": {
        "content": "2.neuter the dog when it comes to suitable age *the neuteringjavascript:void(0); fee will be sponsored partially or fully 3.home visit after first month of adoption 4.send over picture for 2nd to sixth month of adoption 免费领养 目测1个多月的小菜菜 有兴趣领养 请联络我 领养条件 1.",
        "beginOffset": -1
      },
      "sentiment": {
        "magnitude": 0.6,
        "score": 0.6
      }
    },
    {
      "text": {
        "content": "打预防针 2.",
        "beginOffset": -1
      },
      "sentiment": {
        "magnitude": 0.1,
        "score": 0.1
      }
    },
    {
      "text": {
        "content": "结扎-我们会赞助部分或全数的结扎费 3.",
        "beginOffset": -1
      },
      "sentiment": {
        "magnitude": 0.2,
        "score": 0.2
      }
    },
    {
      "text": {
        "content": "一次家访-在领养的第一个月 4.",
        "beginOffset": -1
      },
      "sentiment": {
        "magnitude": 0,
        "score": 0
      }
    },
    {
      "text": {
        "content": "发照片-在领养的第二到第六个月",
        "beginOffset": -1
      },
      "sentiment": {
        "magnitude": 0.1,
        "score": 0.1
      }
    }
  ],
  "tokens": [],
  "entities": [
    {
      "name": "Free adoption.",
      "type": "OTHER",
      "metadata": {},
      "salience": 0.45454344,
      "mentions": [
        {
          "text": {
            "content": "Free adoption.",
            "beginOffset": -1
          },
          "type": "PROPER"
        }
      ]
    },
    {
      "name": "It is a 2 to 3",
      "type": "CONSUMER_GOOD",
      "metadata": {},
      "salience": 0.25598502,
      "mentions": [
        {
          "text": {
            "content": "It is a 2 to 3",
            "beginOffset": -1
          },
          "type": "PROPER"
        }
      ]
    },
    {
      "name": "小菜菜",
      "type": "OTHER",
      "metadata": {},
      "salience": 0.052080303,
      "mentions": [
        {
          "text": {
            "content": "小菜菜",
            "beginOffset": -1
          },
          "type": "COMMON"
        }
      ]
    },
    {
      "name": "兴趣",
      "type": "OTHER",
      "metadata": {},
      "salience": 0.052080303,
      "mentions": [
        {
          "text": {
            "content": "兴趣",
            "beginOffset": -1
          },
          "type": "COMMON"
        }
      ]
    },
    {
      "name": "条件",
      "type": "OTHER",
      "metadata": {},
      "salience": 0.052080303,
      "mentions": [
        {
          "text": {
            "content": "条件",
            "beginOffset": -1
          },
          "type": "COMMON"
        }
      ]
    },
    {
      "name": "the neuteringjavascript:void",
      "type": "CONSUMER_GOOD",
      "metadata": {},
      "salience": 0.05065718,
      "mentions": [
        {
          "text": {
            "content": "the neuteringjavascript:void",
            "beginOffset": -1
          },
          "type": "PROPER"
        }
      ]
    },
    {
      "name": "部分",
      "type": "OTHER",
      "metadata": {},
      "salience": 0.021341946,
      "mentions": [
        {
          "text": {
            "content": "部分",
            "beginOffset": -1
          },
          "type": "COMMON"
        }
      ]
    },
    {
      "name": "结扎费",
      "type": "OTHER",
      "metadata": {},
      "salience": 0.021341946,
      "mentions": [
        {
          "text": {
            "content": "结扎费",
            "beginOffset": -1
          },
          "type": "COMMON"
        }
      ]
    },
    {
      "name": "家访",
      "type": "OTHER",
      "metadata": {},
      "salience": 0.020194301,
      "mentions": [
        {
          "text": {
            "content": "家访",
            "beginOffset": -1
          },
          "type": "COMMON"
        }
      ]
    },
    {
      "name": "发照片",
      "type": "OTHER",
      "metadata": {},
      "salience": 0.01969526,
      "mentions": [
        {
          "text": {
            "content": "发照片",
            "beginOffset": -1
          },
          "type": "COMMON"
        }
      ]
    }
  ],
  "documentSentiment": {
    "magnitude": 2.6,
    "score": 0.1
  },
  "language": "zh",
  "categories": []
}
