{
  "sentences": [
    {
      "text": {
        "content": "Rescued by Ling.",
        "beginOffset": -1
      },
      "sentiment": {
        "magnitude": 0,
        "score": 0
      }
    },
    {
      "text": {
        "content": "Female-7 weeks healthy.",
        "beginOffset": -1
      },
      "sentiment": {
        "magnitude": 0,
        "score": 0
      }
    },
    {
      "text": {
        "content": "Done 1st dewormed.",
        "beginOffset": -1
      },
      "sentiment": {
        "magnitude": 0.1,
        "score": 0.1
      }
    }
  ],
  "tokens": [],
  "entities": [
    {
      "name": "Ling",
      "type": "PERSON",
      "metadata": {},
      "salience": 1,
      "mentions": [
        {
          "text": {
            "content": "Ling",
            "beginOffset": -1
          },
          "type": "PROPER"
        }
      ]
    }
  ],
  "documentSentiment": {
    "magnitude": 0.1,
    "score": 0
  },
  "language": "en",
  "categories": []
}
