{
  "sentences": [
    {
      "text": {
        "content": "Hello, Seri &amp; Dewi were found before the entrance to MEX highway dumped at the road side.",
        "beginOffset": -1
      },
      "sentiment": {
        "magnitude": 0.3,
        "score": -0.3
      }
    },
    {
      "text": {
        "content": "One the way to work I notice these two bundle of tiny fur.",
        "beginOffset": -1
      },
      "sentiment": {
        "magnitude": 0,
        "score": 0
      }
    },
    {
      "text": {
        "content": "They have been to the vets a few time now have been given a clean bill of health but too young to be spayed.",
        "beginOffset": -1
      },
      "sentiment": {
        "magnitude": 0.2,
        "score": 0.2
      }
    },
    {
      "text": {
        "content": "Both Girls of siamese &amp; local breed mixed.",
        "beginOffset": -1
      },
      "sentiment": {
        "magnitude": 0.2,
        "score": 0.2
      }
    },
    {
      "text": {
        "content": "They are very friendly and would purr upon contact!!",
        "beginOffset": -1
      },
      "sentiment": {
        "magnitude": 0.9,
        "score": 0.9
      }
    },
    {
      "text": {
        "content": "Reall nice kittens.",
        "beginOffset": -1
      },
      "sentiment": {
        "magnitude": 0.9,
        "score": 0.9
      }
    }
  ],
  "tokens": [],
  "entities": [
    {
      "name": "entrance",
      "type": "EVENT",
      "metadata": {},
      "salience": 0.2537478,
      "mentions": [
        {
          "text": {
            "content": "entrance",
            "beginOffset": -1
          },
          "type": "COMMON"
        }
      ]
    },
    {
      "name": "Seri & Dewi",
      "type": "PERSON",
      "metadata": {},
      "salience": 0.15578307,
      "mentions": [
        {
          "text": {
            "content": "Seri &amp; Dewi",
            "beginOffset": -1
          },
          "type": "PROPER"
        }
      ]
    },
    {
      "name": "highway",
      "type": "LOCATION",
      "metadata": {},
      "salience": 0.101740256,
      "mentions": [
        {
          "text": {
            "content": "highway",
            "beginOffset": -1
          },
          "type": "COMMON"
        }
      ]
    },
    {
      "name": "road side",
      "type": "OTHER",
      "metadata": {},
      "salience": 0.101740256,
      "mentions": [
        {
          "text": {
            "content": "road side",
            "beginOffset": -1
          },
          "type": "COMMON"
        }
      ]
    },
    {
      "name": "Girls",
      "type": "PERSON",
      "metadata": {},
      "salience": 0.07903541,
      "mentions": [
        {
          "text": {
            "content": "Girls",
            "beginOffset": -1
          },
          "type": "COMMON"
        }
      ]
    },
    {
      "name": "MEX",
      "type": "LOCATION",
      "metadata": {},
      "salience": 0.061024144,
      "mentions": [
        {
          "text": {
            "content": "MEX",
            "beginOffset": -1
          },
          "type": "PROPER"
        }
      ]
    },
    {
      "name": "fur",
      "type": "OTHER",
      "metadata": {},
      "salience": 0.034141127,
      "mentions": [
        {
          "text": {
            "content": "fur",
            "beginOffset": -1
          },
          "type": "COMMON"
        }
      ]
    },
    {
      "name": "vets",
      "type": "PERSON",
      "metadata": {},
      "salience": 0.03397314,
      "mentions": [
        {
          "text": {
            "content": "vets",
            "beginOffset": -1
          },
          "type": "COMMON"
        }
      ]
    },
    {
      "name": "way",
      "type": "OTHER",
      "metadata": {},
      "salience": 0.033728287,
      "mentions": [
        {
          "text": {
            "content": "way",
            "beginOffset": -1
          },
          "type": "COMMON"
        }
      ]
    },
    {
      "name": "bundle",
      "type": "OTHER",
      "metadata": {},
      "salience": 0.033728287,
      "mentions": [
        {
          "text": {
            "content": "bundle",
            "beginOffset": -1
          },
          "type": "COMMON"
        }
      ]
    },
    {
      "name": "health",
      "type": "OTHER",
      "metadata": {},
      "salience": 0.031198382,
      "mentions": [
        {
          "text": {
            "content": "health",
            "beginOffset": -1
          },
          "type": "COMMON"
        }
      ]
    },
    {
      "name": "bill",
      "type": "OTHER",
      "metadata": {},
      "salience": 0.023856798,
      "mentions": [
        {
          "text": {
            "content": "bill",
            "beginOffset": -1
          },
          "type": "COMMON"
        }
      ]
    },
    {
      "name": "breed",
      "type": "OTHER",
      "metadata": {},
      "salience": 0.023484582,
      "mentions": [
        {
          "text": {
            "content": "breed",
            "beginOffset": -1
          },
          "type": "COMMON"
        }
      ]
    },
    {
      "name": "contact",
      "type": "EVENT",
      "metadata": {},
      "salience": 0.01642755,
      "mentions": [
        {
          "text": {
            "content": "contact",
            "beginOffset": -1
          },
          "type": "COMMON"
        }
      ]
    },
    {
      "name": "kittens",
      "type": "PERSON",
      "metadata": {},
      "salience": 0.01639092,
      "mentions": [
        {
          "text": {
            "content": "kittens",
            "beginOffset": -1
          },
          "type": "COMMON"
        }
      ]
    }
  ],
  "documentSentiment": {
    "magnitude": 2.6,
    "score": 0.3
  },
  "language": "en",
  "categories": []
}
