{
  "sentences": [
    {
      "text": {
        "content": "Rescued from middle of Sg Besi Highway.",
        "beginOffset": -1
      },
      "sentiment": {
        "magnitude": 0.2,
        "score": -0.2
      }
    },
    {
      "text": {
        "content": "He was unable to walk and nose covered with blood when we saw him.",
        "beginOffset": -1
      },
      "sentiment": {
        "magnitude": 0.4,
        "score": -0.4
      }
    },
    {
      "text": {
        "content": "After check up in vet, no bone fracture, no internal injury, no coma, no vomit.",
        "beginOffset": -1
      },
      "sentiment": {
        "magnitude": 0.6,
        "score": -0.6
      }
    },
    {
      "text": {
        "content": "Everything OK over one month monitored.",
        "beginOffset": -1
      },
      "sentiment": {
        "magnitude": 0,
        "score": 0
      }
    },
    {
      "text": {
        "content": "Still a little scared of human.",
        "beginOffset": -1
      },
      "sentiment": {
        "magnitude": 0.3,
        "score": 0.3
      }
    },
    {
      "text": {
        "content": "First Deworm on 2 August .",
        "beginOffset": -1
      },
      "sentiment": {
        "magnitude": 0,
        "score": 0
      }
    },
    {
      "text": {
        "content": "First vaccine on 28 August .",
        "beginOffset": -1
      },
      "sentiment": {
        "magnitude": 0.1,
        "score": 0.1
      }
    }
  ],
  "tokens": [],
  "entities": [
    {
      "name": "middle",
      "type": "OTHER",
      "metadata": {},
      "salience": 0.35209292,
      "mentions": [
        {
          "text": {
            "content": "middle",
            "beginOffset": -1
          },
          "type": "COMMON"
        }
      ]
    },
    {
      "name": "Sg Besi Highway",
      "type": "ORGANIZATION",
      "metadata": {},
      "salience": 0.21775958,
      "mentions": [
        {
          "text": {
            "content": "Sg Besi Highway",
            "beginOffset": -1
          },
          "type": "PROPER"
        }
      ]
    },
    {
      "name": "blood",
      "type": "OTHER",
      "metadata": {},
      "salience": 0.07007518,
      "mentions": [
        {
          "text": {
            "content": "blood",
            "beginOffset": -1
          },
          "type": "COMMON"
        }
      ]
    },
    {
      "name": "nose",
      "type": "OTHER",
      "metadata": {},
      "salience": 0.056384467,
      "mentions": [
        {
          "text": {
            "content": "nose",
            "beginOffset": -1
          },
          "type": "COMMON"
        }
      ]
    },
    {
      "name": "bone fracture",
      "type": "OTHER",
      "metadata": {},
      "salience": 0.047929984,
      "mentions": [
        {
          "text": {
            "content": "bone fracture",
            "beginOffset": -1
          },
          "type": "COMMON"
        }
      ]
    },
    {
      "name": "vet",
      "type": "OTHER",
      "metadata": {},
      "salience": 0.047929984,
      "mentions": [
        {
          "text": {
            "content": "vet",
            "beginOffset": -1
          },
          "type": "COMMON"
        }
      ]
    },
    {
      "name": "injury",
      "type": "OTHER",
      "metadata": {},
      "salience": 0.044024616,
      "mentions": [
        {
          "text": {
            "content": "injury",
            "beginOffset": -1
          },
          "type": "COMMON"
        }
      ]
    },
    {
      "name": "coma",
      "type": "OTHER",
      "metadata": {},
      "salience": 0.044024616,
      "mentions": [
        {
          "text": {
            "content": "coma",
            "beginOffset": -1
          },
          "type": "COMMON"
        }
      ]
    },
    {
      "name": "vomit",
      "type": "OTHER",
      "metadata": {},
      "salience": 0.044024616,
      "mentions": [
        {
          "text": {
            "content": "vomit",
            "beginOffset": -1
          },
          "type": "COMMON"
        }
      ]
    },
    {
      "name": "human",
      "type": "PERSON",
      "metadata": {},
      "salience": 0.033068955,
      "mentions": [
        {
          "text": {
            "content": "human",
            "beginOffset": -1
          },
          "type": "COMMON"
        }
      ]
    },
    {
      "name": "vaccine",
      "type": "OTHER",
      "metadata": {},
      "salience": 0.023112064,
      "mentions": [
        {
          "text": {
            "content": "vaccine",
            "beginOffset": -1
          },
          "type": "COMMON"
        }
      ]
    },
    {
      "name": "First Deworm",
      "type": "OTHER",
      "metadata": {},
      "salience": 0.019573025,
      "mentions": [
        {
          "text": {
            "content": "First Deworm",
            "beginOffset": -1
          },
          "type": "PROPER"
        }
      ]
    }
  ],
  "documentSentiment": {
    "magnitude": 1.9,
    "score": -0.1
  },
  "language": "en",
  "categories": []
}
