{
  "sentences": [
    {
      "text": {
        "content": "Tabby Boy ia a stray kitten probably abandoned by its mother/owner, found alone at a shoplot area.",
        "beginOffset": -1
      },
      "sentiment": {
        "magnitude": 0.4,
        "score": -0.4
      }
    },
    {
      "text": {
        "content": "Currently, it is given temporary shelter and food by a kind restaurant owner.",
        "beginOffset": -1
      },
      "sentiment": {
        "magnitude": 0.3,
        "score": 0.3
      }
    },
    {
      "text": {
        "content": "However, I feel that it deserves a good loving home as the place where it is being fostered at the moment is unsafe for a little kitty.",
        "beginOffset": -1
      },
      "sentiment": {
        "magnitude": 0.4,
        "score": 0.4
      }
    },
    {
      "text": {
        "content": "Tabby Boy feeds on kibble and wetfood.He is also very playful, manja and friendly.",
        "beginOffset": -1
      },
      "sentiment": {
        "magnitude": 0.9,
        "score": 0.9
      }
    },
    {
      "text": {
        "content": "I will deflea and deworm Tabby Boy before he is given to the adopter.",
        "beginOffset": -1
      },
      "sentiment": {
        "magnitude": 0.8,
        "score": 0.8
      }
    },
    {
      "text": {
        "content": "I can't bring TabbyBoy home as I already have 8 furkids at home (I am not allowed to foster/adopt anymore cats).",
        "beginOffset": -1
      },
      "sentiment": {
        "magnitude": 0.4,
        "score": -0.4
      }
    },
    {
      "text": {
        "content": "Adopter must neuter him at 6-8 months old.",
        "beginOffset": -1
      },
      "sentiment": {
        "magnitude": 0,
        "score": 0
      }
    },
    {
      "text": {
        "content": "Also, vaccinate him yearly to protect against diseases.",
        "beginOffset": -1
      },
      "sentiment": {
        "magnitude": 0.5,
        "score": 0.5
      }
    },
    {
      "text": {
        "content": "Adopter with some cat ownership experience is highly preferable.",
        "beginOffset": -1
      },
      "sentiment": {
        "magnitude": 0.3,
        "score": 0.3
      }
    },
    {
      "text": {
        "content": "Anyone interested, pls contact me via sms/whatsapp: or pm fb Syahida Yep.",
        "beginOffset": -1
      },
      "sentiment": {
        "magnitude": 0.3,
        "score": 0.3
      }
    },
    {
      "text": {
        "content": "Serious adopter only.",
        "beginOffset": -1
      },
      "sentiment": {
        "magnitude": 0.6,
        "score": 0.6
      }
    }
  ],
  "tokens": [],
  "entities": [
    {
      "name": "Tabby Boy",
      "type": "PERSON",
      "metadata": {},
      "salience": 0.40465516,
      "mentions": [
        {
          "text": {
            "content": "Tabby Boy",
            "beginOffset": -1
          },
          "type": "PROPER"
        },
        {
          "text": {
            "content": "Tabby Boy",
            "beginOffset": -1
          },
          "type": "PROPER"
        },
        {
          "text": {
            "content": "Tabby Boy",
            "beginOffset": -1
          },
          "type": "PROPER"
        }
      ]
    },
    {
      "name": "owner",
      "type": "PERSON",
      "metadata": {},
      "salience": 0.104555525,
      "mentions": [
        {
          "text": {
            "content": "owner",
            "beginOffset": -1
          },
          "type": "COMMON"
        }
      ]
    },
    {
      "name": "kitten",
      "type": "PERSON",
      "metadata": {},
      "salience": 0.09575488,
      "mentions": [
        {
          "text": {
            "content": "kitten",
            "beginOffset": -1
          },
          "type": "COMMON"
        }
      ]
    },
    {
      "name": "mother",
      "type": "PERSON",
      "metadata": {},
      "salience": 0.0845438,
      "mentions": [
        {
          "text": {
            "content": "mother",
            "beginOffset": -1
          },
          "type": "COMMON"
        }
      ]
    },
    {
      "name": "shoplot area",
      "type": "LOCATION",
      "metadata": {},
      "salience": 0.0845438,
      "mentions": [
        {
          "text": {
            "content": "shoplot area",
            "beginOffset": -1
          },
          "type": "COMMON"
        }
      ]
    },
    {
      "name": "place",
      "type": "OTHER",
      "metadata": {},
      "salience": 0.032376505,
      "mentions": [
        {
          "text": {
            "content": "place",
            "beginOffset": -1
          },
          "type": "COMMON"
        }
      ]
    },
    {
      "name": "restaurant owner",
      "type": "PERSON",
      "metadata": {},
      "salience": 0.019710375,
      "mentions": [
        {
          "text": {
            "content": "restaurant owner",
            "beginOffset": -1
          },
          "type": "COMMON"
        }
      ]
    },
    {
      "name": "food",
      "type": "OTHER",
      "metadata": {},
      "salience": 0.015814753,
      "mentions": [
        {
          "text": {
            "content": "food",
            "beginOffset": -1
          },
          "type": "COMMON"
        }
      ]
    },
    {
      "name": "home",
      "type": "LOCATION",
      "metadata": {},
      "salience": 0.013262454,
      "mentions": [
        {
          "text": {
            "content": "home",
            "beginOffset": -1
          },
          "type": "COMMON"
        }
      ]
    },
    {
      "name": "home",
      "type": "LOCATION",
      "metadata": {},
      "salience": 0.012218723,
      "mentions": [
        {
          "text": {
            "content": "home",
            "beginOffset": -1
          },
          "type": "COMMON"
        }
      ]
    },
    {
      "name": "home",
      "type": "LOCATION",
      "metadata": {},
      "salience": 0.012218723,
      "mentions": [
        {
          "text": {
            "content": "home",
            "beginOffset": -1
          },
          "type": "COMMON"
        }
      ]
    },
    {
      "name": "kitty",
      "type": "OTHER",
      "metadata": {},
      "salience": 0.012101555,
      "mentions": [
        {
          "text": {
            "content": "kitty",
            "beginOffset": -1
          },
          "type": "COMMON"
        }
      ]
    },
    {
      "name": "shelter",
      "type": "LOCATION",
      "metadata": {},
      "salience": 0.012081318,
      "mentions": [
        {
          "text": {
            "content": "shelter",
            "beginOffset": -1
          },
          "type": "COMMON"
        }
      ]
    },
    {
      "name": "Adopter",
      "type": "OTHER",
      "metadata": {},
      "salience": 0.011835134,
      "mentions": [
        {
          "text": {
            "content": "Adopter",
            "beginOffset": -1
          },
          "type": "COMMON"
        }
      ]
    },
    {
      "name": "Syahida Yep",
      "type": "OTHER",
      "metadata": {},
      "salience": 0.011528082,
      "mentions": [
        {
          "text": {
            "content": "Syahida Yep",
            "beginOffset": -1
          },
          "type": "PROPER"
        },
        {
          "text": {
            "content": "whatsapp",
            "beginOffset": -1
          },
          "type": "COMMON"
        }
      ]
    },
    {
      "name": "manja",
      "type": "OTHER",
      "metadata": {},
      "salience": 0.010728246,
      "mentions": [
        {
          "text": {
            "content": "manja",
            "beginOffset": -1
          },
          "type": "COMMON"
        }
      ]
    },
    {
      "name": "kibble",
      "type": "OTHER",
      "metadata": {},
      "salience": 0.010728246,
      "mentions": [
        {
          "text": {
            "content": "kibble",
            "beginOffset": -1
          },
          "type": "COMMON"
        }
      ]
    },
    {
      "name": "furkids",
      "type": "OTHER",
      "metadata": {},
      "salience": 0.009677683,
      "mentions": [
        {
          "text": {
            "content": "furkids",
            "beginOffset": -1
          },
          "type": "COMMON"
        }
      ]
    },
    {
      "name": "Anyone",
      "type": "PERSON",
      "metadata": {},
      "salience": 0.00752443,
      "mentions": [
        {
          "text": {
            "content": "Anyone",
            "beginOffset": -1
          },
          "type": "COMMON"
        }
      ]
    },
    {
      "name": "diseases",
      "type": "OTHER",
      "metadata": {},
      "salience": 0.0073620756,
      "mentions": [
        {
          "text": {
            "content": "diseases",
            "beginOffset": -1
          },
          "type": "COMMON"
        }
      ]
    },
    {
      "name": "cat ownership experience",
      "type": "OTHER",
      "metadata": {},
      "salience": 0.007351438,
      "mentions": [
        {
          "text": {
            "content": "cat ownership experience",
            "beginOffset": -1
          },
          "type": "COMMON"
        }
      ]
    },
    {
      "name": "TabbyBoy",
      "type": "OTHER",
      "metadata": {},
      "salience": 0.006704044,
      "mentions": [
        {
          "text": {
            "content": "TabbyBoy",
            "beginOffset": -1
          },
          "type": "PROPER"
        }
      ]
    },
    {
      "name": "sms",
      "type": "OTHER",
      "metadata": {},
      "salience": 0.005141706,
      "mentions": [
        {
          "text": {
            "content": "sms",
            "beginOffset": -1
          },
          "type": "COMMON"
        }
      ]
    },
    {
      "name": "Adopter",
      "type": "PERSON",
      "metadata": {},
      "salience": 0.004338459,
      "mentions": [
        {
          "text": {
            "content": "Adopter",
            "beginOffset": -1
          },
          "type": "COMMON"
        }
      ]
    },
    {
      "name": "cats",
      "type": "OTHER",
      "metadata": {},
      "salience": 0.0032428685,
      "mentions": [
        {
          "text": {
            "content": "cats",
            "beginOffset": -1
          },
          "type": "COMMON"
        }
      ]
    }
  ],
  "documentSentiment": {
    "magnitude": 5.4,
    "score": 0.3
  },
  "language": "en",
  "categories": []
}
