{
  "sentences": [
    {
      "text": {
        "content": "Rescued from the street in Bukit Tinggi, near to GM Klang.",
        "beginOffset": -1
      },
      "sentiment": {
        "magnitude": 0.2,
        "score": 0.2
      }
    },
    {
      "text": {
        "content": "Like all puppy, very active &amp; playful.",
        "beginOffset": -1
      },
      "sentiment": {
        "magnitude": 0.8,
        "score": 0.8
      }
    },
    {
      "text": {
        "content": "Very affectionate.",
        "beginOffset": -1
      },
      "sentiment": {
        "magnitude": 0.7,
        "score": 0.7
      }
    },
    {
      "text": {
        "content": "Hopefully will find her a permanent home for this little cutie.",
        "beginOffset": -1
      },
      "sentiment": {
        "magnitude": 0.1,
        "score": 0.1
      }
    }
  ],
  "tokens": [],
  "entities": [
    {
      "name": "street",
      "type": "LOCATION",
      "metadata": {},
      "salience": 0.5444627,
      "mentions": [
        {
          "text": {
            "content": "street",
            "beginOffset": -1
          },
          "type": "COMMON"
        }
      ]
    },
    {
      "name": "Bukit Tinggi",
      "type": "LOCATION",
      "metadata": {
        "mid": "/m/0b9qsl",
        "wikipedia_url": "https://en.wikipedia.org/wiki/Bukit_Tinggi,_Pahang"
      },
      "salience": 0.14521572,
      "mentions": [
        {
          "text": {
            "content": "Bukit Tinggi",
            "beginOffset": -1
          },
          "type": "PROPER"
        }
      ]
    },
    {
      "name": "GM Klang",
      "type": "ORGANIZATION",
      "metadata": {},
      "salience": 0.09972809,
      "mentions": [
        {
          "text": {
            "content": "GM Klang",
            "beginOffset": -1
          },
          "type": "PROPER"
        }
      ]
    },
    {
      "name": "home",
      "type": "LOCATION",
      "metadata": {},
      "salience": 0.08788279,
      "mentions": [
        {
          "text": {
            "content": "home",
            "beginOffset": -1
          },
          "type": "COMMON"
        }
      ]
    },
    {
      "name": "puppy",
      "type": "OTHER",
      "metadata": {},
      "salience": 0.08249848,
      "mentions": [
        {
          "text": {
            "content": "puppy",
            "beginOffset": -1
          },
          "type": "COMMON"
        }
      ]
    },
    {
      "name": "cutie",
      "type": "OTHER",
      "metadata": {},
      "salience": 0.04021226,
      "mentions": [
        {
          "text": {
            "content": "cutie",
            "beginOffset": -1
          },
          "type": "COMMON"
        }
      ]
    }
  ],
  "documentSentiment": {
    "magnitude": 1.9,
    "score": 0.4
  },
  "language": "en",
  "categories": []
}
