{
  "sentences": [
    {
      "text": {
        "content": "hyperactive, fast, accurate, and the uncatchable - a smaller version of the cheetah =)",
        "beginOffset": -1
      },
      "sentiment": {
        "magnitude": 0.9,
        "score": 0.9
      }
    },
    {
      "text": {
        "content": "Do visit lil' gray and the rest at our adoption booth at hartamas shopping plaza damas every saturday 1-6pm !!",
        "beginOffset": -1
      },
      "sentiment": {
        "magnitude": 0.4,
        "score": 0.4
      }
    }
  ],
  "tokens": [],
  "entities": [
    {
      "name": "version",
      "type": "OTHER",
      "metadata": {},
      "salience": 0.2550122,
      "mentions": [
        {
          "text": {
            "content": "version",
            "beginOffset": -1
          },
          "type": "COMMON"
        }
      ]
    },
    {
      "name": "cheetah",
      "type": "OTHER",
      "metadata": {},
      "salience": 0.2550122,
      "mentions": [
        {
          "text": {
            "content": "cheetah",
            "beginOffset": -1
          },
          "type": "COMMON"
        }
      ]
    },
    {
      "name": "visit lil",
      "type": "PERSON",
      "metadata": {},
      "salience": 0.12743534,
      "mentions": [
        {
          "text": {
            "content": "visit lil",
            "beginOffset": -1
          },
          "type": "COMMON"
        }
      ]
    },
    {
      "name": "gray",
      "type": "OTHER",
      "metadata": {},
      "salience": 0.11717869,
      "mentions": [
        {
          "text": {
            "content": "gray",
            "beginOffset": -1
          },
          "type": "COMMON"
        }
      ]
    },
    {
      "name": "rest",
      "type": "OTHER",
      "metadata": {},
      "salience": 0.11717869,
      "mentions": [
        {
          "text": {
            "content": "rest",
            "beginOffset": -1
          },
          "type": "COMMON"
        }
      ]
    },
    {
      "name": "shopping plaza",
      "type": "LOCATION",
      "metadata": {},
      "salience": 0.08883326,
      "mentions": [
        {
          "text": {
            "content": "shopping plaza",
            "beginOffset": -1
          },
          "type": "COMMON"
        }
      ]
    },
    {
      "name": "adoption booth",
      "type": "OTHER",
      "metadata": {},
      "salience": 0.03934958,
      "mentions": [
        {
          "text": {
            "content": "adoption booth",
            "beginOffset": -1
          },
          "type": "COMMON"
        }
      ]
    }
  ],
  "documentSentiment": {
    "magnitude": 1.4,
    "score": 0.7
  },
  "language": "en",
  "categories": []
}
