{
  "sentences": [
    {
      "text": {
        "content": "Sox is one of a kind a pure Telomian breed.A true pure breed Msian dog.",
        "beginOffset": -1
      },
      "sentiment": {
        "magnitude": 0.5,
        "score": 0.5
      }
    },
    {
      "text": {
        "content": "Very intelligent and very calm.Lovable and beautiful.Heart stealer",
        "beginOffset": -1
      },
      "sentiment": {
        "magnitude": 0.9,
        "score": 0.9
      }
    }
  ],
  "tokens": [],
  "entities": [
    {
      "name": "Sox",
      "type": "OTHER",
      "metadata": {
        "mid": "/m/0hnpr",
        "wikipedia_url": "https://en.wikipedia.org/wiki/Sarbanes–Oxley_Act"
      },
      "salience": 0.66584796,
      "mentions": [
        {
          "text": {
            "content": "Sox",
            "beginOffset": -1
          },
          "type": "PROPER"
        },
        {
          "text": {
            "content": "one",
            "beginOffset": -1
          },
          "type": "COMMON"
        }
      ]
    },
    {
      "name": "kind",
      "type": "OTHER",
      "metadata": {},
      "salience": 0.1207365,
      "mentions": [
        {
          "text": {
            "content": "kind",
            "beginOffset": -1
          },
          "type": "COMMON"
        }
      ]
    },
    {
      "name": "dog",
      "type": "OTHER",
      "metadata": {},
      "salience": 0.07796482,
      "mentions": [
        {
          "text": {
            "content": "dog",
            "beginOffset": -1
          },
          "type": "COMMON"
        }
      ]
    },
    {
      "name": "Telomian",
      "type": "PERSON",
      "metadata": {
        "mid": "/m/04jblhl",
        "wikipedia_url": "https://en.wikipedia.org/wiki/Telomian"
      },
      "salience": 0.0505491,
      "mentions": [
        {
          "text": {
            "content": "Telomian",
            "beginOffset": -1
          },
          "type": "PROPER"
        }
      ]
    },
    {
      "name": "Msian",
      "type": "PERSON",
      "metadata": {},
      "salience": 0.047061477,
      "mentions": [
        {
          "text": {
            "content": "Msian",
            "beginOffset": -1
          },
          "type": "PROPER"
        }
      ]
    },
    {
      "name": "Heart stealer",
      "type": "OTHER",
      "metadata": {},
      "salience": 0.020496888,
      "mentions": [
        {
          "text": {
            "content": "Heart stealer",
            "beginOffset": -1
          },
          "type": "COMMON"
        }
      ]
    },
    {
      "name": "Lovable",
      "type": "OTHER",
      "metadata": {},
      "salience": 0.017343262,
      "mentions": [
        {
          "text": {
            "content": "Lovable",
            "beginOffset": -1
          },
          "type": "PROPER"
        }
      ]
    }
  ],
  "documentSentiment": {
    "magnitude": 1.5,
    "score": 0.7
  },
  "language": "en",
  "categories": []
}
