{
  "sentences": [
    {
      "text": {
        "content": "Just as my husband and I were walking to our friend's house, she crawled out under a car and started meowing towards us.",
        "beginOffset": -1
      },
      "sentiment": {
        "magnitude": 0,
        "score": 0
      }
    },
    {
      "text": {
        "content": "We placed her by the bush as we had to catch up with our friends, and when we returned back to the car, she was still there, sitting there waiting for us.",
        "beginOffset": -1
      },
      "sentiment": {
        "magnitude": 0.1,
        "score": -0.1
      }
    },
    {
      "text": {
        "content": "Her fur is pure white and has a pure pink skin.",
        "beginOffset": -1
      },
      "sentiment": {
        "magnitude": 0,
        "score": 0
      }
    },
    {
      "text": {
        "content": "Suspect to be an Albino kitten.",
        "beginOffset": -1
      },
      "sentiment": {
        "magnitude": 0,
        "score": 0
      }
    },
    {
      "text": {
        "content": "Very very manja and meows whenever she wants attention (not just for food).",
        "beginOffset": -1
      },
      "sentiment": {
        "magnitude": 0.6,
        "score": 0.6
      }
    }
  ],
  "tokens": [],
  "entities": [
    {
      "name": "friend",
      "type": "PERSON",
      "metadata": {},
      "salience": 0.23351388,
      "mentions": [
        {
          "text": {
            "content": "friend",
            "beginOffset": -1
          },
          "type": "COMMON"
        }
      ]
    },
    {
      "name": "husband",
      "type": "PERSON",
      "metadata": {},
      "salience": 0.20666534,
      "mentions": [
        {
          "text": {
            "content": "husband",
            "beginOffset": -1
          },
          "type": "COMMON"
        }
      ]
    },
    {
      "name": "house",
      "type": "LOCATION",
      "metadata": {},
      "salience": 0.20666534,
      "mentions": [
        {
          "text": {
            "content": "house",
            "beginOffset": -1
          },
          "type": "COMMON"
        }
      ]
    },
    {
      "name": "bush",
      "type": "LOCATION",
      "metadata": {},
      "salience": 0.09291306,
      "mentions": [
        {
          "text": {
            "content": "bush",
            "beginOffset": -1
          },
          "type": "COMMON"
        }
      ]
    },
    {
      "name": "car",
      "type": "CONSUMER_GOOD",
      "metadata": {},
      "salience": 0.09185191,
      "mentions": [
        {
          "text": {
            "content": "car",
            "beginOffset": -1
          },
          "type": "COMMON"
        }
      ]
    },
    {
      "name": "white",
      "type": "OTHER",
      "metadata": {},
      "salience": 0.042195454,
      "mentions": [
        {
          "text": {
            "content": "fur",
            "beginOffset": -1
          },
          "type": "COMMON"
        },
        {
          "text": {
            "content": "white",
            "beginOffset": -1
          },
          "type": "COMMON"
        }
      ]
    },
    {
      "name": "friends",
      "type": "PERSON",
      "metadata": {},
      "salience": 0.030565113,
      "mentions": [
        {
          "text": {
            "content": "friends",
            "beginOffset": -1
          },
          "type": "COMMON"
        }
      ]
    },
    {
      "name": "car",
      "type": "CONSUMER_GOOD",
      "metadata": {},
      "salience": 0.028059172,
      "mentions": [
        {
          "text": {
            "content": "car",
            "beginOffset": -1
          },
          "type": "COMMON"
        }
      ]
    },
    {
      "name": "kitten",
      "type": "PERSON",
      "metadata": {},
      "salience": 0.022724926,
      "mentions": [
        {
          "text": {
            "content": "kitten",
            "beginOffset": -1
          },
          "type": "COMMON"
        }
      ]
    },
    {
      "name": "attention",
      "type": "OTHER",
      "metadata": {},
      "salience": 0.012893872,
      "mentions": [
        {
          "text": {
            "content": "attention",
            "beginOffset": -1
          },
          "type": "COMMON"
        }
      ]
    },
    {
      "name": "food",
      "type": "OTHER",
      "metadata": {},
      "salience": 0.012893872,
      "mentions": [
        {
          "text": {
            "content": "food",
            "beginOffset": -1
          },
          "type": "COMMON"
        }
      ]
    },
    {
      "name": "Albino",
      "type": "ORGANIZATION",
      "metadata": {},
      "salience": 0.010922495,
      "mentions": [
        {
          "text": {
            "content": "Albino",
            "beginOffset": -1
          },
          "type": "PROPER"
        }
      ]
    },
    {
      "name": "skin",
      "type": "OTHER",
      "metadata": {},
      "salience": 0.008135582,
      "mentions": [
        {
          "text": {
            "content": "skin",
            "beginOffset": -1
          },
          "type": "COMMON"
        }
      ]
    }
  ],
  "documentSentiment": {
    "magnitude": 0.9,
    "score": 0.1
  },
  "language": "en",
  "categories": []
}
