{
  "sentences": [
    {
      "text": {
        "content": "I found these poor kittens in Taipan, Subang.",
        "beginOffset": -1
      },
      "sentiment": {
        "magnitude": 0.7,
        "score": -0.7
      }
    },
    {
      "text": {
        "content": "They were meowing very loud and I went to check out and saw them inside a small box under the pouring rain and they were half wet.Not sure which idiot dumped them there.",
        "beginOffset": -1
      },
      "sentiment": {
        "magnitude": 0.8,
        "score": -0.8
      }
    },
    {
      "text": {
        "content": "At first I thought maybe they were dumped together with the mother and maybe the mother went to search for food so I left them there but move the box little bit.",
        "beginOffset": -1
      },
      "sentiment": {
        "magnitude": 0.6,
        "score": -0.6
      }
    },
    {
      "text": {
        "content": "Later that nite I went back to see if the mother came back.",
        "beginOffset": -1
      },
      "sentiment": {
        "magnitude": 0,
        "score": 0
      }
    },
    {
      "text": {
        "content": "There's no sign the mother was with them and if I think back the box is damn small doesn't seems to fit in the mother so I came to a conclusion they were not dumped with the mother so I took them.",
        "beginOffset": -1
      },
      "sentiment": {
        "magnitude": 0.8,
        "score": -0.8
      }
    },
    {
      "text": {
        "content": "Im begging any kind hearted to adopt them.",
        "beginOffset": -1
      },
      "sentiment": {
        "magnitude": 0.1,
        "score": -0.1
      }
    },
    {
      "text": {
        "content": "I really really dont have enough space to keep them as Im staying in small apartment and I already have few kittens to take care.",
        "beginOffset": -1
      },
      "sentiment": {
        "magnitude": 0,
        "score": 0
      }
    },
    {
      "text": {
        "content": "Please please..as long as you can give a proper food n shelter they're all yours and its not necessary that u have to take all 5 of them.",
        "beginOffset": -1
      },
      "sentiment": {
        "magnitude": 0.3,
        "score": -0.3
      }
    },
    {
      "text": {
        "content": "Can also adopt 1 or 2 would really help.",
        "beginOffset": -1
      },
      "sentiment": {
        "magnitude": 0.3,
        "score": 0.3
      }
    }
  ],
  "tokens": [],
  "entities": [
    {
      "name": "kittens",
      "type": "PERSON",
      "metadata": {},
      "salience": 0.29491654,
      "mentions": [
        {
          "text": {
            "content": "kittens",
            "beginOffset": -1
          },
          "type": "COMMON"
        }
      ]
    },
    {
      "name": "box",
      "type": "OTHER",
      "metadata": {},
      "salience": 0.11347749,
      "mentions": [
        {
          "text": {
            "content": "box",
            "beginOffset": -1
          },
          "type": "COMMON"
        },
        {
          "text": {
            "content": "box",
            "beginOffset": -1
          },
          "type": "COMMON"
        }
      ]
    },
    {
      "name": "Taipan",
      "type": "LOCATION",
      "metadata": {},
      "salience": 0.08091193,
      "mentions": [
        {
          "text": {
            "content": "Taipan",
            "beginOffset": -1
          },
          "type": "PROPER"
        }
      ]
    },
    {
      "name": "Subang",
      "type": "LOCATION",
      "metadata": {
        "wikipedia_url": "https://en.wikipedia.org/wiki/Subang_Jaya",
        "mid": "/m/054t4_"
      },
      "salience": 0.08091193,
      "mentions": [
        {
          "text": {
            "content": "Subang",
            "beginOffset": -1
          },
          "type": "PROPER"
        }
      ]
    },
    {
      "name": "kittens",
      "type": "PERSON",
      "metadata": {},
      "salience": 0.06360451,
      "mentions": [
        {
          "text": {
            "content": "kittens",
            "beginOffset": -1
          },
          "type": "COMMON"
        },
        {
          "text": {
            "content": "yours",
            "beginOffset": -1
          },
          "type": "COMMON"
        }
      ]
    },
    {
      "name": "mother",
      "type": "PERSON",
      "metadata": {},
      "salience": 0.033762872,
      "mentions": [
        {
          "text": {
            "content": "mother",
            "beginOffset": -1
          },
          "type": "COMMON"
        }
      ]
    },
    {
      "name": "box",
      "type": "OTHER",
      "metadata": {},
      "salience": 0.031318363,
      "mentions": [
        {
          "text": {
            "content": "box",
            "beginOffset": -1
          },
          "type": "COMMON"
        }
      ]
    },
    {
      "name": "mother",
      "type": "PERSON",
      "metadata": {},
      "salience": 0.029407993,
      "mentions": [
        {
          "text": {
            "content": "mother",
            "beginOffset": -1
          },
          "type": "COMMON"
        }
      ]
    },
    {
      "name": "mother",
      "type": "PERSON",
      "metadata": {},
      "salience": 0.028618498,
      "mentions": [
        {
          "text": {
            "content": "mother",
            "beginOffset": -1
          },
          "type": "COMMON"
        }
      ]
    },
    {
      "name": "mother",
      "type": "PERSON",
      "metadata": {},
      "salience": 0.025168583,
      "mentions": [
        {
          "text": {
            "content": "mother",
            "beginOffset": -1
          },
          "type": "COMMON"
        }
      ]
    },
    {
      "name": "rain",
      "type": "OTHER",
      "metadata": {},
      "salience": 0.025117336,
      "mentions": [
        {
          "text": {
            "content": "rain",
            "beginOffset": -1
          },
          "type": "COMMON"
        }
      ]
    },
    {
      "name": "idiot",
      "type": "PERSON",
      "metadata": {},
      "salience": 0.025117336,
      "mentions": [
        {
          "text": {
            "content": "idiot",
            "beginOffset": -1
          },
          "type": "COMMON"
        }
      ]
    },
    {
      "name": "mother",
      "type": "PERSON",
      "metadata": {},
      "salience": 0.023238603,
      "mentions": [
        {
          "text": {
            "content": "mother",
            "beginOffset": -1
          },
          "type": "COMMON"
        }
      ]
    },
    {
      "name": "mother",
      "type": "PERSON",
      "metadata": {},
      "salience": 0.023238603,
      "mentions": [
        {
          "text": {
            "content": "mother",
            "beginOffset": -1
          },
          "type": "COMMON"
        }
      ]
    },
    {
      "name": "sign",
      "type": "OTHER",
      "metadata": {},
      "salience": 0.020413639,
      "mentions": [
        {
          "text": {
            "content": "sign",
            "beginOffset": -1
          },
          "type": "COMMON"
        }
      ]
    },
    {
      "name": "food",
      "type": "OTHER",
      "metadata": {},
      "salience": 0.019211816,
      "mentions": [
        {
          "text": {
            "content": "food",
            "beginOffset": -1
          },
          "type": "COMMON"
        }
      ]
    },
    {
      "name": "bit",
      "type": "OTHER",
      "metadata": {},
      "salience": 0.01688073,
      "mentions": [
        {
          "text": {
            "content": "bit",
            "beginOffset": -1
          },
          "type": "COMMON"
        }
      ]
    },
    {
      "name": "conclusion",
      "type": "OTHER",
      "metadata": {},
      "salience": 0.015584128,
      "mentions": [
        {
          "text": {
            "content": "conclusion",
            "beginOffset": -1
          },
          "type": "COMMON"
        }
      ]
    },
    {
      "name": "care",
      "type": "OTHER",
      "metadata": {},
      "salience": 0.013393453,
      "mentions": [
        {
          "text": {
            "content": "care",
            "beginOffset": -1
          },
          "type": "COMMON"
        }
      ]
    },
    {
      "name": "apartment",
      "type": "LOCATION",
      "metadata": {},
      "salience": 0.011700527,
      "mentions": [
        {
          "text": {
            "content": "apartment",
            "beginOffset": -1
          },
          "type": "COMMON"
        }
      ]
    },
    {
      "name": "food n shelter",
      "type": "OTHER",
      "metadata": {},
      "salience": 0.008913745,
      "mentions": [
        {
          "text": {
            "content": "food n shelter",
            "beginOffset": -1
          },
          "type": "COMMON"
        }
      ]
    },
    {
      "name": "kind",
      "type": "OTHER",
      "metadata": {},
      "salience": 0.0051430184,
      "mentions": [
        {
          "text": {
            "content": "kind",
            "beginOffset": -1
          },
          "type": "COMMON"
        }
      ]
    },
    {
      "name": "space",
      "type": "OTHER",
      "metadata": {},
      "salience": 0.0050704977,
      "mentions": [
        {
          "text": {
            "content": "space",
            "beginOffset": -1
          },
          "type": "COMMON"
        }
      ]
    },
    {
      "name": "Im",
      "type": "PERSON",
      "metadata": {},
      "salience": 0.004877865,
      "mentions": [
        {
          "text": {
            "content": "Im",
            "beginOffset": -1
          },
          "type": "PROPER"
        },
        {
          "text": {
            "content": "Im",
            "beginOffset": -1
          },
          "type": "PROPER"
        }
      ]
    }
  ],
  "documentSentiment": {
    "magnitude": 4,
    "score": -0.3
  },
  "language": "en",
  "categories": []
}
