{
  "sentences": [
    {
      "text": {
        "content": "Sheba and Babydoll are two pure black female pups with an attitude!",
        "beginOffset": -1
      },
      "sentiment": {
        "magnitude": 0.4,
        "score": -0.4
      }
    },
    {
      "text": {
        "content": "Both are active and enjoy playing.",
        "beginOffset": -1
      },
      "sentiment": {
        "magnitude": 0.8,
        "score": 0.8
      }
    },
    {
      "text": {
        "content": "Sheba is bigger than Babydoll and has matte black fur while Babydoll's fur is silky and shiny.",
        "beginOffset": -1
      },
      "sentiment": {
        "magnitude": 0.6,
        "score": 0.6
      }
    },
    {
      "text": {
        "content": "Both have received their first round of vaccination and deworming.",
        "beginOffset": -1
      },
      "sentiment": {
        "magnitude": 0,
        "score": 0
      }
    },
    {
      "text": {
        "content": "Adopters will receive a voucher for 3kg free Eukanuba puppy food.",
        "beginOffset": -1
      },
      "sentiment": {
        "magnitude": 0.2,
        "score": 0.2
      }
    },
    {
      "text": {
        "content": "There is no adoption fee, however, interested adopters must agree to spay them when old enough.",
        "beginOffset": -1
      },
      "sentiment": {
        "magnitude": 0.3,
        "score": 0.3
      }
    },
    {
      "text": {
        "content": "We can arrange for our regular vet at Taipan USJ, to provide spaying at cheap rate of only RM.",
        "beginOffset": -1
      },
      "sentiment": {
        "magnitude": 0,
        "score": 0
      }
    },
    {
      "text": {
        "content": "This is much cheaper than most vets where price is usually at least RM or more.",
        "beginOffset": -1
      },
      "sentiment": {
        "magnitude": 0,
        "score": 0
      }
    },
    {
      "text": {
        "content": "Amount shall be paid to vet upon adoption and just show the receipt when pup is old enough for spaying.",
        "beginOffset": -1
      },
      "sentiment": {
        "magnitude": 0.3,
        "score": -0.3
      }
    },
    {
      "text": {
        "content": "Anyone interested to view the puppies, please contact my mother, Jocelyn at.",
        "beginOffset": -1
      },
      "sentiment": {
        "magnitude": 0.2,
        "score": 0.2
      }
    }
  ],
  "tokens": [],
  "entities": [
    {
      "name": "pups",
      "type": "PERSON",
      "metadata": {},
      "salience": 0.1531233,
      "mentions": [
        {
          "text": {
            "content": "pups",
            "beginOffset": -1
          },
          "type": "COMMON"
        }
      ]
    },
    {
      "name": "Sheba",
      "type": "PERSON",
      "metadata": {},
      "salience": 0.12632415,
      "mentions": [
        {
          "text": {
            "content": "Sheba",
            "beginOffset": -1
          },
          "type": "PROPER"
        },
        {
          "text": {
            "content": "Sheba",
            "beginOffset": -1
          },
          "type": "PROPER"
        }
      ]
    },
    {
      "name": "Babydoll",
      "type": "OTHER",
      "metadata": {
        "mid": "/m/04vty8",
        "wikipedia_url": "https://en.wikipedia.org/wiki/Babydoll"
      },
      "salience": 0.12538494,
      "mentions": [
        {
          "text": {
            "content": "Babydoll",
            "beginOffset": -1
          },
          "type": "PROPER"
        },
        {
          "text": {
            "content": "Babydoll",
            "beginOffset": -1
          },
          "type": "PROPER"
        },
        {
          "text": {
            "content": "Babydoll",
            "beginOffset": -1
          },
          "type": "PROPER"
        }
      ]
    },
    {
      "name": "attitude",
      "type": "OTHER",
      "metadata": {},
      "salience": 0.122346535,
      "mentions": [
        {
          "text": {
            "content": "attitude",
            "beginOffset": -1
          },
          "type": "COMMON"
        }
      ]
    },
    {
      "name": "Both",
      "type": "OTHER",
      "metadata": {},
      "salience": 0.06629581,
      "mentions": [
        {
          "text": {
            "content": "Both",
            "beginOffset": -1
          },
          "type": "COMMON"
        }
      ]
    },
    {
      "name": "Both",
      "type": "OTHER",
      "metadata": {},
      "salience": 0.044177577,
      "mentions": [
        {
          "text": {
            "content": "Both",
            "beginOffset": -1
          },
          "type": "COMMON"
        }
      ]
    },
    {
      "name": "fur",
      "type": "OTHER",
      "metadata": {},
      "salience": 0.031067573,
      "mentions": [
        {
          "text": {
            "content": "fur",
            "beginOffset": -1
          },
          "type": "COMMON"
        }
      ]
    },
    {
      "name": "fur",
      "type": "OTHER",
      "metadata": {},
      "salience": 0.025867077,
      "mentions": [
        {
          "text": {
            "content": "fur",
            "beginOffset": -1
          },
          "type": "COMMON"
        }
      ]
    },
    {
      "name": "RM",
      "type": "OTHER",
      "metadata": {},
      "salience": 0.02304019,
      "mentions": [
        {
          "text": {
            "content": "RM",
            "beginOffset": -1
          },
          "type": "COMMON"
        },
        {
          "text": {
            "content": "RM",
            "beginOffset": -1
          },
          "type": "COMMON"
        }
      ]
    },
    {
      "name": "adopters",
      "type": "PERSON",
      "metadata": {},
      "salience": 0.020650806,
      "mentions": [
        {
          "text": {
            "content": "adopters",
            "beginOffset": -1
          },
          "type": "COMMON"
        }
      ]
    },
    {
      "name": "Adopters",
      "type": "PERSON",
      "metadata": {},
      "salience": 0.020445123,
      "mentions": [
        {
          "text": {
            "content": "Adopters",
            "beginOffset": -1
          },
          "type": "COMMON"
        }
      ]
    },
    {
      "name": "adoption fee",
      "type": "OTHER",
      "metadata": {},
      "salience": 0.018535817,
      "mentions": [
        {
          "text": {
            "content": "adoption fee",
            "beginOffset": -1
          },
          "type": "COMMON"
        }
      ]
    },
    {
      "name": "round",
      "type": "EVENT",
      "metadata": {},
      "salience": 0.016888836,
      "mentions": [
        {
          "text": {
            "content": "round",
            "beginOffset": -1
          },
          "type": "COMMON"
        }
      ]
    },
    {
      "name": "voucher",
      "type": "OTHER",
      "metadata": {},
      "salience": 0.016842712,
      "mentions": [
        {
          "text": {
            "content": "voucher",
            "beginOffset": -1
          },
          "type": "COMMON"
        }
      ]
    },
    {
      "name": "Jocelyn",
      "type": "PERSON",
      "metadata": {},
      "salience": 0.016655982,
      "mentions": [
        {
          "text": {
            "content": "mother",
            "beginOffset": -1
          },
          "type": "COMMON"
        },
        {
          "text": {
            "content": "Jocelyn",
            "beginOffset": -1
          },
          "type": "PROPER"
        }
      ]
    },
    {
      "name": "puppy food",
      "type": "OTHER",
      "metadata": {},
      "salience": 0.015457743,
      "mentions": [
        {
          "text": {
            "content": "puppy food",
            "beginOffset": -1
          },
          "type": "COMMON"
        }
      ]
    },
    {
      "name": "vaccination",
      "type": "OTHER",
      "metadata": {},
      "salience": 0.015311206,
      "mentions": [
        {
          "text": {
            "content": "vaccination",
            "beginOffset": -1
          },
          "type": "COMMON"
        }
      ]
    },
    {
      "name": "deworming",
      "type": "OTHER",
      "metadata": {},
      "salience": 0.015311206,
      "mentions": [
        {
          "text": {
            "content": "deworming",
            "beginOffset": -1
          },
          "type": "COMMON"
        }
      ]
    },
    {
      "name": "adoption",
      "type": "EVENT",
      "metadata": {},
      "salience": 0.014227254,
      "mentions": [
        {
          "text": {
            "content": "adoption",
            "beginOffset": -1
          },
          "type": "COMMON"
        }
      ]
    },
    {
      "name": "vet",
      "type": "PERSON",
      "metadata": {},
      "salience": 0.014127744,
      "mentions": [
        {
          "text": {
            "content": "vet",
            "beginOffset": -1
          },
          "type": "COMMON"
        }
      ]
    },
    {
      "name": "pup",
      "type": "OTHER",
      "metadata": {},
      "salience": 0.012767603,
      "mentions": [
        {
          "text": {
            "content": "pup",
            "beginOffset": -1
          },
          "type": "COMMON"
        }
      ]
    },
    {
      "name": "spaying",
      "type": "OTHER",
      "metadata": {},
      "salience": 0.01227495,
      "mentions": [
        {
          "text": {
            "content": "spaying",
            "beginOffset": -1
          },
          "type": "COMMON"
        }
      ]
    },
    {
      "name": "more",
      "type": "OTHER",
      "metadata": {},
      "salience": 0.010635887,
      "mentions": [
        {
          "text": {
            "content": "more",
            "beginOffset": -1
          },
          "type": "COMMON"
        }
      ]
    },
    {
      "name": "Eukanuba",
      "type": "ORGANIZATION",
      "metadata": {
        "mid": "/m/0bq7bp",
        "wikipedia_url": "https://en.wikipedia.org/wiki/Eukanuba"
      },
      "salience": 0.009036707,
      "mentions": [
        {
          "text": {
            "content": "Eukanuba",
            "beginOffset": -1
          },
          "type": "PROPER"
        }
      ]
    },
    {
      "name": "spaying",
      "type": "OTHER",
      "metadata": {},
      "salience": 0.008466112,
      "mentions": [
        {
          "text": {
            "content": "spaying",
            "beginOffset": -1
          },
          "type": "COMMON"
        }
      ]
    },
    {
      "name": "puppies",
      "type": "OTHER",
      "metadata": {},
      "salience": 0.00845516,
      "mentions": [
        {
          "text": {
            "content": "puppies",
            "beginOffset": -1
          },
          "type": "COMMON"
        }
      ]
    },
    {
      "name": "Taipan USJ",
      "type": "LOCATION",
      "metadata": {},
      "salience": 0.008359893,
      "mentions": [
        {
          "text": {
            "content": "Taipan USJ",
            "beginOffset": -1
          },
          "type": "PROPER"
        }
      ]
    },
    {
      "name": "Anyone",
      "type": "PERSON",
      "metadata": {},
      "salience": 0.007427789,
      "mentions": [
        {
          "text": {
            "content": "Anyone",
            "beginOffset": -1
          },
          "type": "COMMON"
        }
      ]
    },
    {
      "name": "price",
      "type": "OTHER",
      "metadata": {},
      "salience": 0.0056136865,
      "mentions": [
        {
          "text": {
            "content": "price",
            "beginOffset": -1
          },
          "type": "COMMON"
        }
      ]
    },
    {
      "name": "receipt",
      "type": "OTHER",
      "metadata": {},
      "salience": 0.0055370494,
      "mentions": [
        {
          "text": {
            "content": "receipt",
            "beginOffset": -1
          },
          "type": "COMMON"
        }
      ]
    },
    {
      "name": "rate",
      "type": "OTHER",
      "metadata": {},
      "salience": 0.004675629,
      "mentions": [
        {
          "text": {
            "content": "rate",
            "beginOffset": -1
          },
          "type": "COMMON"
        }
      ]
    },
    {
      "name": "vets",
      "type": "PERSON",
      "metadata": {},
      "salience": 0.0046679555,
      "mentions": [
        {
          "text": {
            "content": "vets",
            "beginOffset": -1
          },
          "type": "COMMON"
        }
      ]
    }
  ],
  "documentSentiment": {
    "magnitude": 3.4,
    "score": 0.1
  },
  "language": "en",
  "categories": []
}
