{
  "sentences": [
    {
      "text": {
        "content": "I adopted scooby on Jan 3.",
        "beginOffset": -1
      },
      "sentiment": {
        "magnitude": 0,
        "score": 0
      }
    },
    {
      "text": {
        "content": "He is is healthy n very energetic..",
        "beginOffset": -1
      },
      "sentiment": {
        "magnitude": 0.8,
        "score": 0.8
      }
    },
    {
      "text": {
        "content": "due to my work..",
        "beginOffset": -1
      },
      "sentiment": {
        "magnitude": 0,
        "score": 0
      }
    },
    {
      "text": {
        "content": "I m unable to look after him.",
        "beginOffset": -1
      },
      "sentiment": {
        "magnitude": 0.5,
        "score": -0.5
      }
    },
    {
      "text": {
        "content": "N looking for serious partner.",
        "beginOffset": -1
      },
      "sentiment": {
        "magnitude": 0,
        "score": 0
      }
    }
  ],
  "tokens": [],
  "entities": [
    {
      "name": "scooby",
      "type": "OTHER",
      "metadata": {},
      "salience": 0.82814556,
      "mentions": [
        {
          "text": {
            "content": "scooby",
            "beginOffset": -1
          },
          "type": "COMMON"
        }
      ]
    },
    {
      "name": "work",
      "type": "OTHER",
      "metadata": {},
      "salience": 0.112310216,
      "mentions": [
        {
          "text": {
            "content": "work",
            "beginOffset": -1
          },
          "type": "COMMON"
        }
      ]
    },
    {
      "name": "partner",
      "type": "PERSON",
      "metadata": {},
      "salience": 0.05954423,
      "mentions": [
        {
          "text": {
            "content": "partner",
            "beginOffset": -1
          },
          "type": "COMMON"
        }
      ]
    }
  ],
  "documentSentiment": {
    "magnitude": 1.5,
    "score": 0.1
  },
  "language": "en",
  "categories": []
}
