{
  "sentences": [
    {
      "text": {
        "content": "Wallace is a playful yet charming little kitty.",
        "beginOffset": -1
      },
      "sentiment": {
        "magnitude": 0.7,
        "score": 0.7
      }
    },
    {
      "text": {
        "content": "He is tough,yet timit, especially when the vacuum cleaner is on.",
        "beginOffset": -1
      },
      "sentiment": {
        "magnitude": 0.2,
        "score": 0.2
      }
    },
    {
      "text": {
        "content": "He has beautiful fur.",
        "beginOffset": -1
      },
      "sentiment": {
        "magnitude": 0.5,
        "score": 0.5
      }
    },
    {
      "text": {
        "content": "He is a lovely little kitty and he needs a loving and caring home.",
        "beginOffset": -1
      },
      "sentiment": {
        "magnitude": 0.9,
        "score": 0.9
      }
    },
    {
      "text": {
        "content": "Kindly contact me if you're interested to adopt Wallace to brighten up your daily life!",
        "beginOffset": -1
      },
      "sentiment": {
        "magnitude": 0.6,
        "score": 0.6
      }
    },
    {
      "text": {
        "content": ";D",
        "beginOffset": -1
      },
      "sentiment": {
        "magnitude": 0.1,
        "score": 0.1
      }
    }
  ],
  "tokens": [],
  "entities": [
    {
      "name": "Wallace",
      "type": "PERSON",
      "metadata": {},
      "salience": 0.7118285,
      "mentions": [
        {
          "text": {
            "content": "Wallace",
            "beginOffset": -1
          },
          "type": "PROPER"
        },
        {
          "text": {
            "content": "Wallace",
            "beginOffset": -1
          },
          "type": "PROPER"
        }
      ]
    },
    {
      "name": "kitty",
      "type": "OTHER",
      "metadata": {},
      "salience": 0.18193294,
      "mentions": [
        {
          "text": {
            "content": "kitty",
            "beginOffset": -1
          },
          "type": "COMMON"
        }
      ]
    },
    {
      "name": "timit",
      "type": "OTHER",
      "metadata": {},
      "salience": 0.025683561,
      "mentions": [
        {
          "text": {
            "content": "timit",
            "beginOffset": -1
          },
          "type": "COMMON"
        }
      ]
    },
    {
      "name": "kitty",
      "type": "OTHER",
      "metadata": {},
      "salience": 0.023272734,
      "mentions": [
        {
          "text": {
            "content": "kitty",
            "beginOffset": -1
          },
          "type": "COMMON"
        }
      ]
    },
    {
      "name": "vacuum cleaner",
      "type": "CONSUMER_GOOD",
      "metadata": {},
      "salience": 0.020906905,
      "mentions": [
        {
          "text": {
            "content": "vacuum cleaner",
            "beginOffset": -1
          },
          "type": "COMMON"
        }
      ]
    },
    {
      "name": "fur",
      "type": "OTHER",
      "metadata": {},
      "salience": 0.017552165,
      "mentions": [
        {
          "text": {
            "content": "fur",
            "beginOffset": -1
          },
          "type": "COMMON"
        }
      ]
    },
    {
      "name": "life",
      "type": "OTHER",
      "metadata": {},
      "salience": 0.009249935,
      "mentions": [
        {
          "text": {
            "content": "life",
            "beginOffset": -1
          },
          "type": "COMMON"
        }
      ]
    },
    {
      "name": "D",
      "type": "PERSON",
      "metadata": {},
      "salience": 0.005017295,
      "mentions": [
        {
          "text": {
            "content": "D",
            "beginOffset": -1
          },
          "type": "PROPER"
        }
      ]
    },
    {
      "name": "home",
      "type": "LOCATION",
      "metadata": {},
      "salience": 0.0045559993,
      "mentions": [
        {
          "text": {
            "content": "home",
            "beginOffset": -1
          },
          "type": "COMMON"
        }
      ]
    }
  ],
  "documentSentiment": {
    "magnitude": 3.3,
    "score": 0.5
  },
  "language": "en",
  "categories": []
}
