{
  "sentences": [
    {
      "text": {
        "content": "Grace is a real beauty that is sure to melt a person's heart.",
        "beginOffset": -1
      },
      "sentiment": {
        "magnitude": 0.9,
        "score": 0.9
      }
    },
    {
      "text": {
        "content": "She is currently taking shelter at SPCA Seberang Perai.",
        "beginOffset": -1
      },
      "sentiment": {
        "magnitude": 0,
        "score": 0
      }
    },
    {
      "text": {
        "content": "Those interested to adopt her may contact us via email.",
        "beginOffset": -1
      },
      "sentiment": {
        "magnitude": 0.1,
        "score": 0.1
      }
    }
  ],
  "tokens": [],
  "entities": [
    {
      "name": "beauty",
      "type": "OTHER",
      "metadata": {},
      "salience": 0.48013353,
      "mentions": [
        {
          "text": {
            "content": "beauty",
            "beginOffset": -1
          },
          "type": "COMMON"
        }
      ]
    },
    {
      "name": "Grace",
      "type": "PERSON",
      "metadata": {},
      "salience": 0.39403778,
      "mentions": [
        {
          "text": {
            "content": "Grace",
            "beginOffset": -1
          },
          "type": "PROPER"
        }
      ]
    },
    {
      "name": "heart",
      "type": "OTHER",
      "metadata": {},
      "salience": 0.044054933,
      "mentions": [
        {
          "text": {
            "content": "heart",
            "beginOffset": -1
          },
          "type": "COMMON"
        }
      ]
    },
    {
      "name": "person",
      "type": "PERSON",
      "metadata": {},
      "salience": 0.044054933,
      "mentions": [
        {
          "text": {
            "content": "person",
            "beginOffset": -1
          },
          "type": "COMMON"
        }
      ]
    },
    {
      "name": "shelter",
      "type": "OTHER",
      "metadata": {},
      "salience": 0.023164129,
      "mentions": [
        {
          "text": {
            "content": "shelter",
            "beginOffset": -1
          },
          "type": "COMMON"
        }
      ]
    },
    {
      "name": "email",
      "type": "OTHER",
      "metadata": {},
      "salience": 0.0105937,
      "mentions": [
        {
          "text": {
            "content": "email",
            "beginOffset": -1
          },
          "type": "COMMON"
        }
      ]
    },
    {
      "name": "SPCA Seberang Perai",
      "type": "ORGANIZATION",
      "metadata": {},
      "salience": 0.0039609745,
      "mentions": [
        {
          "text": {
            "content": "SPCA Seberang Perai",
            "beginOffset": -1
          },
          "type": "PROPER"
        }
      ]
    }
  ],
  "documentSentiment": {
    "magnitude": 1.1,
    "score": 0.3
  },
  "language": "en",
  "categories": []
}
