{
  "sentences": [
    {
      "text": {
        "content": "Veryy playful and cute and adoreablee.",
        "beginOffset": -1
      },
      "sentiment": {
        "magnitude": 0.9,
        "score": 0.9
      }
    },
    {
      "text": {
        "content": "House cat",
        "beginOffset": -1
      },
      "sentiment": {
        "magnitude": 0.1,
        "score": 0.1
      }
    }
  ],
  "tokens": [],
  "entities": [
    {
      "name": "adoreablee",
      "type": "PERSON",
      "metadata": {},
      "salience": 0.6610335,
      "mentions": [
        {
          "text": {
            "content": "adoreablee",
            "beginOffset": -1
          },
          "type": "COMMON"
        }
      ]
    },
    {
      "name": "cat",
      "type": "OTHER",
      "metadata": {},
      "salience": 0.18335344,
      "mentions": [
        {
          "text": {
            "content": "cat",
            "beginOffset": -1
          },
          "type": "COMMON"
        }
      ]
    },
    {
      "name": "House",
      "type": "ORGANIZATION",
      "metadata": {},
      "salience": 0.15561306,
      "mentions": [
        {
          "text": {
            "content": "House",
            "beginOffset": -1
          },
          "type": "PROPER"
        }
      ]
    }
  ],
  "documentSentiment": {
    "magnitude": 1.1,
    "score": 0.5
  },
  "language": "en",
  "categories": []
}
