{
  "sentences": [
    {
      "text": {
        "content": "The kitten is about 3-4 months old.",
        "beginOffset": -1
      },
      "sentiment": {
        "magnitude": 0,
        "score": 0
      }
    },
    {
      "text": {
        "content": "He's an active cat that loves to eat.",
        "beginOffset": -1
      },
      "sentiment": {
        "magnitude": 0.9,
        "score": 0.9
      }
    },
    {
      "text": {
        "content": "He's pretty fat for kitten his age, loves to play a lot.",
        "beginOffset": -1
      },
      "sentiment": {
        "magnitude": 0.9,
        "score": 0.9
      }
    },
    {
      "text": {
        "content": "Knows how to use cat litter, not a picky eater.",
        "beginOffset": -1
      },
      "sentiment": {
        "magnitude": 0.4,
        "score": 0.4
      }
    },
    {
      "text": {
        "content": "SMS/Whatsapp me at.",
        "beginOffset": -1
      },
      "sentiment": {
        "magnitude": 0.1,
        "score": 0.1
      }
    },
    {
      "text": {
        "content": "Delivery area: Metro Kajang, Metropoint Kajang, KTM Kajang.",
        "beginOffset": -1
      },
      "sentiment": {
        "magnitude": 0,
        "score": 0
      }
    },
    {
      "text": {
        "content": "Pick up from home is even better ;D",
        "beginOffset": -1
      },
      "sentiment": {
        "magnitude": 0.6,
        "score": 0.6
      }
    }
  ],
  "tokens": [],
  "entities": [
    {
      "name": "kitten",
      "type": "PERSON",
      "metadata": {},
      "salience": 0.74905455,
      "mentions": [
        {
          "text": {
            "content": "kitten",
            "beginOffset": -1
          },
          "type": "COMMON"
        }
      ]
    },
    {
      "name": "cat",
      "type": "OTHER",
      "metadata": {},
      "salience": 0.10717877,
      "mentions": [
        {
          "text": {
            "content": "cat",
            "beginOffset": -1
          },
          "type": "COMMON"
        }
      ]
    },
    {
      "name": "kitten",
      "type": "PERSON",
      "metadata": {},
      "salience": 0.019108307,
      "mentions": [
        {
          "text": {
            "content": "kitten",
            "beginOffset": -1
          },
          "type": "COMMON"
        }
      ]
    },
    {
      "name": "fat",
      "type": "OTHER",
      "metadata": {},
      "salience": 0.016805513,
      "mentions": [
        {
          "text": {
            "content": "fat",
            "beginOffset": -1
          },
          "type": "COMMON"
        }
      ]
    },
    {
      "name": "age",
      "type": "OTHER",
      "metadata": {},
      "salience": 0.016805513,
      "mentions": [
        {
          "text": {
            "content": "age",
            "beginOffset": -1
          },
          "type": "COMMON"
        }
      ]
    },
    {
      "name": "cat litter",
      "type": "CONSUMER_GOOD",
      "metadata": {},
      "salience": 0.015565095,
      "mentions": [
        {
          "text": {
            "content": "cat litter",
            "beginOffset": -1
          },
          "type": "COMMON"
        }
      ]
    },
    {
      "name": "eater",
      "type": "PERSON",
      "metadata": {},
      "salience": 0.015565095,
      "mentions": [
        {
          "text": {
            "content": "eater",
            "beginOffset": -1
          },
          "type": "COMMON"
        }
      ]
    },
    {
      "name": "Metro Kajang",
      "type": "LOCATION",
      "metadata": {
        "mid": "/g/11cs5sdpzr"
      },
      "salience": 0.008641702,
      "mentions": [
        {
          "text": {
            "content": "Metro Kajang",
            "beginOffset": -1
          },
          "type": "PROPER"
        }
      ]
    },
    {
      "name": "Metropoint Kajang",
      "type": "LOCATION",
      "metadata": {
        "mid": "/g/11b6v494cb"
      },
      "salience": 0.008641702,
      "mentions": [
        {
          "text": {
            "content": "Metropoint Kajang",
            "beginOffset": -1
          },
          "type": "PROPER"
        }
      ]
    },
    {
      "name": "KTM Kajang",
      "type": "LOCATION",
      "metadata": {},
      "salience": 0.008641702,
      "mentions": [
        {
          "text": {
            "content": "KTM Kajang",
            "beginOffset": -1
          },
          "type": "PROPER"
        }
      ]
    },
    {
      "name": "lot",
      "type": "OTHER",
      "metadata": {},
      "salience": 0.008371565,
      "mentions": [
        {
          "text": {
            "content": "lot",
            "beginOffset": -1
          },
          "type": "COMMON"
        }
      ]
    },
    {
      "name": "home",
      "type": "LOCATION",
      "metadata": {},
      "salience": 0.008184174,
      "mentions": [
        {
          "text": {
            "content": "home",
            "beginOffset": -1
          },
          "type": "COMMON"
        }
      ]
    },
    {
      "name": "D",
      "type": "PERSON",
      "metadata": {},
      "salience": 0.0061926763,
      "mentions": [
        {
          "text": {
            "content": "D",
            "beginOffset": -1
          },
          "type": "PROPER"
        }
      ]
    },
    {
      "name": "Delivery area",
      "type": "LOCATION",
      "metadata": {},
      "salience": 0.0051443772,
      "mentions": [
        {
          "text": {
            "content": "Delivery area",
            "beginOffset": -1
          },
          "type": "COMMON"
        }
      ]
    },
    {
      "name": "SMS",
      "type": "CONSUMER_GOOD",
      "metadata": {
        "mid": "/m/06_j_",
        "wikipedia_url": "https://en.wikipedia.org/wiki/SMS"
      },
      "salience": 0.0030496146,
      "mentions": [
        {
          "text": {
            "content": "SMS",
            "beginOffset": -1
          },
          "type": "PROPER"
        }
      ]
    },
    {
      "name": "Whatsapp",
      "type": "CONSUMER_GOOD",
      "metadata": {
        "wikipedia_url": "https://en.wikipedia.org/wiki/WhatsApp",
        "mid": "/m/0gwzvs1"
      },
      "salience": 0.0030496146,
      "mentions": [
        {
          "text": {
            "content": "Whatsapp",
            "beginOffset": -1
          },
          "type": "PROPER"
        }
      ]
    }
  ],
  "documentSentiment": {
    "magnitude": 3,
    "score": 0.4
  },
  "language": "en",
  "categories": []
}
