{
  "sentences": [
    {
      "text": {
        "content": "Extremely active cat Love to playing around with human kind Tuna flavor cat food is her favorite Well work as a personal alarm as she will wake you up every morning with her pleasure morning kiss She is pretty healthy and with personal hygiene Looking for a good owner as I can't raise her due to my housemate was allergic to cat.",
        "beginOffset": -1
      },
      "sentiment": {
        "magnitude": 0.9,
        "score": 0.9
      }
    },
    {
      "text": {
        "content": "Kindly contact me via phone call if you have interest with this adorable cat",
        "beginOffset": -1
      },
      "sentiment": {
        "magnitude": 0.7,
        "score": 0.7
      }
    }
  ],
  "tokens": [],
  "entities": [
    {
      "name": "Love",
      "type": "OTHER",
      "metadata": {
        "wikipedia_url": "https://en.wikipedia.org/wiki/Love",
        "mid": "/m/048knlz"
      },
      "salience": 0.64731365,
      "mentions": [
        {
          "text": {
            "content": "Love",
            "beginOffset": -1
          },
          "type": "PROPER"
        },
        {
          "text": {
            "content": "cat",
            "beginOffset": -1
          },
          "type": "COMMON"
        },
        {
          "text": {
            "content": "Well work",
            "beginOffset": -1
          },
          "type": "COMMON"
        }
      ]
    },
    {
      "name": "human kind",
      "type": "OTHER",
      "metadata": {},
      "salience": 0.10987732,
      "mentions": [
        {
          "text": {
            "content": "human kind",
            "beginOffset": -1
          },
          "type": "COMMON"
        }
      ]
    },
    {
      "name": "flavor cat food",
      "type": "CONSUMER_GOOD",
      "metadata": {},
      "salience": 0.043331105,
      "mentions": [
        {
          "text": {
            "content": "flavor cat food",
            "beginOffset": -1
          },
          "type": "COMMON"
        }
      ]
    },
    {
      "name": "kiss",
      "type": "EVENT",
      "metadata": {},
      "salience": 0.029827887,
      "mentions": [
        {
          "text": {
            "content": "kiss",
            "beginOffset": -1
          },
          "type": "COMMON"
        }
      ]
    },
    {
      "name": "alarm",
      "type": "OTHER",
      "metadata": {},
      "salience": 0.02946929,
      "mentions": [
        {
          "text": {
            "content": "alarm",
            "beginOffset": -1
          },
          "type": "COMMON"
        }
      ]
    },
    {
      "name": "cat",
      "type": "OTHER",
      "metadata": {},
      "salience": 0.027679639,
      "mentions": [
        {
          "text": {
            "content": "cat",
            "beginOffset": -1
          },
          "type": "COMMON"
        }
      ]
    },
    {
      "name": "owner",
      "type": "PERSON",
      "metadata": {},
      "salience": 0.027404932,
      "mentions": [
        {
          "text": {
            "content": "owner",
            "beginOffset": -1
          },
          "type": "COMMON"
        }
      ]
    },
    {
      "name": "hygiene",
      "type": "OTHER",
      "metadata": {},
      "salience": 0.02674892,
      "mentions": [
        {
          "text": {
            "content": "hygiene",
            "beginOffset": -1
          },
          "type": "COMMON"
        }
      ]
    },
    {
      "name": "Tuna",
      "type": "LOCATION",
      "metadata": {
        "mid": "/m/0cj45",
        "wikipedia_url": "https://en.wikipedia.org/wiki/Tuna"
      },
      "salience": 0.025876198,
      "mentions": [
        {
          "text": {
            "content": "Tuna",
            "beginOffset": -1
          },
          "type": "PROPER"
        }
      ]
    },
    {
      "name": "cat",
      "type": "OTHER",
      "metadata": {},
      "salience": 0.009388299,
      "mentions": [
        {
          "text": {
            "content": "cat",
            "beginOffset": -1
          },
          "type": "COMMON"
        }
      ]
    },
    {
      "name": "housemate",
      "type": "PERSON",
      "metadata": {},
      "salience": 0.009146488,
      "mentions": [
        {
          "text": {
            "content": "housemate",
            "beginOffset": -1
          },
          "type": "COMMON"
        }
      ]
    },
    {
      "name": "phone call",
      "type": "OTHER",
      "metadata": {},
      "salience": 0.007010874,
      "mentions": [
        {
          "text": {
            "content": "phone call",
            "beginOffset": -1
          },
          "type": "COMMON"
        }
      ]
    },
    {
      "name": "interest",
      "type": "OTHER",
      "metadata": {},
      "salience": 0.006925406,
      "mentions": [
        {
          "text": {
            "content": "interest",
            "beginOffset": -1
          },
          "type": "COMMON"
        }
      ]
    }
  ],
  "documentSentiment": {
    "magnitude": 1.6,
    "score": 0.8
  },
  "language": "en",
  "categories": []
}
