{
  "sentences": [
    {
      "text": {
        "content": "His previous owner not able to look after him anymore, and decided to board him in a clinic in Kinrara, Puchong.",
        "beginOffset": -1
      },
      "sentiment": {
        "magnitude": 0.6,
        "score": -0.6
      }
    },
    {
      "text": {
        "content": "He is recovering from an attack from a bigger dog and improving very well.",
        "beginOffset": -1
      },
      "sentiment": {
        "magnitude": 0.8,
        "score": 0.8
      }
    },
    {
      "text": {
        "content": "Interested party can call to arrange for a meeting.",
        "beginOffset": -1
      },
      "sentiment": {
        "magnitude": 0.8,
        "score": 0.8
      }
    },
    {
      "text": {
        "content": "UPDATE on 14/5/: I've received quite a number of enquiries upon Bobby's adoptions, some even called at middle of night.",
        "beginOffset": -1
      },
      "sentiment": {
        "magnitude": 0,
        "score": 0
      }
    },
    {
      "text": {
        "content": "KINDLY NOTE THAT BOBBY IS CURRENTLY BOARDED IN A CLINIC, FOR THOSE WHO ARE INTERESTED, PLEASE CALL DIRECTLY TO ARRANGE TO MEET BOBBY.",
        "beginOffset": -1
      },
      "sentiment": {
        "magnitude": 0,
        "score": 0
      }
    },
    {
      "text": {
        "content": "WE WILL NOT ENTERTAIN ANY FORM OF SMS, IF YOU'RE KEEN, CALL NUMBER GIVEN, MAKE AN APPOINTMENT AND SHOW UP ON TIME, SIMPLE AS THAT.",
        "beginOffset": -1
      },
      "sentiment": {
        "magnitude": 0.4,
        "score": -0.4
      }
    },
    {
      "text": {
        "content": "NO, WE DO NOT AND WILL NOT ENTERTAIN ANY WALK IN WITHOUT PRIOR NOTIFICATION TO MEET BOBBY.",
        "beginOffset": -1
      },
      "sentiment": {
        "magnitude": 0.4,
        "score": -0.4
      }
    },
    {
      "text": {
        "content": "WE HAVE HAD VERY BAD EXPERIENCE WITH POTENTIAL ADOPTERS WHO NEVER WANT TO COMMIT, WALK IN DURING BREAK HOUR AND TERRORIZE THE CLINIC STAFF.",
        "beginOffset": -1
      },
      "sentiment": {
        "magnitude": 0.9,
        "score": -0.9
      }
    },
    {
      "text": {
        "content": "STRICT INSTRUCTIONS HAD BEEN GIVEN NOT TO ENTERTAIN ANY WALK INs, BE NOTE OF THIS.",
        "beginOffset": -1
      },
      "sentiment": {
        "magnitude": 0.1,
        "score": -0.1
      }
    }
  ],
  "tokens": [],
  "entities": [
    {
      "name": "clinic",
      "type": "LOCATION",
      "metadata": {},
      "salience": 0.17265294,
      "mentions": [
        {
          "text": {
            "content": "clinic",
            "beginOffset": -1
          },
          "type": "COMMON"
        }
      ]
    },
    {
      "name": "owner",
      "type": "PERSON",
      "metadata": {},
      "salience": 0.13946347,
      "mentions": [
        {
          "text": {
            "content": "owner",
            "beginOffset": -1
          },
          "type": "COMMON"
        }
      ]
    },
    {
      "name": "Kinrara",
      "type": "LOCATION",
      "metadata": {
        "mid": "/m/0d_d2x",
        "wikipedia_url": "https://en.wikipedia.org/wiki/Bandar_Kinrara"
      },
      "salience": 0.08355838,
      "mentions": [
        {
          "text": {
            "content": "Kinrara",
            "beginOffset": -1
          },
          "type": "PROPER"
        }
      ]
    },
    {
      "name": "Puchong",
      "type": "LOCATION",
      "metadata": {
        "mid": "/m/0cxff7",
        "wikipedia_url": "https://en.wikipedia.org/wiki/Puchong"
      },
      "salience": 0.08355838,
      "mentions": [
        {
          "text": {
            "content": "Puchong",
            "beginOffset": -1
          },
          "type": "PROPER"
        }
      ]
    },
    {
      "name": "NOTE",
      "type": "OTHER",
      "metadata": {},
      "salience": 0.050755475,
      "mentions": [
        {
          "text": {
            "content": "NOTE",
            "beginOffset": -1
          },
          "type": "COMMON"
        }
      ]
    },
    {
      "name": "ADOPTERS",
      "type": "PERSON",
      "metadata": {},
      "salience": 0.035009254,
      "mentions": [
        {
          "text": {
            "content": "ADOPTERS",
            "beginOffset": -1
          },
          "type": "COMMON"
        }
      ]
    },
    {
      "name": "MEET BOBBY",
      "type": "PERSON",
      "metadata": {},
      "salience": 0.033270616,
      "mentions": [
        {
          "text": {
            "content": "Bobby",
            "beginOffset": -1
          },
          "type": "PROPER"
        },
        {
          "text": {
            "content": "BOBBY",
            "beginOffset": -1
          },
          "type": "PROPER"
        },
        {
          "text": {
            "content": "MEET BOBBY",
            "beginOffset": -1
          },
          "type": "PROPER"
        }
      ]
    },
    {
      "name": "meeting",
      "type": "EVENT",
      "metadata": {},
      "salience": 0.029428104,
      "mentions": [
        {
          "text": {
            "content": "meeting",
            "beginOffset": -1
          },
          "type": "COMMON"
        }
      ]
    },
    {
      "name": "attack",
      "type": "EVENT",
      "metadata": {},
      "salience": 0.025995893,
      "mentions": [
        {
          "text": {
            "content": "attack",
            "beginOffset": -1
          },
          "type": "COMMON"
        }
      ]
    },
    {
      "name": "dog",
      "type": "OTHER",
      "metadata": {},
      "salience": 0.025995893,
      "mentions": [
        {
          "text": {
            "content": "dog",
            "beginOffset": -1
          },
          "type": "COMMON"
        }
      ]
    },
    {
      "name": "party",
      "type": "ORGANIZATION",
      "metadata": {},
      "salience": 0.025867205,
      "mentions": [
        {
          "text": {
            "content": "party",
            "beginOffset": -1
          },
          "type": "COMMON"
        }
      ]
    },
    {
      "name": "UPDATE",
      "type": "OTHER",
      "metadata": {},
      "salience": 0.025776284,
      "mentions": [
        {
          "text": {
            "content": "UPDATE",
            "beginOffset": -1
          },
          "type": "COMMON"
        }
      ]
    },
    {
      "name": "BOBBY",
      "type": "OTHER",
      "metadata": {},
      "salience": 0.023543743,
      "mentions": [
        {
          "text": {
            "content": "BOBBY",
            "beginOffset": -1
          },
          "type": "COMMON"
        }
      ]
    },
    {
      "name": "CLINIC",
      "type": "LOCATION",
      "metadata": {},
      "salience": 0.02192866,
      "mentions": [
        {
          "text": {
            "content": "CLINIC",
            "beginOffset": -1
          },
          "type": "COMMON"
        }
      ]
    },
    {
      "name": "number",
      "type": "OTHER",
      "metadata": {},
      "salience": 0.021859832,
      "mentions": [
        {
          "text": {
            "content": "number",
            "beginOffset": -1
          },
          "type": "COMMON"
        }
      ]
    },
    {
      "name": "adoptions",
      "type": "OTHER",
      "metadata": {},
      "salience": 0.019818427,
      "mentions": [
        {
          "text": {
            "content": "adoptions",
            "beginOffset": -1
          },
          "type": "COMMON"
        }
      ]
    },
    {
      "name": "NUMBER",
      "type": "OTHER",
      "metadata": {},
      "salience": 0.018321589,
      "mentions": [
        {
          "text": {
            "content": "NUMBER",
            "beginOffset": -1
          },
          "type": "COMMON"
        }
      ]
    },
    {
      "name": "enquiries",
      "type": "OTHER",
      "metadata": {},
      "salience": 0.017415302,
      "mentions": [
        {
          "text": {
            "content": "enquiries",
            "beginOffset": -1
          },
          "type": "COMMON"
        }
      ]
    },
    {
      "name": "some",
      "type": "PERSON",
      "metadata": {},
      "salience": 0.017415302,
      "mentions": [
        {
          "text": {
            "content": "some",
            "beginOffset": -1
          },
          "type": "COMMON"
        }
      ]
    },
    {
      "name": "FORM",
      "type": "OTHER",
      "metadata": {},
      "salience": 0.016099239,
      "mentions": [
        {
          "text": {
            "content": "FORM",
            "beginOffset": -1
          },
          "type": "COMMON"
        }
      ]
    },
    {
      "name": "SMS",
      "type": "OTHER",
      "metadata": {},
      "salience": 0.016099239,
      "mentions": [
        {
          "text": {
            "content": "SMS",
            "beginOffset": -1
          },
          "type": "COMMON"
        }
      ]
    },
    {
      "name": "GIVEN",
      "type": "OTHER",
      "metadata": {},
      "salience": 0.016099239,
      "mentions": [
        {
          "text": {
            "content": "GIVEN",
            "beginOffset": -1
          },
          "type": "COMMON"
        }
      ]
    },
    {
      "name": "NOTIFICATION",
      "type": "OTHER",
      "metadata": {},
      "salience": 0.012116195,
      "mentions": [
        {
          "text": {
            "content": "NOTIFICATION",
            "beginOffset": -1
          },
          "type": "COMMON"
        }
      ]
    },
    {
      "name": "EXPERIENCE",
      "type": "OTHER",
      "metadata": {},
      "salience": 0.012096341,
      "mentions": [
        {
          "text": {
            "content": "EXPERIENCE",
            "beginOffset": -1
          },
          "type": "COMMON"
        }
      ]
    },
    {
      "name": "CLINIC",
      "type": "ORGANIZATION",
      "metadata": {},
      "salience": 0.010570322,
      "mentions": [
        {
          "text": {
            "content": "CLINIC",
            "beginOffset": -1
          },
          "type": "COMMON"
        }
      ]
    },
    {
      "name": "NOTE",
      "type": "OTHER",
      "metadata": {},
      "salience": 0.009628201,
      "mentions": [
        {
          "text": {
            "content": "NOTE",
            "beginOffset": -1
          },
          "type": "COMMON"
        }
      ]
    },
    {
      "name": "STAFF",
      "type": "PERSON",
      "metadata": {},
      "salience": 0.008470377,
      "mentions": [
        {
          "text": {
            "content": "STAFF",
            "beginOffset": -1
          },
          "type": "COMMON"
        }
      ]
    },
    {
      "name": "INSTRUCTIONS",
      "type": "OTHER",
      "metadata": {},
      "salience": 0.008458122,
      "mentions": [
        {
          "text": {
            "content": "INSTRUCTIONS",
            "beginOffset": -1
          },
          "type": "COMMON"
        }
      ]
    },
    {
      "name": "WALK INs",
      "type": "OTHER",
      "metadata": {},
      "salience": 0.008458122,
      "mentions": [
        {
          "text": {
            "content": "WALK INs",
            "beginOffset": -1
          },
          "type": "COMMON"
        }
      ]
    },
    {
      "name": "WALK",
      "type": "EVENT",
      "metadata": {},
      "salience": 0.0060532065,
      "mentions": [
        {
          "text": {
            "content": "WALK",
            "beginOffset": -1
          },
          "type": "COMMON"
        }
      ]
    },
    {
      "name": "APPOINTMENT",
      "type": "OTHER",
      "metadata": {},
      "salience": 0.004216639,
      "mentions": [
        {
          "text": {
            "content": "APPOINTMENT",
            "beginOffset": -1
          },
          "type": "COMMON"
        }
      ]
    }
  ],
  "documentSentiment": {
    "magnitude": 4.4,
    "score": 0
  },
  "language": "en",
  "categories": []
}
