{
  "sentences": [
    {
      "text": {
        "content": "Urgent Dog owner is my friend, died in a car accident is gone, so the dog to me to take care of.",
        "beginOffset": -1
      },
      "sentiment": {
        "magnitude": 0.1,
        "score": -0.1
      }
    },
    {
      "text": {
        "content": "Recently, I want to study abroad, so looking for a loving dog who adopt it.",
        "beginOffset": -1
      },
      "sentiment": {
        "magnitude": 0.8,
        "score": 0.8
      }
    },
    {
      "text": {
        "content": "紧急 狗狗的主人是我的朋友，因车祸去世不在了，所以狗狗交给我照顾。",
        "beginOffset": -1
      },
      "sentiment": {
        "magnitude": 0.4,
        "score": 0.4
      }
    },
    {
      "text": {
        "content": "最近我要出国读书了，所以想找一个疼爱狗狗的人收养它。",
        "beginOffset": -1
      },
      "sentiment": {
        "magnitude": 0.6,
        "score": 0.6
      }
    },
    {
      "text": {
        "content": "&gt;",
        "beginOffset": -1
      },
      "sentiment": {
        "magnitude": 0,
        "score": 0
      }
    }
  ],
  "tokens": [],
  "entities": [
    {
      "name": "狗狗",
      "type": "OTHER",
      "metadata": {},
      "salience": 0.21727146,
      "mentions": [
        {
          "text": {
            "content": "狗狗",
            "beginOffset": -1
          },
          "type": "COMMON"
        }
      ]
    },
    {
      "name": "狗狗",
      "type": "OTHER",
      "metadata": {},
      "salience": 0.19692221,
      "mentions": [
        {
          "text": {
            "content": "狗狗",
            "beginOffset": -1
          },
          "type": "COMMON"
        }
      ]
    },
    {
      "name": "朋友",
      "type": "PERSON",
      "metadata": {},
      "salience": 0.115139134,
      "mentions": [
        {
          "text": {
            "content": "朋友",
            "beginOffset": -1
          },
          "type": "COMMON"
        }
      ]
    },
    {
      "name": "主人",
      "type": "PERSON",
      "metadata": {},
      "salience": 0.11093512,
      "mentions": [
        {
          "text": {
            "content": "主人",
            "beginOffset": -1
          },
          "type": "COMMON"
        }
      ]
    },
    {
      "name": "车祸",
      "type": "EVENT",
      "metadata": {},
      "salience": 0.11093512,
      "mentions": [
        {
          "text": {
            "content": "车祸",
            "beginOffset": -1
          },
          "type": "COMMON"
        }
      ]
    },
    {
      "name": "Recently",
      "type": "OTHER",
      "metadata": {},
      "salience": 0.10795194,
      "mentions": [
        {
          "text": {
            "content": "Recently",
            "beginOffset": -1
          },
          "type": "PROPER"
        }
      ]
    },
    {
      "name": "狗狗",
      "type": "OTHER",
      "metadata": {},
      "salience": 0.090230756,
      "mentions": [
        {
          "text": {
            "content": "狗狗",
            "beginOffset": -1
          },
          "type": "COMMON"
        }
      ]
    },
    {
      "name": "人",
      "type": "PERSON",
      "metadata": {},
      "salience": 0.050614238,
      "mentions": [
        {
          "text": {
            "content": "人",
            "beginOffset": -1
          },
          "type": "COMMON"
        }
      ]
    }
  ],
  "documentSentiment": {
    "magnitude": 2.2,
    "score": 0.3
  },
  "language": "zh",
  "categories": []
}
