{
  "sentences": [
    {
      "text": {
        "content": "Very adorable male kitty about 2 weeks old lost his mom, can food by himself or bottle feed both.",
        "beginOffset": -1
      },
      "sentiment": {
        "magnitude": 0.7,
        "score": 0.7
      }
    },
    {
      "text": {
        "content": "Any serious adopter please directly contact or sms me, thanks!",
        "beginOffset": -1
      },
      "sentiment": {
        "magnitude": 0.7,
        "score": 0.7
      }
    }
  ],
  "tokens": [],
  "entities": [
    {
      "name": "kitty",
      "type": "OTHER",
      "metadata": {},
      "salience": 0.5107586,
      "mentions": [
        {
          "text": {
            "content": "kitty",
            "beginOffset": -1
          },
          "type": "COMMON"
        }
      ]
    },
    {
      "name": "food",
      "type": "OTHER",
      "metadata": {},
      "salience": 0.12014647,
      "mentions": [
        {
          "text": {
            "content": "food",
            "beginOffset": -1
          },
          "type": "COMMON"
        }
      ]
    },
    {
      "name": "mom",
      "type": "PERSON",
      "metadata": {},
      "salience": 0.11874941,
      "mentions": [
        {
          "text": {
            "content": "mom",
            "beginOffset": -1
          },
          "type": "COMMON"
        }
      ]
    },
    {
      "name": "bottle",
      "type": "CONSUMER_GOOD",
      "metadata": {},
      "salience": 0.11068517,
      "mentions": [
        {
          "text": {
            "content": "bottle",
            "beginOffset": -1
          },
          "type": "COMMON"
        }
      ]
    },
    {
      "name": "both",
      "type": "OTHER",
      "metadata": {},
      "salience": 0.11068517,
      "mentions": [
        {
          "text": {
            "content": "both",
            "beginOffset": -1
          },
          "type": "COMMON"
        }
      ]
    },
    {
      "name": "thanks",
      "type": "OTHER",
      "metadata": {},
      "salience": 0.02897522,
      "mentions": [
        {
          "text": {
            "content": "thanks",
            "beginOffset": -1
          },
          "type": "COMMON"
        }
      ]
    }
  ],
  "documentSentiment": {
    "magnitude": 1.5,
    "score": 0.7
  },
  "language": "en",
  "categories": []
}
