{
  "sentences": [
    {
      "text": {
        "content": "I have 4 kittens ,approximately 6 weeks old, DOB March .",
        "beginOffset": -1
      },
      "sentiment": {
        "magnitude": 0,
        "score": 0
      }
    },
    {
      "text": {
        "content": "2 brown siamese color- semi long hair, 1 white siamese-short hair and 1 full black.",
        "beginOffset": -1
      },
      "sentiment": {
        "magnitude": 0,
        "score": 0
      }
    },
    {
      "text": {
        "content": "All have blue eyes.",
        "beginOffset": -1
      },
      "sentiment": {
        "magnitude": 0,
        "score": 0
      }
    },
    {
      "text": {
        "content": "All healthy , and already started eating wet kitten food.Gender - not sure, mixed.",
        "beginOffset": -1
      },
      "sentiment": {
        "magnitude": 0.2,
        "score": -0.2
      }
    },
    {
      "text": {
        "content": "Unable to take care of the kittens due to my recent operation.",
        "beginOffset": -1
      },
      "sentiment": {
        "magnitude": 0.5,
        "score": -0.5
      }
    },
    {
      "text": {
        "content": "I am staying in rawang, any interested adopters , plse bring yr own cage/ carrier.",
        "beginOffset": -1
      },
      "sentiment": {
        "magnitude": 0.1,
        "score": 0.1
      }
    }
  ],
  "tokens": [],
  "entities": [
    {
      "name": "kittens",
      "type": "PERSON",
      "metadata": {},
      "salience": 0.3622215,
      "mentions": [
        {
          "text": {
            "content": "kittens",
            "beginOffset": -1
          },
          "type": "COMMON"
        }
      ]
    },
    {
      "name": "DOB",
      "type": "ORGANIZATION",
      "metadata": {},
      "salience": 0.18313488,
      "mentions": [
        {
          "text": {
            "content": "DOB",
            "beginOffset": -1
          },
          "type": "PROPER"
        }
      ]
    },
    {
      "name": "hair",
      "type": "OTHER",
      "metadata": {},
      "salience": 0.066147886,
      "mentions": [
        {
          "text": {
            "content": "hair",
            "beginOffset": -1
          },
          "type": "COMMON"
        }
      ]
    },
    {
      "name": "kitten",
      "type": "PERSON",
      "metadata": {},
      "salience": 0.045300152,
      "mentions": [
        {
          "text": {
            "content": "kitten",
            "beginOffset": -1
          },
          "type": "COMMON"
        }
      ]
    },
    {
      "name": "hair",
      "type": "OTHER",
      "metadata": {},
      "salience": 0.044868812,
      "mentions": [
        {
          "text": {
            "content": "hair",
            "beginOffset": -1
          },
          "type": "COMMON"
        }
      ]
    },
    {
      "name": "All",
      "type": "OTHER",
      "metadata": {},
      "salience": 0.043574743,
      "mentions": [
        {
          "text": {
            "content": "All",
            "beginOffset": -1
          },
          "type": "COMMON"
        }
      ]
    },
    {
      "name": "black",
      "type": "OTHER",
      "metadata": {},
      "salience": 0.039464828,
      "mentions": [
        {
          "text": {
            "content": "black",
            "beginOffset": -1
          },
          "type": "COMMON"
        }
      ]
    },
    {
      "name": "eyes",
      "type": "OTHER",
      "metadata": {},
      "salience": 0.039270364,
      "mentions": [
        {
          "text": {
            "content": "eyes",
            "beginOffset": -1
          },
          "type": "COMMON"
        }
      ]
    },
    {
      "name": "Gender",
      "type": "OTHER",
      "metadata": {},
      "salience": 0.036373287,
      "mentions": [
        {
          "text": {
            "content": "Gender",
            "beginOffset": -1
          },
          "type": "COMMON"
        }
      ]
    },
    {
      "name": "operation",
      "type": "EVENT",
      "metadata": {},
      "salience": 0.027393265,
      "mentions": [
        {
          "text": {
            "content": "operation",
            "beginOffset": -1
          },
          "type": "COMMON"
        }
      ]
    },
    {
      "name": "rawang",
      "type": "LOCATION",
      "metadata": {},
      "salience": 0.027332282,
      "mentions": [
        {
          "text": {
            "content": "rawang",
            "beginOffset": -1
          },
          "type": "COMMON"
        }
      ]
    },
    {
      "name": "plse",
      "type": "OTHER",
      "metadata": {},
      "salience": 0.020376606,
      "mentions": [
        {
          "text": {
            "content": "plse",
            "beginOffset": -1
          },
          "type": "COMMON"
        }
      ]
    },
    {
      "name": "adopters",
      "type": "PERSON",
      "metadata": {},
      "salience": 0.019165976,
      "mentions": [
        {
          "text": {
            "content": "adopters",
            "beginOffset": -1
          },
          "type": "COMMON"
        }
      ]
    },
    {
      "name": "cage/ carrier",
      "type": "ORGANIZATION",
      "metadata": {},
      "salience": 0.016544512,
      "mentions": [
        {
          "text": {
            "content": "cage/ carrier",
            "beginOffset": -1
          },
          "type": "COMMON"
        }
      ]
    },
    {
      "name": "kittens",
      "type": "PERSON",
      "metadata": {},
      "salience": 0.015035996,
      "mentions": [
        {
          "text": {
            "content": "kittens",
            "beginOffset": -1
          },
          "type": "COMMON"
        }
      ]
    },
    {
      "name": "care",
      "type": "OTHER",
      "metadata": {},
      "salience": 0.013794903,
      "mentions": [
        {
          "text": {
            "content": "care",
            "beginOffset": -1
          },
          "type": "COMMON"
        }
      ]
    }
  ],
  "documentSentiment": {
    "magnitude": 1.1,
    "score": -0.1
  },
  "language": "en",
  "categories": []
}
