{
  "sentences": [
    {
      "text": {
        "content": "Lovely siblings looking for home sweet home.",
        "beginOffset": -1
      },
      "sentiment": {
        "magnitude": 0.9,
        "score": 0.9
      }
    },
    {
      "text": {
        "content": "They are alrdy fully vaccinated and spayed.",
        "beginOffset": -1
      },
      "sentiment": {
        "magnitude": 0.2,
        "score": -0.2
      }
    },
    {
      "text": {
        "content": "If u are interested to adopt pls contact Rachel",
        "beginOffset": -1
      },
      "sentiment": {
        "magnitude": 0.2,
        "score": 0.2
      }
    }
  ],
  "tokens": [],
  "entities": [
    {
      "name": "siblings",
      "type": "PERSON",
      "metadata": {},
      "salience": 0.6455095,
      "mentions": [
        {
          "text": {
            "content": "siblings",
            "beginOffset": -1
          },
          "type": "COMMON"
        }
      ]
    },
    {
      "name": "home sweet home",
      "type": "OTHER",
      "metadata": {},
      "salience": 0.32423878,
      "mentions": [
        {
          "text": {
            "content": "home sweet home",
            "beginOffset": -1
          },
          "type": "COMMON"
        }
      ]
    },
    {
      "name": "Rachel",
      "type": "PERSON",
      "metadata": {},
      "salience": 0.030251715,
      "mentions": [
        {
          "text": {
            "content": "Rachel",
            "beginOffset": -1
          },
          "type": "PROPER"
        }
      ]
    }
  ],
  "documentSentiment": {
    "magnitude": 1.4,
    "score": 0.3
  },
  "language": "en",
  "categories": []
}
