{
  "sentences": [
    {
      "text": {
        "content": "Luna, offspring of Neve, a pure white kitten with a little bit gray mark on the fore head, she is cute, active and friendly.",
        "beginOffset": -1
      },
      "sentiment": {
        "magnitude": 0.9,
        "score": 0.9
      }
    },
    {
      "text": {
        "content": "We are trying to look for her a lovely home.",
        "beginOffset": -1
      },
      "sentiment": {
        "magnitude": 0.8,
        "score": 0.8
      }
    },
    {
      "text": {
        "content": "Anyone who wish to give Luna a home and love, please email me: @ ,com or add my in messenger / MSN The kitten is now in Seri Kembangan Terms and Conditions: The person who want to adopt the kitten 1) Have to stay in landed property and not condo, apartment, flat or shop lot.",
        "beginOffset": -1
      },
      "sentiment": {
        "magnitude": 0.1,
        "score": 0.1
      }
    },
    {
      "text": {
        "content": "2) Have to bring the kitten for vaccination. 3) Have to do deworming. 4) Have to neuter the kitten.",
        "beginOffset": -1
      },
      "sentiment": {
        "magnitude": 0,
        "score": 0
      }
    }
  ],
  "tokens": [],
  "entities": [
    {
      "name": "Neve",
      "type": "PERSON",
      "metadata": {},
      "salience": 0.47705358,
      "mentions": [
        {
          "text": {
            "content": "Neve",
            "beginOffset": -1
          },
          "type": "PROPER"
        },
        {
          "text": {
            "content": "kitten",
            "beginOffset": -1
          },
          "type": "COMMON"
        },
        {
          "text": {
            "content": "kitten",
            "beginOffset": -1
          },
          "type": "COMMON"
        },
        {
          "text": {
            "content": "kitten",
            "beginOffset": -1
          },
          "type": "COMMON"
        },
        {
          "text": {
            "content": "kitten",
            "beginOffset": -1
          },
          "type": "COMMON"
        },
        {
          "text": {
            "content": "kitten",
            "beginOffset": -1
          },
          "type": "COMMON"
        }
      ]
    },
    {
      "name": "offspring",
      "type": "PERSON",
      "metadata": {},
      "salience": 0.1032569,
      "mentions": [
        {
          "text": {
            "content": "offspring",
            "beginOffset": -1
          },
          "type": "COMMON"
        }
      ]
    },
    {
      "name": "mark",
      "type": "OTHER",
      "metadata": {},
      "salience": 0.1032569,
      "mentions": [
        {
          "text": {
            "content": "mark",
            "beginOffset": -1
          },
          "type": "COMMON"
        }
      ]
    },
    {
      "name": "Luna",
      "type": "PERSON",
      "metadata": {},
      "salience": 0.07137864,
      "mentions": [
        {
          "text": {
            "content": "Luna",
            "beginOffset": -1
          },
          "type": "PROPER"
        },
        {
          "text": {
            "content": "Luna",
            "beginOffset": -1
          },
          "type": "PROPER"
        }
      ]
    },
    {
      "name": "Anyone",
      "type": "PERSON",
      "metadata": {},
      "salience": 0.051941454,
      "mentions": [
        {
          "text": {
            "content": "Anyone",
            "beginOffset": -1
          },
          "type": "COMMON"
        }
      ]
    },
    {
      "name": "fore head",
      "type": "OTHER",
      "metadata": {},
      "salience": 0.040291693,
      "mentions": [
        {
          "text": {
            "content": "fore head",
            "beginOffset": -1
          },
          "type": "COMMON"
        }
      ]
    },
    {
      "name": "person",
      "type": "PERSON",
      "metadata": {},
      "salience": 0.029802147,
      "mentions": [
        {
          "text": {
            "content": "person",
            "beginOffset": -1
          },
          "type": "COMMON"
        }
      ]
    },
    {
      "name": "home",
      "type": "LOCATION",
      "metadata": {},
      "salience": 0.015015805,
      "mentions": [
        {
          "text": {
            "content": "home",
            "beginOffset": -1
          },
          "type": "COMMON"
        }
      ]
    },
    {
      "name": "love",
      "type": "OTHER",
      "metadata": {},
      "salience": 0.013295414,
      "mentions": [
        {
          "text": {
            "content": "love",
            "beginOffset": -1
          },
          "type": "COMMON"
        }
      ]
    },
    {
      "name": "messenger",
      "type": "PERSON",
      "metadata": {},
      "salience": 0.013295414,
      "mentions": [
        {
          "text": {
            "content": "messenger",
            "beginOffset": -1
          },
          "type": "COMMON"
        }
      ]
    },
    {
      "name": "MSN",
      "type": "OTHER",
      "metadata": {},
      "salience": 0.012203613,
      "mentions": [
        {
          "text": {
            "content": "MSN",
            "beginOffset": -1
          },
          "type": "COMMON"
        }
      ]
    },
    {
      "name": "home",
      "type": "LOCATION",
      "metadata": {},
      "salience": 0.0114145735,
      "mentions": [
        {
          "text": {
            "content": "home",
            "beginOffset": -1
          },
          "type": "COMMON"
        }
      ]
    },
    {
      "name": "apartment",
      "type": "LOCATION",
      "metadata": {},
      "salience": 0.009206371,
      "mentions": [
        {
          "text": {
            "content": "apartment",
            "beginOffset": -1
          },
          "type": "COMMON"
        }
      ]
    },
    {
      "name": "lot",
      "type": "OTHER",
      "metadata": {},
      "salience": 0.009206371,
      "mentions": [
        {
          "text": {
            "content": "lot",
            "beginOffset": -1
          },
          "type": "COMMON"
        }
      ]
    },
    {
      "name": "shop",
      "type": "LOCATION",
      "metadata": {},
      "salience": 0.009206371,
      "mentions": [
        {
          "text": {
            "content": "shop",
            "beginOffset": -1
          },
          "type": "COMMON"
        }
      ]
    },
    {
      "name": "@ ,com",
      "type": "OTHER",
      "metadata": {},
      "salience": 0.007874734,
      "mentions": [
        {
          "text": {
            "content": "@ ,com",
            "beginOffset": -1
          },
          "type": "PROPER"
        }
      ]
    },
    {
      "name": "Seri Kembangan Terms and Conditions",
      "type": "OTHER",
      "metadata": {},
      "salience": 0.007226482,
      "mentions": [
        {
          "text": {
            "content": "Seri Kembangan Terms and Conditions",
            "beginOffset": -1
          },
          "type": "PROPER"
        }
      ]
    },
    {
      "name": "vaccination.",
      "type": "OTHER",
      "metadata": {},
      "salience": 0.0064269346,
      "mentions": [
        {
          "text": {
            "content": "vaccination.",
            "beginOffset": -1
          },
          "type": "COMMON"
        }
      ]
    },
    {
      "name": "condo",
      "type": "LOCATION",
      "metadata": {},
      "salience": 0.0046030106,
      "mentions": [
        {
          "text": {
            "content": "condo",
            "beginOffset": -1
          },
          "type": "COMMON"
        }
      ]
    },
    {
      "name": "property",
      "type": "LOCATION",
      "metadata": {},
      "salience": 0.004043568,
      "mentions": [
        {
          "text": {
            "content": "property",
            "beginOffset": -1
          },
          "type": "COMMON"
        }
      ]
    }
  ],
  "documentSentiment": {
    "magnitude": 1.9,
    "score": 0.4
  },
  "language": "en",
  "categories": []
}
