{
  "sentences": [
    {
      "text": {
        "content": "This green eyed beauty is up for adoption, she has been spayed and is very loving &quot;manja&quot; cat..she was a stray but now she wants a home.",
        "beginOffset": -1
      },
      "sentiment": {
        "magnitude": 0.7,
        "score": 0.7
      }
    },
    {
      "text": {
        "content": "Please dropby Mel's Vet Clinic in Damansara Perdana to meet her.",
        "beginOffset": -1
      },
      "sentiment": {
        "magnitude": 0,
        "score": 0
      }
    },
    {
      "text": {
        "content": "Trust me, she's adorable!!!!",
        "beginOffset": -1
      },
      "sentiment": {
        "magnitude": 0.9,
        "score": 0.9
      }
    }
  ],
  "tokens": [],
  "entities": [
    {
      "name": "beauty",
      "type": "OTHER",
      "metadata": {},
      "salience": 0.3757678,
      "mentions": [
        {
          "text": {
            "content": "beauty",
            "beginOffset": -1
          },
          "type": "COMMON"
        }
      ]
    },
    {
      "name": "adoption",
      "type": "OTHER",
      "metadata": {},
      "salience": 0.3202978,
      "mentions": [
        {
          "text": {
            "content": "adoption",
            "beginOffset": -1
          },
          "type": "COMMON"
        }
      ]
    },
    {
      "name": "cat",
      "type": "OTHER",
      "metadata": {},
      "salience": 0.11401381,
      "mentions": [
        {
          "text": {
            "content": "cat",
            "beginOffset": -1
          },
          "type": "COMMON"
        }
      ]
    },
    {
      "name": "manja",
      "type": "OTHER",
      "metadata": {},
      "salience": 0.08999204,
      "mentions": [
        {
          "text": {
            "content": "manja",
            "beginOffset": -1
          },
          "type": "COMMON"
        }
      ]
    },
    {
      "name": "home",
      "type": "LOCATION",
      "metadata": {},
      "salience": 0.08379035,
      "mentions": [
        {
          "text": {
            "content": "home",
            "beginOffset": -1
          },
          "type": "COMMON"
        }
      ]
    },
    {
      "name": "Mel's Vet Clinic",
      "type": "LOCATION",
      "metadata": {},
      "salience": 0.0080690915,
      "mentions": [
        {
          "text": {
            "content": "Mel's Vet Clinic",
            "beginOffset": -1
          },
          "type": "PROPER"
        }
      ]
    },
    {
      "name": "Damansara Perdana",
      "type": "LOCATION",
      "metadata": {
        "mid": "/m/0db4vp",
        "wikipedia_url": "https://en.wikipedia.org/wiki/Damansara_Perdana"
      },
      "salience": 0.0080690915,
      "mentions": [
        {
          "text": {
            "content": "Damansara Perdana",
            "beginOffset": -1
          },
          "type": "PROPER"
        }
      ]
    }
  ],
  "documentSentiment": {
    "magnitude": 1.7,
    "score": 0.5
  },
  "language": "en",
  "categories": []
}
