{
  "sentences": [
    {
      "text": {
        "content": "very healthy cat but quite shy.",
        "beginOffset": -1
      },
      "sentiment": {
        "magnitude": 0.1,
        "score": 0.1
      }
    },
    {
      "text": {
        "content": "love to play around and don't give many problems.",
        "beginOffset": -1
      },
      "sentiment": {
        "magnitude": 0.6,
        "score": 0.6
      }
    }
  ],
  "tokens": [],
  "entities": [
    {
      "name": "cat",
      "type": "OTHER",
      "metadata": {},
      "salience": 0.9270486,
      "mentions": [
        {
          "text": {
            "content": "cat",
            "beginOffset": -1
          },
          "type": "COMMON"
        }
      ]
    },
    {
      "name": "problems",
      "type": "OTHER",
      "metadata": {},
      "salience": 0.072951406,
      "mentions": [
        {
          "text": {
            "content": "problems",
            "beginOffset": -1
          },
          "type": "COMMON"
        }
      ]
    }
  ],
  "documentSentiment": {
    "magnitude": 0.8,
    "score": 0.4
  },
  "language": "en",
  "categories": []
}
