{
  "sentences": [
    {
      "text": {
        "content": "very playful..",
        "beginOffset": -1
      },
      "sentiment": {
        "magnitude": 0.5,
        "score": 0.5
      }
    },
    {
      "text": {
        "content": "like to play hide and seek with the owner.. know his litter box..",
        "beginOffset": -1
      },
      "sentiment": {
        "magnitude": 0.1,
        "score": 0.1
      }
    }
  ],
  "tokens": [],
  "entities": [
    {
      "name": "owner",
      "type": "PERSON",
      "metadata": {},
      "salience": 0.8589268,
      "mentions": [
        {
          "text": {
            "content": "owner",
            "beginOffset": -1
          },
          "type": "COMMON"
        }
      ]
    },
    {
      "name": "litter box",
      "type": "OTHER",
      "metadata": {},
      "salience": 0.14107324,
      "mentions": [
        {
          "text": {
            "content": "litter box",
            "beginOffset": -1
          },
          "type": "COMMON"
        }
      ]
    }
  ],
  "documentSentiment": {
    "magnitude": 0.7,
    "score": 0.3
  },
  "language": "en",
  "categories": []
}
