{
  "sentences": [
    {
      "text": {
        "content": "Willy was found at Tesco Puchong &amp; looking for loving home.",
        "beginOffset": -1
      },
      "sentiment": {
        "magnitude": 0.8,
        "score": 0.8
      }
    }
  ],
  "tokens": [],
  "entities": [
    {
      "name": "Willy",
      "type": "PERSON",
      "metadata": {},
      "salience": 0.59382826,
      "mentions": [
        {
          "text": {
            "content": "Willy",
            "beginOffset": -1
          },
          "type": "PROPER"
        }
      ]
    },
    {
      "name": "home",
      "type": "LOCATION",
      "metadata": {},
      "salience": 0.21761692,
      "mentions": [
        {
          "text": {
            "content": "home",
            "beginOffset": -1
          },
          "type": "COMMON"
        }
      ]
    },
    {
      "name": "Tesco Puchong",
      "type": "LOCATION",
      "metadata": {},
      "salience": 0.18855482,
      "mentions": [
        {
          "text": {
            "content": "Tesco Puchong",
            "beginOffset": -1
          },
          "type": "PROPER"
        }
      ]
    }
  ],
  "documentSentiment": {
    "magnitude": 0.8,
    "score": 0.8
  },
  "language": "en",
  "categories": []
}
