{
  "sentences": [
    {
      "text": {
        "content": "Domestic shorthair kitten.",
        "beginOffset": -1
      },
      "sentiment": {
        "magnitude": 0.1,
        "score": 0.1
      }
    },
    {
      "text": {
        "content": "Quiet &amp; loves to cuddle up.",
        "beginOffset": -1
      },
      "sentiment": {
        "magnitude": 0.9,
        "score": 0.9
      }
    }
  ],
  "tokens": [],
  "entities": [
    {
      "name": "shorthair",
      "type": "OTHER",
      "metadata": {},
      "salience": 0.657611,
      "mentions": [
        {
          "text": {
            "content": "shorthair",
            "beginOffset": -1
          },
          "type": "COMMON"
        }
      ]
    },
    {
      "name": "kitten",
      "type": "PERSON",
      "metadata": {},
      "salience": 0.342389,
      "mentions": [
        {
          "text": {
            "content": "kitten",
            "beginOffset": -1
          },
          "type": "COMMON"
        }
      ]
    }
  ],
  "documentSentiment": {
    "magnitude": 1,
    "score": 0.5
  },
  "language": "en",
  "categories": []
}
