{
  "sentences": [
    {
      "text": {
        "content": "She born on 12 April .",
        "beginOffset": -1
      },
      "sentiment": {
        "magnitude": 0,
        "score": 0
      }
    },
    {
      "text": {
        "content": "I really hope the animal lovers can adopt her.",
        "beginOffset": -1
      },
      "sentiment": {
        "magnitude": 0.7,
        "score": 0.7
      }
    }
  ],
  "tokens": [],
  "entities": [
    {
      "name": "animal lovers",
      "type": "PERSON",
      "metadata": {},
      "salience": 1,
      "mentions": [
        {
          "text": {
            "content": "animal lovers",
            "beginOffset": -1
          },
          "type": "COMMON"
        }
      ]
    }
  ],
  "documentSentiment": {
    "magnitude": 0.7,
    "score": 0.3
  },
  "language": "en",
  "categories": []
}
