{
  "sentences": [
    {
      "text": {
        "content": "I am posting on behalf of Bee Lian, my neighbour.",
        "beginOffset": -1
      },
      "sentiment": {
        "magnitude": 0,
        "score": 0
      }
    },
    {
      "text": {
        "content": "She rescued and is fostering this kitten.",
        "beginOffset": -1
      },
      "sentiment": {
        "magnitude": 0,
        "score": 0
      }
    },
    {
      "text": {
        "content": "Adorable kitten with beautiful blue eyes, fluffy hair of brownish grey colours.",
        "beginOffset": -1
      },
      "sentiment": {
        "magnitude": 0.9,
        "score": 0.9
      }
    },
    {
      "text": {
        "content": "Toilet trained.",
        "beginOffset": -1
      },
      "sentiment": {
        "magnitude": 0.1,
        "score": 0.1
      }
    },
    {
      "text": {
        "content": "Playful and very cute!",
        "beginOffset": -1
      },
      "sentiment": {
        "magnitude": 0.8,
        "score": 0.8
      }
    },
    {
      "text": {
        "content": "Pls call Bee Lian directly as I will be outstation.",
        "beginOffset": -1
      },
      "sentiment": {
        "magnitude": 0.2,
        "score": 0.2
      }
    },
    {
      "text": {
        "content": "Bee Lian",
        "beginOffset": -1
      },
      "sentiment": {
        "magnitude": 0,
        "score": 0
      }
    }
  ],
  "tokens": [],
  "entities": [
    {
      "name": "Bee Lian",
      "type": "PERSON",
      "metadata": {},
      "salience": 0.7149584,
      "mentions": [
        {
          "text": {
            "content": "Bee Lian",
            "beginOffset": -1
          },
          "type": "PROPER"
        },
        {
          "text": {
            "content": "neighbour",
            "beginOffset": -1
          },
          "type": "COMMON"
        },
        {
          "text": {
            "content": "Bee Lian",
            "beginOffset": -1
          },
          "type": "PROPER"
        },
        {
          "text": {
            "content": "Lian",
            "beginOffset": -1
          },
          "type": "PROPER"
        },
        {
          "text": {
            "content": "Bee",
            "beginOffset": -1
          },
          "type": "COMMON"
        }
      ]
    },
    {
      "name": "behalf",
      "type": "OTHER",
      "metadata": {},
      "salience": 0.15206239,
      "mentions": [
        {
          "text": {
            "content": "behalf",
            "beginOffset": -1
          },
          "type": "COMMON"
        }
      ]
    },
    {
      "name": "kitten",
      "type": "PERSON",
      "metadata": {},
      "salience": 0.023254266,
      "mentions": [
        {
          "text": {
            "content": "kitten",
            "beginOffset": -1
          },
          "type": "COMMON"
        }
      ]
    },
    {
      "name": "kitten",
      "type": "PERSON",
      "metadata": {},
      "salience": 0.023087097,
      "mentions": [
        {
          "text": {
            "content": "kitten",
            "beginOffset": -1
          },
          "type": "COMMON"
        }
      ]
    },
    {
      "name": "eyes",
      "type": "OTHER",
      "metadata": {},
      "salience": 0.02045953,
      "mentions": [
        {
          "text": {
            "content": "eyes",
            "beginOffset": -1
          },
          "type": "COMMON"
        }
      ]
    },
    {
      "name": "hair",
      "type": "OTHER",
      "metadata": {},
      "salience": 0.018789671,
      "mentions": [
        {
          "text": {
            "content": "hair",
            "beginOffset": -1
          },
          "type": "COMMON"
        }
      ]
    },
    {
      "name": "colours",
      "type": "OTHER",
      "metadata": {},
      "salience": 0.018789671,
      "mentions": [
        {
          "text": {
            "content": "colours",
            "beginOffset": -1
          },
          "type": "COMMON"
        }
      ]
    },
    {
      "name": "Toilet",
      "type": "OTHER",
      "metadata": {},
      "salience": 0.018724002,
      "mentions": [
        {
          "text": {
            "content": "Toilet",
            "beginOffset": -1
          },
          "type": "COMMON"
        }
      ]
    },
    {
      "name": "outstation",
      "type": "OTHER",
      "metadata": {},
      "salience": 0.009874952,
      "mentions": [
        {
          "text": {
            "content": "outstation",
            "beginOffset": -1
          },
          "type": "COMMON"
        }
      ]
    }
  ],
  "documentSentiment": {
    "magnitude": 2.3,
    "score": 0.3
  },
  "language": "en",
  "categories": []
}
