{
  "sentences": [
    {
      "text": {
        "content": "We found Dayang wandering alone at our flat.She was so cute that we can resist and we brought her home.",
        "beginOffset": -1
      },
      "sentiment": {
        "magnitude": 0.7,
        "score": 0.7
      }
    },
    {
      "text": {
        "content": "Shes very playful and naughty.And shes very quite.Cos I think tehres something wrng bout her voice.Very quite ;)",
        "beginOffset": -1
      },
      "sentiment": {
        "magnitude": 0.7,
        "score": 0.7
      }
    },
    {
      "text": {
        "content": "Anyway,I wand to find a better place for Dayang.Please if you are looking for a totaally black and naughty cat,Dayang is here.",
        "beginOffset": -1
      },
      "sentiment": {
        "magnitude": 0.1,
        "score": 0.1
      }
    },
    {
      "text": {
        "content": "Call or text us Faris Philip",
        "beginOffset": -1
      },
      "sentiment": {
        "magnitude": 0,
        "score": 0
      }
    }
  ],
  "tokens": [],
  "entities": [
    {
      "name": "Dayang",
      "type": "PERSON",
      "metadata": {},
      "salience": 0.66212267,
      "mentions": [
        {
          "text": {
            "content": "Dayang",
            "beginOffset": -1
          },
          "type": "PROPER"
        },
        {
          "text": {
            "content": "Dayang",
            "beginOffset": -1
          },
          "type": "PROPER"
        }
      ]
    },
    {
      "name": "flat.",
      "type": "OTHER",
      "metadata": {},
      "salience": 0.1290363,
      "mentions": [
        {
          "text": {
            "content": "flat.",
            "beginOffset": -1
          },
          "type": "COMMON"
        }
      ]
    },
    {
      "name": "home",
      "type": "LOCATION",
      "metadata": {},
      "salience": 0.04490234,
      "mentions": [
        {
          "text": {
            "content": "home",
            "beginOffset": -1
          },
          "type": "COMMON"
        }
      ]
    },
    {
      "name": "Shes",
      "type": "PERSON",
      "metadata": {},
      "salience": 0.018921286,
      "mentions": [
        {
          "text": {
            "content": "Shes",
            "beginOffset": -1
          },
          "type": "COMMON"
        }
      ]
    },
    {
      "name": "shes",
      "type": "OTHER",
      "metadata": {},
      "salience": 0.018921286,
      "mentions": [
        {
          "text": {
            "content": "shes",
            "beginOffset": -1
          },
          "type": "COMMON"
        }
      ]
    },
    {
      "name": "Cos",
      "type": "OTHER",
      "metadata": {},
      "salience": 0.016839406,
      "mentions": [
        {
          "text": {
            "content": "Cos",
            "beginOffset": -1
          },
          "type": "COMMON"
        }
      ]
    },
    {
      "name": "something",
      "type": "OTHER",
      "metadata": {},
      "salience": 0.016839406,
      "mentions": [
        {
          "text": {
            "content": "something",
            "beginOffset": -1
          },
          "type": "COMMON"
        }
      ]
    },
    {
      "name": "bout",
      "type": "EVENT",
      "metadata": {},
      "salience": 0.016839406,
      "mentions": [
        {
          "text": {
            "content": "bout",
            "beginOffset": -1
          },
          "type": "COMMON"
        }
      ]
    },
    {
      "name": "naughty.",
      "type": "OTHER",
      "metadata": {},
      "salience": 0.01663484,
      "mentions": [
        {
          "text": {
            "content": "naughty.",
            "beginOffset": -1
          },
          "type": "COMMON"
        }
      ]
    },
    {
      "name": "voice.",
      "type": "OTHER",
      "metadata": {},
      "salience": 0.0154582225,
      "mentions": [
        {
          "text": {
            "content": "voice.",
            "beginOffset": -1
          },
          "type": "COMMON"
        }
      ]
    },
    {
      "name": "wand",
      "type": "OTHER",
      "metadata": {},
      "salience": 0.015381758,
      "mentions": [
        {
          "text": {
            "content": "wand",
            "beginOffset": -1
          },
          "type": "COMMON"
        }
      ]
    },
    {
      "name": "cat",
      "type": "OTHER",
      "metadata": {},
      "salience": 0.011607246,
      "mentions": [
        {
          "text": {
            "content": "cat",
            "beginOffset": -1
          },
          "type": "COMMON"
        }
      ]
    },
    {
      "name": "place",
      "type": "OTHER",
      "metadata": {},
      "salience": 0.007936564,
      "mentions": [
        {
          "text": {
            "content": "place",
            "beginOffset": -1
          },
          "type": "COMMON"
        }
      ]
    },
    {
      "name": "Faris Philip",
      "type": "OTHER",
      "metadata": {},
      "salience": 0.0047951257,
      "mentions": [
        {
          "text": {
            "content": "Faris Philip",
            "beginOffset": -1
          },
          "type": "PROPER"
        }
      ]
    },
    {
      "name": "Dayang.",
      "type": "LOCATION",
      "metadata": {},
      "salience": 0.0037641807,
      "mentions": [
        {
          "text": {
            "content": "Dayang.",
            "beginOffset": -1
          },
          "type": "PROPER"
        }
      ]
    }
  ],
  "documentSentiment": {
    "magnitude": 1.7,
    "score": 0.4
  },
  "language": "en",
  "categories": []
}
