{
  "sentences": [
    {
      "text": {
        "content": "Previous confirmed adopters did not reply to me at all now.",
        "beginOffset": -1
      },
      "sentiment": {
        "magnitude": 0.3,
        "score": -0.3
      }
    },
    {
      "text": {
        "content": "So I have to put the kittens for adoption again :(",
        "beginOffset": -1
      },
      "sentiment": {
        "magnitude": 0.1,
        "score": -0.1
      }
    },
    {
      "text": {
        "content": "Seriously, serious adopters ONLY!",
        "beginOffset": -1
      },
      "sentiment": {
        "magnitude": 0.3,
        "score": -0.3
      }
    },
    {
      "text": {
        "content": "The kittens are 6weeks-old now.",
        "beginOffset": -1
      },
      "sentiment": {
        "magnitude": 0.2,
        "score": 0.2
      }
    },
    {
      "text": {
        "content": "They have pretty big appetite, playful as always, sleep whenever wherever they want, can use sandbox, not afraid of human beings AT ALL.",
        "beginOffset": -1
      },
      "sentiment": {
        "magnitude": 0.8,
        "score": 0.8
      }
    },
    {
      "text": {
        "content": "I will be at home this 2 weeks, you can come and get them anytime :)",
        "beginOffset": -1
      },
      "sentiment": {
        "magnitude": 0.4,
        "score": 0.4
      }
    },
    {
      "text": {
        "content": "Please call/sms/email me :)",
        "beginOffset": -1
      },
      "sentiment": {
        "magnitude": 0.2,
        "score": 0.2
      }
    },
    {
      "text": {
        "content": "Location: Saujana Puchong ps: Sorry, I prefer local Malaysians to be the adopters :) ....",
        "beginOffset": -1
      },
      "sentiment": {
        "magnitude": 0,
        "score": 0
      }
    },
    {
      "text": {
        "content": "A cat mum gave birth to 4 kittens in front of my house (7Oct) and they are currently under my care.",
        "beginOffset": -1
      },
      "sentiment": {
        "magnitude": 0,
        "score": 0
      }
    },
    {
      "text": {
        "content": "But i'll have to put up for adoption because i will be having internship and starting my last year of university soon, so i wont have much time to take care of the kittens.",
        "beginOffset": -1
      },
      "sentiment": {
        "magnitude": 0.3,
        "score": 0.3
      }
    },
    {
      "text": {
        "content": "Please let me know if you're interested to adopt the kittens, but they are only available when they're 2-months old. :)",
        "beginOffset": -1
      },
      "sentiment": {
        "magnitude": 0.4,
        "score": 0.4
      }
    },
    {
      "text": {
        "content": "SERIOUS PET OWNER ONLY.",
        "beginOffset": -1
      },
      "sentiment": {
        "magnitude": 0,
        "score": 0
      }
    },
    {
      "text": {
        "content": "PETS ARE NOT TOYS.",
        "beginOffset": -1
      },
      "sentiment": {
        "magnitude": 0,
        "score": 0
      }
    },
    {
      "text": {
        "content": "I really hope they will be taken care by good home good owner, NO EXCUSE for throwing them backstreet, they DO NOT deserve to be abandoned.",
        "beginOffset": -1
      },
      "sentiment": {
        "magnitude": 0.7,
        "score": -0.7
      }
    },
    {
      "text": {
        "content": "ps: i do encourage you to spay/neuter the kittens when they're bit older :)",
        "beginOffset": -1
      },
      "sentiment": {
        "magnitude": 0.8,
        "score": 0.8
      }
    }
  ],
  "tokens": [],
  "entities": [
    {
      "name": "kittens",
      "type": "PERSON",
      "metadata": {},
      "salience": 0.40572432,
      "mentions": [
        {
          "text": {
            "content": "kittens",
            "beginOffset": -1
          },
          "type": "COMMON"
        },
        {
          "text": {
            "content": "kittens",
            "beginOffset": -1
          },
          "type": "COMMON"
        }
      ]
    },
    {
      "name": "adopters",
      "type": "PERSON",
      "metadata": {},
      "salience": 0.12879397,
      "mentions": [
        {
          "text": {
            "content": "adopters",
            "beginOffset": -1
          },
          "type": "COMMON"
        }
      ]
    },
    {
      "name": "adoption",
      "type": "OTHER",
      "metadata": {},
      "salience": 0.06294836,
      "mentions": [
        {
          "text": {
            "content": "adoption",
            "beginOffset": -1
          },
          "type": "COMMON"
        }
      ]
    },
    {
      "name": "kittens",
      "type": "PERSON",
      "metadata": {},
      "salience": 0.04202045,
      "mentions": [
        {
          "text": {
            "content": "kittens",
            "beginOffset": -1
          },
          "type": "COMMON"
        }
      ]
    },
    {
      "name": "kittens",
      "type": "PERSON",
      "metadata": {},
      "salience": 0.031180348,
      "mentions": [
        {
          "text": {
            "content": "kittens",
            "beginOffset": -1
          },
          "type": "COMMON"
        },
        {
          "text": {
            "content": "kittens",
            "beginOffset": -1
          },
          "type": "COMMON"
        }
      ]
    },
    {
      "name": "PETS",
      "type": "PERSON",
      "metadata": {},
      "salience": 0.026208961,
      "mentions": [
        {
          "text": {
            "content": "PETS",
            "beginOffset": -1
          },
          "type": "COMMON"
        }
      ]
    },
    {
      "name": "kittens",
      "type": "PERSON",
      "metadata": {},
      "salience": 0.020818975,
      "mentions": [
        {
          "text": {
            "content": "kittens",
            "beginOffset": -1
          },
          "type": "COMMON"
        }
      ]
    },
    {
      "name": "adopters",
      "type": "PERSON",
      "metadata": {},
      "salience": 0.019928176,
      "mentions": [
        {
          "text": {
            "content": "adopters",
            "beginOffset": -1
          },
          "type": "COMMON"
        }
      ]
    },
    {
      "name": "sandbox",
      "type": "OTHER",
      "metadata": {},
      "salience": 0.016767379,
      "mentions": [
        {
          "text": {
            "content": "sandbox",
            "beginOffset": -1
          },
          "type": "COMMON"
        }
      ]
    },
    {
      "name": "human beings",
      "type": "PERSON",
      "metadata": {},
      "salience": 0.016767379,
      "mentions": [
        {
          "text": {
            "content": "human beings",
            "beginOffset": -1
          },
          "type": "COMMON"
        }
      ]
    },
    {
      "name": "appetite",
      "type": "OTHER",
      "metadata": {},
      "salience": 0.016563078,
      "mentions": [
        {
          "text": {
            "content": "appetite",
            "beginOffset": -1
          },
          "type": "COMMON"
        }
      ]
    },
    {
      "name": "adoption",
      "type": "OTHER",
      "metadata": {},
      "salience": 0.014808872,
      "mentions": [
        {
          "text": {
            "content": "adoption",
            "beginOffset": -1
          },
          "type": "COMMON"
        }
      ]
    },
    {
      "name": "care",
      "type": "OTHER",
      "metadata": {},
      "salience": 0.013029004,
      "mentions": [
        {
          "text": {
            "content": "care",
            "beginOffset": -1
          },
          "type": "COMMON"
        }
      ]
    },
    {
      "name": "home",
      "type": "LOCATION",
      "metadata": {},
      "salience": 0.012858359,
      "mentions": [
        {
          "text": {
            "content": "home",
            "beginOffset": -1
          },
          "type": "COMMON"
        }
      ]
    },
    {
      "name": "cat mum",
      "type": "PERSON",
      "metadata": {},
      "salience": 0.011380306,
      "mentions": [
        {
          "text": {
            "content": "cat mum",
            "beginOffset": -1
          },
          "type": "COMMON"
        }
      ]
    },
    {
      "name": "birth",
      "type": "OTHER",
      "metadata": {},
      "salience": 0.011380306,
      "mentions": [
        {
          "text": {
            "content": "birth",
            "beginOffset": -1
          },
          "type": "COMMON"
        }
      ]
    },
    {
      "name": "front",
      "type": "OTHER",
      "metadata": {},
      "salience": 0.011380306,
      "mentions": [
        {
          "text": {
            "content": "front",
            "beginOffset": -1
          },
          "type": "COMMON"
        }
      ]
    },
    {
      "name": "house",
      "type": "LOCATION",
      "metadata": {},
      "salience": 0.011380306,
      "mentions": [
        {
          "text": {
            "content": "house",
            "beginOffset": -1
          },
          "type": "COMMON"
        }
      ]
    },
    {
      "name": "sms",
      "type": "OTHER",
      "metadata": {},
      "salience": 0.011276173,
      "mentions": [
        {
          "text": {
            "content": "sms",
            "beginOffset": -1
          },
          "type": "COMMON"
        }
      ]
    },
    {
      "name": "Location",
      "type": "LOCATION",
      "metadata": {},
      "salience": 0.011257701,
      "mentions": [
        {
          "text": {
            "content": "Location",
            "beginOffset": -1
          },
          "type": "COMMON"
        }
      ]
    },
    {
      "name": "care",
      "type": "OTHER",
      "metadata": {},
      "salience": 0.011183608,
      "mentions": [
        {
          "text": {
            "content": "care",
            "beginOffset": -1
          },
          "type": "COMMON"
        }
      ]
    },
    {
      "name": "internship",
      "type": "OTHER",
      "metadata": {},
      "salience": 0.0104294475,
      "mentions": [
        {
          "text": {
            "content": "internship",
            "beginOffset": -1
          },
          "type": "COMMON"
        }
      ]
    },
    {
      "name": "university",
      "type": "ORGANIZATION",
      "metadata": {},
      "salience": 0.0104294475,
      "mentions": [
        {
          "text": {
            "content": "university",
            "beginOffset": -1
          },
          "type": "COMMON"
        }
      ]
    },
    {
      "name": "PET OWNER",
      "type": "PERSON",
      "metadata": {},
      "salience": 0.008929504,
      "mentions": [
        {
          "text": {
            "content": "PET OWNER",
            "beginOffset": -1
          },
          "type": "COMMON"
        }
      ]
    },
    {
      "name": "owner",
      "type": "PERSON",
      "metadata": {},
      "salience": 0.008912608,
      "mentions": [
        {
          "text": {
            "content": "owner",
            "beginOffset": -1
          },
          "type": "COMMON"
        }
      ]
    },
    {
      "name": "home",
      "type": "LOCATION",
      "metadata": {},
      "salience": 0.008912608,
      "mentions": [
        {
          "text": {
            "content": "home",
            "beginOffset": -1
          },
          "type": "COMMON"
        }
      ]
    },
    {
      "name": "EXCUSE",
      "type": "OTHER",
      "metadata": {},
      "salience": 0.007829664,
      "mentions": [
        {
          "text": {
            "content": "EXCUSE",
            "beginOffset": -1
          },
          "type": "COMMON"
        }
      ]
    },
    {
      "name": "Malaysians",
      "type": "PERSON",
      "metadata": {
        "mid": "/m/09pmkv",
        "wikipedia_url": "https://en.wikipedia.org/wiki/Malaysia"
      },
      "salience": 0.006741164,
      "mentions": [
        {
          "text": {
            "content": "Malaysians",
            "beginOffset": -1
          },
          "type": "PROPER"
        }
      ]
    },
    {
      "name": "7Oct",
      "type": "OTHER",
      "metadata": {},
      "salience": 0.006731409,
      "mentions": [
        {
          "text": {
            "content": "7Oct",
            "beginOffset": -1
          },
          "type": "PROPER"
        }
      ]
    },
    {
      "name": "Saujana Puchong",
      "type": "ORGANIZATION",
      "metadata": {},
      "salience": 0.0066587925,
      "mentions": [
        {
          "text": {
            "content": "Saujana Puchong",
            "beginOffset": -1
          },
          "type": "PROPER"
        }
      ]
    },
    {
      "name": "TOYS",
      "type": "CONSUMER_GOOD",
      "metadata": {},
      "salience": 0.006358849,
      "mentions": [
        {
          "text": {
            "content": "TOYS",
            "beginOffset": -1
          },
          "type": "COMMON"
        }
      ]
    },
    {
      "name": "backstreet",
      "type": "OTHER",
      "metadata": {},
      "salience": 0.005481448,
      "mentions": [
        {
          "text": {
            "content": "backstreet",
            "beginOffset": -1
          },
          "type": "COMMON"
        }
      ]
    },
    {
      "name": "care",
      "type": "OTHER",
      "metadata": {},
      "salience": 0.0049287174,
      "mentions": [
        {
          "text": {
            "content": "care",
            "beginOffset": -1
          },
          "type": "COMMON"
        }
      ]
    }
  ],
  "documentSentiment": {
    "magnitude": 5.3,
    "score": 0.1
  },
  "language": "en",
  "categories": []
}
