{
  "sentences": [
    {
      "text": {
        "content": "Wait! before you read further, be sure that you are truly willing to commit years to the proper care of the pet you wish to adopted.",
        "beginOffset": -1
      },
      "sentiment": {
        "magnitude": 0.7,
        "score": 0.7
      }
    },
    {
      "text": {
        "content": "If you say, &quot;Yes!",
        "beginOffset": -1
      },
      "sentiment": {
        "magnitude": 0.2,
        "score": 0.2
      }
    },
    {
      "text": {
        "content": "I will surely commit &amp; care for my new pet like my life depends on it!&quot;",
        "beginOffset": -1
      },
      "sentiment": {
        "magnitude": 0.7,
        "score": 0.7
      }
    },
    {
      "text": {
        "content": "....then, please proceed reading!",
        "beginOffset": -1
      },
      "sentiment": {
        "magnitude": 0.1,
        "score": -0.1
      }
    },
    {
      "text": {
        "content": "Timmy were rescued.",
        "beginOffset": -1
      },
      "sentiment": {
        "magnitude": 0.1,
        "score": 0.1
      }
    },
    {
      "text": {
        "content": "He is healthy &amp; ready for adoption (vaccinated &amp; dewormed).",
        "beginOffset": -1
      },
      "sentiment": {
        "magnitude": 0.1,
        "score": 0.1
      }
    },
    {
      "text": {
        "content": "Timmy is an active and fun loving kitten.Loves being around with people and playful.",
        "beginOffset": -1
      },
      "sentiment": {
        "magnitude": 0.9,
        "score": 0.9
      }
    },
    {
      "text": {
        "content": "He loves food too ( we feed him fancy feast + RC kitten ).",
        "beginOffset": -1
      },
      "sentiment": {
        "magnitude": 0.9,
        "score": 0.9
      }
    },
    {
      "text": {
        "content": "Timmy is toilet trained.",
        "beginOffset": -1
      },
      "sentiment": {
        "magnitude": 0.1,
        "score": 0.1
      }
    },
    {
      "text": {
        "content": "Eligibility of adoption: please note we spent lots of love, care, time, energy &amp; money on all our rescues.",
        "beginOffset": -1
      },
      "sentiment": {
        "magnitude": 0.8,
        "score": 0.8
      }
    },
    {
      "text": {
        "content": "Are you ok up till here?",
        "beginOffset": -1
      },
      "sentiment": {
        "magnitude": 0.1,
        "score": -0.1
      }
    },
    {
      "text": {
        "content": "If yes, please call or whatsapp or .",
        "beginOffset": -1
      },
      "sentiment": {
        "magnitude": 0,
        "score": 0
      }
    },
    {
      "text": {
        "content": "No adoption fee required.",
        "beginOffset": -1
      },
      "sentiment": {
        "magnitude": 0.1,
        "score": 0.1
      }
    },
    {
      "text": {
        "content": "If you can't commit to any of our criteria, please save us both the trouble by not calling us.",
        "beginOffset": -1
      },
      "sentiment": {
        "magnitude": 0.2,
        "score": -0.2
      }
    },
    {
      "text": {
        "content": "Thank you!",
        "beginOffset": -1
      },
      "sentiment": {
        "magnitude": 0.1,
        "score": 0.1
      }
    }
  ],
  "tokens": [],
  "entities": [
    {
      "name": "Timmy",
      "type": "PERSON",
      "metadata": {},
      "salience": 0.34515277,
      "mentions": [
        {
          "text": {
            "content": "Timmy",
            "beginOffset": -1
          },
          "type": "PROPER"
        },
        {
          "text": {
            "content": "Timmy",
            "beginOffset": -1
          },
          "type": "PROPER"
        },
        {
          "text": {
            "content": "Timmy",
            "beginOffset": -1
          },
          "type": "PROPER"
        }
      ]
    },
    {
      "name": "pet",
      "type": "OTHER",
      "metadata": {},
      "salience": 0.16539158,
      "mentions": [
        {
          "text": {
            "content": "pet",
            "beginOffset": -1
          },
          "type": "COMMON"
        }
      ]
    },
    {
      "name": "care",
      "type": "OTHER",
      "metadata": {},
      "salience": 0.16539158,
      "mentions": [
        {
          "text": {
            "content": "care",
            "beginOffset": -1
          },
          "type": "COMMON"
        }
      ]
    },
    {
      "name": "pet",
      "type": "OTHER",
      "metadata": {},
      "salience": 0.030773697,
      "mentions": [
        {
          "text": {
            "content": "pet",
            "beginOffset": -1
          },
          "type": "COMMON"
        }
      ]
    },
    {
      "name": "Loves",
      "type": "PERSON",
      "metadata": {},
      "salience": 0.026620688,
      "mentions": [
        {
          "text": {
            "content": "Loves",
            "beginOffset": -1
          },
          "type": "COMMON"
        }
      ]
    },
    {
      "name": "adoption fee",
      "type": "OTHER",
      "metadata": {},
      "salience": 0.023505762,
      "mentions": [
        {
          "text": {
            "content": "adoption fee",
            "beginOffset": -1
          },
          "type": "COMMON"
        }
      ]
    },
    {
      "name": "adoption",
      "type": "OTHER",
      "metadata": {},
      "salience": 0.022879235,
      "mentions": [
        {
          "text": {
            "content": "adoption",
            "beginOffset": -1
          },
          "type": "COMMON"
        }
      ]
    },
    {
      "name": "people",
      "type": "PERSON",
      "metadata": {},
      "salience": 0.018309053,
      "mentions": [
        {
          "text": {
            "content": "people",
            "beginOffset": -1
          },
          "type": "COMMON"
        }
      ]
    },
    {
      "name": "life",
      "type": "OTHER",
      "metadata": {},
      "salience": 0.018274792,
      "mentions": [
        {
          "text": {
            "content": "life",
            "beginOffset": -1
          },
          "type": "COMMON"
        }
      ]
    },
    {
      "name": "reading",
      "type": "OTHER",
      "metadata": {},
      "salience": 0.018210417,
      "mentions": [
        {
          "text": {
            "content": "reading",
            "beginOffset": -1
          },
          "type": "COMMON"
        }
      ]
    },
    {
      "name": "food",
      "type": "OTHER",
      "metadata": {},
      "salience": 0.017836094,
      "mentions": [
        {
          "text": {
            "content": "food",
            "beginOffset": -1
          },
          "type": "COMMON"
        }
      ]
    },
    {
      "name": "kitten",
      "type": "PERSON",
      "metadata": {},
      "salience": 0.01677483,
      "mentions": [
        {
          "text": {
            "content": "kitten",
            "beginOffset": -1
          },
          "type": "COMMON"
        }
      ]
    },
    {
      "name": "RC",
      "type": "OTHER",
      "metadata": {},
      "salience": 0.01677483,
      "mentions": [
        {
          "text": {
            "content": "RC",
            "beginOffset": -1
          },
          "type": "COMMON"
        }
      ]
    },
    {
      "name": "toilet",
      "type": "OTHER",
      "metadata": {},
      "salience": 0.016750602,
      "mentions": [
        {
          "text": {
            "content": "toilet",
            "beginOffset": -1
          },
          "type": "COMMON"
        }
      ]
    },
    {
      "name": "Eligibility",
      "type": "OTHER",
      "metadata": {},
      "salience": 0.016728962,
      "mentions": [
        {
          "text": {
            "content": "Eligibility",
            "beginOffset": -1
          },
          "type": "COMMON"
        }
      ]
    },
    {
      "name": "whatsapp",
      "type": "OTHER",
      "metadata": {},
      "salience": 0.012585414,
      "mentions": [
        {
          "text": {
            "content": "whatsapp",
            "beginOffset": -1
          },
          "type": "COMMON"
        }
      ]
    },
    {
      "name": "any",
      "type": "OTHER",
      "metadata": {},
      "salience": 0.00879595,
      "mentions": [
        {
          "text": {
            "content": "any",
            "beginOffset": -1
          },
          "type": "COMMON"
        }
      ]
    },
    {
      "name": "criteria",
      "type": "OTHER",
      "metadata": {},
      "salience": 0.00879595,
      "mentions": [
        {
          "text": {
            "content": "criteria",
            "beginOffset": -1
          },
          "type": "COMMON"
        }
      ]
    },
    {
      "name": "trouble",
      "type": "OTHER",
      "metadata": {},
      "salience": 0.00879595,
      "mentions": [
        {
          "text": {
            "content": "trouble",
            "beginOffset": -1
          },
          "type": "COMMON"
        }
      ]
    },
    {
      "name": "adoption",
      "type": "OTHER",
      "metadata": {},
      "salience": 0.0069086845,
      "mentions": [
        {
          "text": {
            "content": "adoption",
            "beginOffset": -1
          },
          "type": "COMMON"
        }
      ]
    },
    {
      "name": "love",
      "type": "OTHER",
      "metadata": {},
      "salience": 0.006301474,
      "mentions": [
        {
          "text": {
            "content": "love",
            "beginOffset": -1
          },
          "type": "COMMON"
        }
      ]
    },
    {
      "name": "care",
      "type": "OTHER",
      "metadata": {},
      "salience": 0.006301474,
      "mentions": [
        {
          "text": {
            "content": "care",
            "beginOffset": -1
          },
          "type": "COMMON"
        }
      ]
    },
    {
      "name": "lots",
      "type": "OTHER",
      "metadata": {},
      "salience": 0.005535058,
      "mentions": [
        {
          "text": {
            "content": "lots",
            "beginOffset": -1
          },
          "type": "COMMON"
        }
      ]
    },
    {
      "name": "energy",
      "type": "OTHER",
      "metadata": {},
      "salience": 0.005535058,
      "mentions": [
        {
          "text": {
            "content": "energy",
            "beginOffset": -1
          },
          "type": "COMMON"
        }
      ]
    },
    {
      "name": "money",
      "type": "OTHER",
      "metadata": {},
      "salience": 0.005535058,
      "mentions": [
        {
          "text": {
            "content": "money",
            "beginOffset": -1
          },
          "type": "COMMON"
        }
      ]
    },
    {
      "name": "rescues",
      "type": "OTHER",
      "metadata": {},
      "salience": 0.005535058,
      "mentions": [
        {
          "text": {
            "content": "rescues",
            "beginOffset": -1
          },
          "type": "COMMON"
        }
      ]
    }
  ],
  "documentSentiment": {
    "magnitude": 5.7,
    "score": 0.3
  },
  "language": "en",
  "categories": []
}
