{
  "sentences": [
    {
      "text": {
        "content": "We rescued these pups from a temple that had been reported for abuse and neglect of animals.",
        "beginOffset": -1
      },
      "sentiment": {
        "magnitude": 0.5,
        "score": -0.5
      }
    },
    {
      "text": {
        "content": "They had been abandoned by their mother and were in a tiny cage with a tub of dirty drinking water when we found them.",
        "beginOffset": -1
      },
      "sentiment": {
        "magnitude": 0.7,
        "score": -0.7
      }
    },
    {
      "text": {
        "content": "Playful and absolutely adorable, they have retriever features but will be smaller than a purebred.",
        "beginOffset": -1
      },
      "sentiment": {
        "magnitude": 0.8,
        "score": 0.8
      }
    }
  ],
  "tokens": [],
  "entities": [
    {
      "name": "pups",
      "type": "PERSON",
      "metadata": {},
      "salience": 0.51117766,
      "mentions": [
        {
          "text": {
            "content": "pups",
            "beginOffset": -1
          },
          "type": "COMMON"
        }
      ]
    },
    {
      "name": "temple",
      "type": "OTHER",
      "metadata": {},
      "salience": 0.27424103,
      "mentions": [
        {
          "text": {
            "content": "temple",
            "beginOffset": -1
          },
          "type": "COMMON"
        }
      ]
    },
    {
      "name": "abuse",
      "type": "OTHER",
      "metadata": {},
      "salience": 0.049201757,
      "mentions": [
        {
          "text": {
            "content": "abuse",
            "beginOffset": -1
          },
          "type": "COMMON"
        }
      ]
    },
    {
      "name": "neglect",
      "type": "OTHER",
      "metadata": {},
      "salience": 0.049201757,
      "mentions": [
        {
          "text": {
            "content": "neglect",
            "beginOffset": -1
          },
          "type": "COMMON"
        }
      ]
    },
    {
      "name": "animals",
      "type": "OTHER",
      "metadata": {},
      "salience": 0.033578802,
      "mentions": [
        {
          "text": {
            "content": "animals",
            "beginOffset": -1
          },
          "type": "COMMON"
        }
      ]
    },
    {
      "name": "mother",
      "type": "PERSON",
      "metadata": {},
      "salience": 0.016510706,
      "mentions": [
        {
          "text": {
            "content": "mother",
            "beginOffset": -1
          },
          "type": "COMMON"
        }
      ]
    },
    {
      "name": "cage",
      "type": "OTHER",
      "metadata": {},
      "salience": 0.016510706,
      "mentions": [
        {
          "text": {
            "content": "cage",
            "beginOffset": -1
          },
          "type": "COMMON"
        }
      ]
    },
    {
      "name": "tub",
      "type": "OTHER",
      "metadata": {},
      "salience": 0.015162271,
      "mentions": [
        {
          "text": {
            "content": "tub",
            "beginOffset": -1
          },
          "type": "COMMON"
        }
      ]
    },
    {
      "name": "drinking water",
      "type": "OTHER",
      "metadata": {},
      "salience": 0.015162271,
      "mentions": [
        {
          "text": {
            "content": "drinking water",
            "beginOffset": -1
          },
          "type": "COMMON"
        }
      ]
    },
    {
      "name": "retriever features",
      "type": "OTHER",
      "metadata": {},
      "salience": 0.011258808,
      "mentions": [
        {
          "text": {
            "content": "retriever features",
            "beginOffset": -1
          },
          "type": "COMMON"
        }
      ]
    },
    {
      "name": "purebred",
      "type": "OTHER",
      "metadata": {},
      "salience": 0.007994236,
      "mentions": [
        {
          "text": {
            "content": "purebred",
            "beginOffset": -1
          },
          "type": "COMMON"
        }
      ]
    }
  ],
  "documentSentiment": {
    "magnitude": 2.1,
    "score": -0.1
  },
  "language": "en",
  "categories": []
}
