{
  "sentences": [
    {
      "text": {
        "content": "Born on 11th May ... this cute male Name Sheppard, Brown with little black on its tail, have a &quot;labrador&quot; look a like,Is looking for a good home &amp; loving owner, who will have a long term commitment.",
        "beginOffset": -1
      },
      "sentiment": {
        "magnitude": 0.9,
        "score": 0.9
      }
    },
    {
      "text": {
        "content": "Very playful, always seek attention, very well with small kids &amp; can be yr guard dog when he is full grown.",
        "beginOffset": -1
      },
      "sentiment": {
        "magnitude": 0.9,
        "score": 0.9
      }
    },
    {
      "text": {
        "content": "I have to give it as I have 6 puppy including this one.( NOTE; THIS IS NOT A full LABRADOR BREED) do call me at for viewing at Taman Pelangi.JB",
        "beginOffset": -1
      },
      "sentiment": {
        "magnitude": 0.6,
        "score": -0.6
      }
    }
  ],
  "tokens": [],
  "entities": [
    {
      "name": "black",
      "type": "OTHER",
      "metadata": {},
      "salience": 0.17728059,
      "mentions": [
        {
          "text": {
            "content": "black",
            "beginOffset": -1
          },
          "type": "COMMON"
        }
      ]
    },
    {
      "name": "owner",
      "type": "PERSON",
      "metadata": {},
      "salience": 0.11787379,
      "mentions": [
        {
          "text": {
            "content": "owner",
            "beginOffset": -1
          },
          "type": "COMMON"
        }
      ]
    },
    {
      "name": "Brown",
      "type": "PERSON",
      "metadata": {},
      "salience": 0.11121365,
      "mentions": [
        {
          "text": {
            "content": "Brown",
            "beginOffset": -1
          },
          "type": "PROPER"
        }
      ]
    },
    {
      "name": "Name Sheppard",
      "type": "PERSON",
      "metadata": {},
      "salience": 0.11121365,
      "mentions": [
        {
          "text": {
            "content": "Name Sheppard",
            "beginOffset": -1
          },
          "type": "PROPER"
        }
      ]
    },
    {
      "name": "labrador",
      "type": "OTHER",
      "metadata": {},
      "salience": 0.07998512,
      "mentions": [
        {
          "text": {
            "content": "labrador",
            "beginOffset": -1
          },
          "type": "COMMON"
        }
      ]
    },
    {
      "name": "like",
      "type": "OTHER",
      "metadata": {},
      "salience": 0.07220793,
      "mentions": [
        {
          "text": {
            "content": "like",
            "beginOffset": -1
          },
          "type": "COMMON"
        }
      ]
    },
    {
      "name": "tail",
      "type": "OTHER",
      "metadata": {},
      "salience": 0.07220793,
      "mentions": [
        {
          "text": {
            "content": "tail",
            "beginOffset": -1
          },
          "type": "COMMON"
        }
      ]
    },
    {
      "name": "NOTE",
      "type": "OTHER",
      "metadata": {},
      "salience": 0.050367188,
      "mentions": [
        {
          "text": {
            "content": "NOTE",
            "beginOffset": -1
          },
          "type": "COMMON"
        }
      ]
    },
    {
      "name": "home",
      "type": "LOCATION",
      "metadata": {},
      "salience": 0.04910829,
      "mentions": [
        {
          "text": {
            "content": "home",
            "beginOffset": -1
          },
          "type": "COMMON"
        }
      ]
    },
    {
      "name": "commitment",
      "type": "OTHER",
      "metadata": {},
      "salience": 0.04910829,
      "mentions": [
        {
          "text": {
            "content": "commitment",
            "beginOffset": -1
          },
          "type": "COMMON"
        }
      ]
    },
    {
      "name": "attention",
      "type": "OTHER",
      "metadata": {},
      "salience": 0.024055062,
      "mentions": [
        {
          "text": {
            "content": "attention",
            "beginOffset": -1
          },
          "type": "COMMON"
        }
      ]
    },
    {
      "name": "kids",
      "type": "PERSON",
      "metadata": {},
      "salience": 0.022083865,
      "mentions": [
        {
          "text": {
            "content": "kids",
            "beginOffset": -1
          },
          "type": "COMMON"
        }
      ]
    },
    {
      "name": "guard dog",
      "type": "OTHER",
      "metadata": {},
      "salience": 0.022083865,
      "mentions": [
        {
          "text": {
            "content": "guard dog",
            "beginOffset": -1
          },
          "type": "COMMON"
        }
      ]
    },
    {
      "name": "puppy",
      "type": "OTHER",
      "metadata": {},
      "salience": 0.016384274,
      "mentions": [
        {
          "text": {
            "content": "puppy",
            "beginOffset": -1
          },
          "type": "COMMON"
        }
      ]
    },
    {
      "name": "one.",
      "type": "CONSUMER_GOOD",
      "metadata": {},
      "salience": 0.011068473,
      "mentions": [
        {
          "text": {
            "content": "one.",
            "beginOffset": -1
          },
          "type": "COMMON"
        }
      ]
    },
    {
      "name": "LABRADOR BREED",
      "type": "CONSUMER_GOOD",
      "metadata": {},
      "salience": 0.0068790293,
      "mentions": [
        {
          "text": {
            "content": "LABRADOR BREED",
            "beginOffset": -1
          },
          "type": "PROPER"
        }
      ]
    },
    {
      "name": "Taman Pelangi.JB",
      "type": "LOCATION",
      "metadata": {
        "mid": "/g/1w662xw_"
      },
      "salience": 0.0068790293,
      "mentions": [
        {
          "text": {
            "content": "Taman Pelangi.JB",
            "beginOffset": -1
          },
          "type": "PROPER"
        }
      ]
    }
  ],
  "documentSentiment": {
    "magnitude": 2.6,
    "score": 0.4
  },
  "language": "en",
  "categories": []
}
