{
  "sentences": [
    {
      "text": {
        "content": "i named by three kittens according to their hair colour.",
        "beginOffset": -1
      },
      "sentiment": {
        "magnitude": 0.1,
        "score": 0.1
      }
    },
    {
      "text": {
        "content": "gray is the smallest in size but very quiet and obedient.",
        "beginOffset": -1
      },
      "sentiment": {
        "magnitude": 0.8,
        "score": 0.8
      }
    },
    {
      "text": {
        "content": "ash is the naughtiest and burn is the closest to me and love to play with my fingers.",
        "beginOffset": -1
      },
      "sentiment": {
        "magnitude": 0.9,
        "score": 0.9
      }
    },
    {
      "text": {
        "content": "they all love to dribble the pingpong ball.",
        "beginOffset": -1
      },
      "sentiment": {
        "magnitude": 0.8,
        "score": 0.8
      }
    },
    {
      "text": {
        "content": "i love them very much, but i have to let them go coz the doctor has confirmed that i am suffering from asthma.",
        "beginOffset": -1
      },
      "sentiment": {
        "magnitude": 0.7,
        "score": 0.7
      }
    },
    {
      "text": {
        "content": "i am willing to give them away for free, as long i can be assured that they are well taken care.",
        "beginOffset": -1
      },
      "sentiment": {
        "magnitude": 0.5,
        "score": 0.5
      }
    }
  ],
  "tokens": [],
  "entities": [
    {
      "name": "kittens",
      "type": "PERSON",
      "metadata": {},
      "salience": 0.3792303,
      "mentions": [
        {
          "text": {
            "content": "kittens",
            "beginOffset": -1
          },
          "type": "COMMON"
        }
      ]
    },
    {
      "name": "naughtiest",
      "type": "OTHER",
      "metadata": {},
      "salience": 0.21477778,
      "mentions": [
        {
          "text": {
            "content": "ash",
            "beginOffset": -1
          },
          "type": "COMMON"
        },
        {
          "text": {
            "content": "naughtiest",
            "beginOffset": -1
          },
          "type": "COMMON"
        }
      ]
    },
    {
      "name": "hair colour",
      "type": "OTHER",
      "metadata": {},
      "salience": 0.16269952,
      "mentions": [
        {
          "text": {
            "content": "hair colour",
            "beginOffset": -1
          },
          "type": "COMMON"
        }
      ]
    },
    {
      "name": "closest",
      "type": "OTHER",
      "metadata": {},
      "salience": 0.1059002,
      "mentions": [
        {
          "text": {
            "content": "burn",
            "beginOffset": -1
          },
          "type": "COMMON"
        },
        {
          "text": {
            "content": "closest",
            "beginOffset": -1
          },
          "type": "COMMON"
        }
      ]
    },
    {
      "name": "smallest",
      "type": "OTHER",
      "metadata": {},
      "salience": 0.039596494,
      "mentions": [
        {
          "text": {
            "content": "smallest",
            "beginOffset": -1
          },
          "type": "COMMON"
        }
      ]
    },
    {
      "name": "size",
      "type": "OTHER",
      "metadata": {},
      "salience": 0.03105271,
      "mentions": [
        {
          "text": {
            "content": "size",
            "beginOffset": -1
          },
          "type": "COMMON"
        }
      ]
    },
    {
      "name": "fingers",
      "type": "OTHER",
      "metadata": {},
      "salience": 0.02117121,
      "mentions": [
        {
          "text": {
            "content": "fingers",
            "beginOffset": -1
          },
          "type": "COMMON"
        }
      ]
    },
    {
      "name": "pingpong ball",
      "type": "OTHER",
      "metadata": {},
      "salience": 0.021096922,
      "mentions": [
        {
          "text": {
            "content": "pingpong ball",
            "beginOffset": -1
          },
          "type": "COMMON"
        }
      ]
    },
    {
      "name": "care",
      "type": "OTHER",
      "metadata": {},
      "salience": 0.011663792,
      "mentions": [
        {
          "text": {
            "content": "care",
            "beginOffset": -1
          },
          "type": "COMMON"
        }
      ]
    },
    {
      "name": "doctor",
      "type": "PERSON",
      "metadata": {},
      "salience": 0.006405543,
      "mentions": [
        {
          "text": {
            "content": "doctor",
            "beginOffset": -1
          },
          "type": "COMMON"
        }
      ]
    },
    {
      "name": "asthma",
      "type": "OTHER",
      "metadata": {},
      "salience": 0.006405543,
      "mentions": [
        {
          "text": {
            "content": "asthma",
            "beginOffset": -1
          },
          "type": "COMMON"
        }
      ]
    }
  ],
  "documentSentiment": {
    "magnitude": 3.9,
    "score": 0.6
  },
  "language": "en",
  "categories": []
}
