{
  "sentences": [
    {
      "text": {
        "content": "I found him wandering in my condo area (USJ).",
        "beginOffset": -1
      },
      "sentiment": {
        "magnitude": 0.4,
        "score": 0.4
      }
    },
    {
      "text": {
        "content": "When I found him, his fur was all matted up and tangled.",
        "beginOffset": -1
      },
      "sentiment": {
        "magnitude": 0.7,
        "score": -0.7
      }
    },
    {
      "text": {
        "content": "We brought him to the groomers and we couldn't salvage the fur on his body because it was tangled to the skin.",
        "beginOffset": -1
      },
      "sentiment": {
        "magnitude": 0.6,
        "score": -0.6
      }
    },
    {
      "text": {
        "content": "Initially I thought he was a lost dog but judging from his heavily matted fur and how thin he looks - I think he has been a stray for quite a while.",
        "beginOffset": -1
      },
      "sentiment": {
        "magnitude": 0.6,
        "score": -0.6
      }
    },
    {
      "text": {
        "content": "I spoke to a food vendor in my area and she said she saw him wandering in the neighbourhood quite a while now.",
        "beginOffset": -1
      },
      "sentiment": {
        "magnitude": 0.4,
        "score": 0.4
      }
    },
    {
      "text": {
        "content": "He is fine with the collar and leash, quite friendly but fierce as well - he barks at strangers - so he'd make quite a good guard dog.",
        "beginOffset": -1
      },
      "sentiment": {
        "magnitude": 0.5,
        "score": 0.5
      }
    },
    {
      "text": {
        "content": "Please contact me with a brief description of yourself and household.",
        "beginOffset": -1
      },
      "sentiment": {
        "magnitude": 0,
        "score": 0
      }
    },
    {
      "text": {
        "content": "Thank you.",
        "beginOffset": -1
      },
      "sentiment": {
        "magnitude": 0,
        "score": 0
      }
    },
    {
      "text": {
        "content": "UPDATE: Brought to the vet.",
        "beginOffset": -1
      },
      "sentiment": {
        "magnitude": 0.1,
        "score": -0.1
      }
    },
    {
      "text": {
        "content": "Male, has some skin infection (yeast) and an ear infection - using medicated shampoo and he should be fine after a few baths.",
        "beginOffset": -1
      },
      "sentiment": {
        "magnitude": 0,
        "score": 0
      }
    },
    {
      "text": {
        "content": "Apart from that he is fine.",
        "beginOffset": -1
      },
      "sentiment": {
        "magnitude": 0.5,
        "score": 0.5
      }
    },
    {
      "text": {
        "content": "Need a home for this boy soon!",
        "beginOffset": -1
      },
      "sentiment": {
        "magnitude": 0.1,
        "score": 0.1
      }
    }
  ],
  "tokens": [],
  "entities": [
    {
      "name": "dog",
      "type": "OTHER",
      "metadata": {},
      "salience": 0.6476337,
      "mentions": [
        {
          "text": {
            "content": "dog",
            "beginOffset": -1
          },
          "type": "COMMON"
        }
      ]
    },
    {
      "name": "condo area",
      "type": "LOCATION",
      "metadata": {},
      "salience": 0.06974989,
      "mentions": [
        {
          "text": {
            "content": "condo area",
            "beginOffset": -1
          },
          "type": "COMMON"
        }
      ]
    },
    {
      "name": "fur",
      "type": "OTHER",
      "metadata": {},
      "salience": 0.03722659,
      "mentions": [
        {
          "text": {
            "content": "fur",
            "beginOffset": -1
          },
          "type": "COMMON"
        }
      ]
    },
    {
      "name": "USJ",
      "type": "LOCATION",
      "metadata": {},
      "salience": 0.036749367,
      "mentions": [
        {
          "text": {
            "content": "USJ",
            "beginOffset": -1
          },
          "type": "PROPER"
        }
      ]
    },
    {
      "name": "fur",
      "type": "OTHER",
      "metadata": {},
      "salience": 0.035805345,
      "mentions": [
        {
          "text": {
            "content": "fur",
            "beginOffset": -1
          },
          "type": "COMMON"
        }
      ]
    },
    {
      "name": "Male",
      "type": "PERSON",
      "metadata": {},
      "salience": 0.03182521,
      "mentions": [
        {
          "text": {
            "content": "Male",
            "beginOffset": -1
          },
          "type": "PROPER"
        }
      ]
    },
    {
      "name": "skin",
      "type": "OTHER",
      "metadata": {},
      "salience": 0.012910422,
      "mentions": [
        {
          "text": {
            "content": "skin",
            "beginOffset": -1
          },
          "type": "COMMON"
        }
      ]
    },
    {
      "name": "groomers",
      "type": "OTHER",
      "metadata": {},
      "salience": 0.011346362,
      "mentions": [
        {
          "text": {
            "content": "groomers",
            "beginOffset": -1
          },
          "type": "COMMON"
        }
      ]
    },
    {
      "name": "body",
      "type": "OTHER",
      "metadata": {},
      "salience": 0.011346362,
      "mentions": [
        {
          "text": {
            "content": "body",
            "beginOffset": -1
          },
          "type": "COMMON"
        }
      ]
    },
    {
      "name": "fur",
      "type": "OTHER",
      "metadata": {},
      "salience": 0.009525831,
      "mentions": [
        {
          "text": {
            "content": "fur",
            "beginOffset": -1
          },
          "type": "COMMON"
        }
      ]
    },
    {
      "name": "area",
      "type": "LOCATION",
      "metadata": {},
      "salience": 0.008773945,
      "mentions": [
        {
          "text": {
            "content": "area",
            "beginOffset": -1
          },
          "type": "COMMON"
        }
      ]
    },
    {
      "name": "food vendor",
      "type": "ORGANIZATION",
      "metadata": {},
      "salience": 0.0077092256,
      "mentions": [
        {
          "text": {
            "content": "food vendor",
            "beginOffset": -1
          },
          "type": "COMMON"
        }
      ]
    },
    {
      "name": "neighbourhood",
      "type": "LOCATION",
      "metadata": {},
      "salience": 0.0077092256,
      "mentions": [
        {
          "text": {
            "content": "neighbourhood",
            "beginOffset": -1
          },
          "type": "COMMON"
        }
      ]
    },
    {
      "name": "strangers",
      "type": "PERSON",
      "metadata": {},
      "salience": 0.0070585837,
      "mentions": [
        {
          "text": {
            "content": "strangers",
            "beginOffset": -1
          },
          "type": "COMMON"
        }
      ]
    },
    {
      "name": "leash",
      "type": "OTHER",
      "metadata": {},
      "salience": 0.0070585837,
      "mentions": [
        {
          "text": {
            "content": "leash",
            "beginOffset": -1
          },
          "type": "COMMON"
        }
      ]
    },
    {
      "name": "collar",
      "type": "CONSUMER_GOOD",
      "metadata": {},
      "salience": 0.0070585837,
      "mentions": [
        {
          "text": {
            "content": "collar",
            "beginOffset": -1
          },
          "type": "COMMON"
        }
      ]
    },
    {
      "name": "skin infection",
      "type": "OTHER",
      "metadata": {},
      "salience": 0.0060193064,
      "mentions": [
        {
          "text": {
            "content": "skin infection",
            "beginOffset": -1
          },
          "type": "COMMON"
        }
      ]
    },
    {
      "name": "ear infection",
      "type": "OTHER",
      "metadata": {},
      "salience": 0.0060193064,
      "mentions": [
        {
          "text": {
            "content": "ear infection",
            "beginOffset": -1
          },
          "type": "COMMON"
        }
      ]
    },
    {
      "name": "UPDATE",
      "type": "OTHER",
      "metadata": {},
      "salience": 0.005294901,
      "mentions": [
        {
          "text": {
            "content": "UPDATE",
            "beginOffset": -1
          },
          "type": "COMMON"
        }
      ]
    },
    {
      "name": "vet",
      "type": "PERSON",
      "metadata": {},
      "salience": 0.005294901,
      "mentions": [
        {
          "text": {
            "content": "vet",
            "beginOffset": -1
          },
          "type": "COMMON"
        }
      ]
    },
    {
      "name": "yeast",
      "type": "OTHER",
      "metadata": {},
      "salience": 0.00528805,
      "mentions": [
        {
          "text": {
            "content": "yeast",
            "beginOffset": -1
          },
          "type": "COMMON"
        }
      ]
    },
    {
      "name": "shampoo",
      "type": "CONSUMER_GOOD",
      "metadata": {},
      "salience": 0.00528805,
      "mentions": [
        {
          "text": {
            "content": "shampoo",
            "beginOffset": -1
          },
          "type": "COMMON"
        }
      ]
    },
    {
      "name": "baths",
      "type": "OTHER",
      "metadata": {},
      "salience": 0.0037022955,
      "mentions": [
        {
          "text": {
            "content": "baths",
            "beginOffset": -1
          },
          "type": "COMMON"
        }
      ]
    },
    {
      "name": "boy",
      "type": "PERSON",
      "metadata": {},
      "salience": 0.0036940041,
      "mentions": [
        {
          "text": {
            "content": "boy",
            "beginOffset": -1
          },
          "type": "COMMON"
        }
      ]
    },
    {
      "name": "home",
      "type": "LOCATION",
      "metadata": {},
      "salience": 0.0031481856,
      "mentions": [
        {
          "text": {
            "content": "home",
            "beginOffset": -1
          },
          "type": "COMMON"
        }
      ]
    },
    {
      "name": "description",
      "type": "OTHER",
      "metadata": {},
      "salience": 0.0023300478,
      "mentions": [
        {
          "text": {
            "content": "description",
            "beginOffset": -1
          },
          "type": "COMMON"
        }
      ]
    },
    {
      "name": "household",
      "type": "OTHER",
      "metadata": {},
      "salience": 0.0023300478,
      "mentions": [
        {
          "text": {
            "content": "household",
            "beginOffset": -1
          },
          "type": "COMMON"
        }
      ]
    },
    {
      "name": "guard dog",
      "type": "OTHER",
      "metadata": {},
      "salience": 0.002103718,
      "mentions": [
        {
          "text": {
            "content": "guard dog",
            "beginOffset": -1
          },
          "type": "COMMON"
        }
      ]
    }
  ],
  "documentSentiment": {
    "magnitude": 4.3,
    "score": 0
  },
  "language": "en",
  "categories": []
}
