{
  "sentences": [
    {
      "text": {
        "content": "I am looking for new owner for my pet (Jimmy) very friendly kindlly cal",
        "beginOffset": -1
      },
      "sentiment": {
        "magnitude": 0.8,
        "score": 0.8
      }
    }
  ],
  "tokens": [],
  "entities": [
    {
      "name": "pet",
      "type": "OTHER",
      "metadata": {},
      "salience": 0.32764912,
      "mentions": [
        {
          "text": {
            "content": "pet",
            "beginOffset": -1
          },
          "type": "COMMON"
        }
      ]
    },
    {
      "name": "owner",
      "type": "PERSON",
      "metadata": {},
      "salience": 0.3239298,
      "mentions": [
        {
          "text": {
            "content": "owner",
            "beginOffset": -1
          },
          "type": "COMMON"
        }
      ]
    },
    {
      "name": "Jimmy",
      "type": "PERSON",
      "metadata": {},
      "salience": 0.18375148,
      "mentions": [
        {
          "text": {
            "content": "Jimmy",
            "beginOffset": -1
          },
          "type": "PROPER"
        }
      ]
    },
    {
      "name": "kindlly cal",
      "type": "OTHER",
      "metadata": {},
      "salience": 0.1646696,
      "mentions": [
        {
          "text": {
            "content": "kindlly cal",
            "beginOffset": -1
          },
          "type": "COMMON"
        }
      ]
    }
  ],
  "documentSentiment": {
    "magnitude": 0.8,
    "score": 0.8
  },
  "language": "en",
  "categories": []
}
