{
  "sentences": [
    {
      "text": {
        "content": "~DAY~ is what i called him he is a 4 months old beagle puppy.",
        "beginOffset": -1
      },
      "sentiment": {
        "magnitude": 0,
        "score": 0
      }
    },
    {
      "text": {
        "content": "charming, active and playful.",
        "beginOffset": -1
      },
      "sentiment": {
        "magnitude": 0.7,
        "score": 0.7
      }
    },
    {
      "text": {
        "content": "he has a black 'n white tail. he love to be around people getting as much attention as he can looking for a new owner to take care of him... because one of our family member has allergic to dogs, therefore we can't keep him, and we are really looking for someone who would like to get ~DAY~ and possibly give him the best care...",
        "beginOffset": -1
      },
      "sentiment": {
        "magnitude": 0.6,
        "score": 0.6
      }
    },
    {
      "text": {
        "content": "kindly contact me (rudy) if you're interested...",
        "beginOffset": -1
      },
      "sentiment": {
        "magnitude": 0.1,
        "score": 0.1
      }
    }
  ],
  "tokens": [],
  "entities": [
    {
      "name": "beagle puppy",
      "type": "PERSON",
      "metadata": {},
      "salience": 0.8308651,
      "mentions": [
        {
          "text": {
            "content": "beagle puppy",
            "beginOffset": -1
          },
          "type": "COMMON"
        }
      ]
    },
    {
      "name": "people",
      "type": "PERSON",
      "metadata": {},
      "salience": 0.040853363,
      "mentions": [
        {
          "text": {
            "content": "people",
            "beginOffset": -1
          },
          "type": "COMMON"
        }
      ]
    },
    {
      "name": "owner",
      "type": "PERSON",
      "metadata": {},
      "salience": 0.022024492,
      "mentions": [
        {
          "text": {
            "content": "owner",
            "beginOffset": -1
          },
          "type": "COMMON"
        }
      ]
    },
    {
      "name": "care",
      "type": "OTHER",
      "metadata": {},
      "salience": 0.019390406,
      "mentions": [
        {
          "text": {
            "content": "care",
            "beginOffset": -1
          },
          "type": "COMMON"
        }
      ]
    },
    {
      "name": "one",
      "type": "OTHER",
      "metadata": {},
      "salience": 0.016041249,
      "mentions": [
        {
          "text": {
            "content": "one",
            "beginOffset": -1
          },
          "type": "COMMON"
        }
      ]
    },
    {
      "name": "tail.",
      "type": "OTHER",
      "metadata": {},
      "salience": 0.014726606,
      "mentions": [
        {
          "text": {
            "content": "tail.",
            "beginOffset": -1
          },
          "type": "COMMON"
        }
      ]
    },
    {
      "name": "attention",
      "type": "OTHER",
      "metadata": {},
      "salience": 0.014726606,
      "mentions": [
        {
          "text": {
            "content": "attention",
            "beginOffset": -1
          },
          "type": "COMMON"
        }
      ]
    },
    {
      "name": "family member",
      "type": "PERSON",
      "metadata": {},
      "salience": 0.01368522,
      "mentions": [
        {
          "text": {
            "content": "family member",
            "beginOffset": -1
          },
          "type": "COMMON"
        }
      ]
    },
    {
      "name": "dogs",
      "type": "OTHER",
      "metadata": {},
      "salience": 0.01368522,
      "mentions": [
        {
          "text": {
            "content": "dogs",
            "beginOffset": -1
          },
          "type": "COMMON"
        }
      ]
    },
    {
      "name": "someone",
      "type": "PERSON",
      "metadata": {},
      "salience": 0.007713593,
      "mentions": [
        {
          "text": {
            "content": "someone",
            "beginOffset": -1
          },
          "type": "COMMON"
        }
      ]
    },
    {
      "name": "care",
      "type": "OTHER",
      "metadata": {},
      "salience": 0.0062881676,
      "mentions": [
        {
          "text": {
            "content": "care",
            "beginOffset": -1
          },
          "type": "COMMON"
        }
      ]
    }
  ],
  "documentSentiment": {
    "magnitude": 1.5,
    "score": 0.3
  },
  "language": "en",
  "categories": []
}
