{
  "sentences": [
    {
      "text": {
        "content": "This is a purebred German Shepherd Dog up for adoption.",
        "beginOffset": -1
      },
      "sentiment": {
        "magnitude": 0,
        "score": 0
      }
    },
    {
      "text": {
        "content": "Cant bark because the previous owner debarked him, thus he will only make a good family dog, but will not be able to guard your house.",
        "beginOffset": -1
      },
      "sentiment": {
        "magnitude": 0.8,
        "score": -0.8
      }
    },
    {
      "text": {
        "content": "In a way, he may be suitable for families who comprises of light sleepers!",
        "beginOffset": -1
      },
      "sentiment": {
        "magnitude": 0.3,
        "score": 0.3
      }
    },
    {
      "text": {
        "content": "Condition: Healthy but debarked Reason for Adoption: Owner left the country Contact No.: Location: Petaling Jaya,old town.",
        "beginOffset": -1
      },
      "sentiment": {
        "magnitude": 0.1,
        "score": -0.1
      }
    }
  ],
  "tokens": [],
  "entities": [
    {
      "name": "adoption",
      "type": "OTHER",
      "metadata": {},
      "salience": 0.31001627,
      "mentions": [
        {
          "text": {
            "content": "adoption",
            "beginOffset": -1
          },
          "type": "COMMON"
        }
      ]
    },
    {
      "name": "German Shepherd Dog",
      "type": "ORGANIZATION",
      "metadata": {
        "wikipedia_url": "https://en.wikipedia.org/wiki/German_Shepherd",
        "mid": "/m/0km5c"
      },
      "salience": 0.2393015,
      "mentions": [
        {
          "text": {
            "content": "German Shepherd Dog",
            "beginOffset": -1
          },
          "type": "PROPER"
        }
      ]
    },
    {
      "name": "families",
      "type": "PERSON",
      "metadata": {},
      "salience": 0.09525972,
      "mentions": [
        {
          "text": {
            "content": "families",
            "beginOffset": -1
          },
          "type": "COMMON"
        }
      ]
    },
    {
      "name": "owner",
      "type": "PERSON",
      "metadata": {},
      "salience": 0.06040126,
      "mentions": [
        {
          "text": {
            "content": "owner",
            "beginOffset": -1
          },
          "type": "COMMON"
        }
      ]
    },
    {
      "name": "Cant bark",
      "type": "OTHER",
      "metadata": {},
      "salience": 0.053153746,
      "mentions": [
        {
          "text": {
            "content": "Cant bark",
            "beginOffset": -1
          },
          "type": "COMMON"
        }
      ]
    },
    {
      "name": "Petaling Jaya",
      "type": "LOCATION",
      "metadata": {
        "mid": "/m/03dqts",
        "wikipedia_url": "https://en.wikipedia.org/wiki/Petaling_Jaya"
      },
      "salience": 0.039261427,
      "mentions": [
        {
          "text": {
            "content": "Petaling Jaya",
            "beginOffset": -1
          },
          "type": "PROPER"
        },
        {
          "text": {
            "content": "town",
            "beginOffset": -1
          },
          "type": "COMMON"
        }
      ]
    },
    {
      "name": "house",
      "type": "LOCATION",
      "metadata": {},
      "salience": 0.036452368,
      "mentions": [
        {
          "text": {
            "content": "house",
            "beginOffset": -1
          },
          "type": "COMMON"
        }
      ]
    },
    {
      "name": "way",
      "type": "OTHER",
      "metadata": {},
      "salience": 0.033303577,
      "mentions": [
        {
          "text": {
            "content": "way",
            "beginOffset": -1
          },
          "type": "COMMON"
        }
      ]
    },
    {
      "name": "family dog",
      "type": "OTHER",
      "metadata": {},
      "salience": 0.032479618,
      "mentions": [
        {
          "text": {
            "content": "family dog",
            "beginOffset": -1
          },
          "type": "COMMON"
        }
      ]
    },
    {
      "name": "country",
      "type": "LOCATION",
      "metadata": {},
      "salience": 0.025055803,
      "mentions": [
        {
          "text": {
            "content": "country",
            "beginOffset": -1
          },
          "type": "COMMON"
        }
      ]
    },
    {
      "name": "No.",
      "type": "LOCATION",
      "metadata": {},
      "salience": 0.018223949,
      "mentions": [
        {
          "text": {
            "content": "No.",
            "beginOffset": -1
          },
          "type": "COMMON"
        }
      ]
    },
    {
      "name": "Location",
      "type": "LOCATION",
      "metadata": {},
      "salience": 0.017566001,
      "mentions": [
        {
          "text": {
            "content": "Location",
            "beginOffset": -1
          },
          "type": "COMMON"
        }
      ]
    },
    {
      "name": "Reason for Adoption: Owner",
      "type": "ORGANIZATION",
      "metadata": {},
      "salience": 0.016891325,
      "mentions": [
        {
          "text": {
            "content": "Reason for Adoption: Owner",
            "beginOffset": -1
          },
          "type": "PROPER"
        }
      ]
    },
    {
      "name": "Condition",
      "type": "OTHER",
      "metadata": {},
      "salience": 0.011574617,
      "mentions": [
        {
          "text": {
            "content": "Condition",
            "beginOffset": -1
          },
          "type": "COMMON"
        }
      ]
    },
    {
      "name": "sleepers",
      "type": "OTHER",
      "metadata": {},
      "salience": 0.011058828,
      "mentions": [
        {
          "text": {
            "content": "sleepers",
            "beginOffset": -1
          },
          "type": "COMMON"
        }
      ]
    }
  ],
  "documentSentiment": {
    "magnitude": 1.3,
    "score": -0.1
  },
  "language": "en",
  "categories": []
}
