{
  "sentences": [
    {
      "text": {
        "content": "Our new pack member...",
        "beginOffset": -1
      },
      "sentiment": {
        "magnitude": 0.3,
        "score": 0.3
      }
    },
    {
      "text": {
        "content": "All the way from Bukit Mertajam.",
        "beginOffset": -1
      },
      "sentiment": {
        "magnitude": 0,
        "score": 0
      }
    },
    {
      "text": {
        "content": "She is covered with black shining short fur.",
        "beginOffset": -1
      },
      "sentiment": {
        "magnitude": 0.2,
        "score": 0.2
      }
    },
    {
      "text": {
        "content": "She is about 4 months old.",
        "beginOffset": -1
      },
      "sentiment": {
        "magnitude": 0,
        "score": 0
      }
    },
    {
      "text": {
        "content": "She just got her 1st vaccination.",
        "beginOffset": -1
      },
      "sentiment": {
        "magnitude": 0,
        "score": 0
      }
    },
    {
      "text": {
        "content": "Very adorable personality.",
        "beginOffset": -1
      },
      "sentiment": {
        "magnitude": 0.9,
        "score": 0.9
      }
    },
    {
      "text": {
        "content": "She is a medium size dog.",
        "beginOffset": -1
      },
      "sentiment": {
        "magnitude": 0,
        "score": 0
      }
    },
    {
      "text": {
        "content": "Contact : Alexis/ You can visit her here: One Petz pet store 2-1-20 One Square, Tingkat Mahsuri 1, Bayan Lepas, Penang.",
        "beginOffset": -1
      },
      "sentiment": {
        "magnitude": 0.3,
        "score": 0.3
      }
    }
  ],
  "tokens": [],
  "entities": [
    {
      "name": "size dog",
      "type": "OTHER",
      "metadata": {},
      "salience": 0.67718464,
      "mentions": [
        {
          "text": {
            "content": "size dog",
            "beginOffset": -1
          },
          "type": "COMMON"
        }
      ]
    },
    {
      "name": "pack member",
      "type": "PERSON",
      "metadata": {},
      "salience": 0.11645878,
      "mentions": [
        {
          "text": {
            "content": "pack member",
            "beginOffset": -1
          },
          "type": "COMMON"
        }
      ]
    },
    {
      "name": "way",
      "type": "OTHER",
      "metadata": {},
      "salience": 0.057932917,
      "mentions": [
        {
          "text": {
            "content": "way",
            "beginOffset": -1
          },
          "type": "COMMON"
        }
      ]
    },
    {
      "name": "Alexis",
      "type": "PERSON",
      "metadata": {
        "mid": "/g/11cnyjlk16",
        "wikipedia_url": "https://en.wikipedia.org/wiki/Alexis_Ren"
      },
      "salience": 0.041988783,
      "mentions": [
        {
          "text": {
            "content": "Alexis",
            "beginOffset": -1
          },
          "type": "PROPER"
        }
      ]
    },
    {
      "name": "fur",
      "type": "OTHER",
      "metadata": {},
      "salience": 0.0222666,
      "mentions": [
        {
          "text": {
            "content": "fur",
            "beginOffset": -1
          },
          "type": "COMMON"
        }
      ]
    },
    {
      "name": "personality",
      "type": "OTHER",
      "metadata": {},
      "salience": 0.015135088,
      "mentions": [
        {
          "text": {
            "content": "personality",
            "beginOffset": -1
          },
          "type": "COMMON"
        }
      ]
    },
    {
      "name": "Contact",
      "type": "OTHER",
      "metadata": {},
      "salience": 0.013846401,
      "mentions": [
        {
          "text": {
            "content": "Contact",
            "beginOffset": -1
          },
          "type": "COMMON"
        }
      ]
    },
    {
      "name": "Bukit Mertajam",
      "type": "LOCATION",
      "metadata": {
        "mid": "/m/0ckckx",
        "wikipedia_url": "https://en.wikipedia.org/wiki/Bukit_Mertajam"
      },
      "salience": 0.01329103,
      "mentions": [
        {
          "text": {
            "content": "Bukit Mertajam",
            "beginOffset": -1
          },
          "type": "PROPER"
        }
      ]
    },
    {
      "name": "pet store",
      "type": "LOCATION",
      "metadata": {},
      "salience": 0.0104516605,
      "mentions": [
        {
          "text": {
            "content": "pet store",
            "beginOffset": -1
          },
          "type": "COMMON"
        }
      ]
    },
    {
      "name": "vaccination",
      "type": "OTHER",
      "metadata": {},
      "salience": 0.0095311105,
      "mentions": [
        {
          "text": {
            "content": "vaccination",
            "beginOffset": -1
          },
          "type": "COMMON"
        }
      ]
    },
    {
      "name": "One Square",
      "type": "LOCATION",
      "metadata": {},
      "salience": 0.0061897505,
      "mentions": [
        {
          "text": {
            "content": "One Square",
            "beginOffset": -1
          },
          "type": "PROPER"
        }
      ]
    },
    {
      "name": "Tingkat Mahsuri 1",
      "type": "PERSON",
      "metadata": {
        "mid": "/g/1q5ccf3lq"
      },
      "salience": 0.00433528,
      "mentions": [
        {
          "text": {
            "content": "Tingkat Mahsuri 1",
            "beginOffset": -1
          },
          "type": "PROPER"
        }
      ]
    },
    {
      "name": "Bayan Lepas",
      "type": "PERSON",
      "metadata": {
        "mid": "/m/0d_dv9",
        "wikipedia_url": "https://en.wikipedia.org/wiki/Bayan_Lepas"
      },
      "salience": 0.00433528,
      "mentions": [
        {
          "text": {
            "content": "Bayan Lepas",
            "beginOffset": -1
          },
          "type": "PROPER"
        }
      ]
    },
    {
      "name": "Penang",
      "type": "LOCATION",
      "metadata": {
        "mid": "/m/0g6xq",
        "wikipedia_url": "https://en.wikipedia.org/wiki/Penang"
      },
      "salience": 0.00433528,
      "mentions": [
        {
          "text": {
            "content": "Penang",
            "beginOffset": -1
          },
          "type": "PROPER"
        }
      ]
    },
    {
      "name": "Petz",
      "type": "PERSON",
      "metadata": {},
      "salience": 0.002717389,
      "mentions": [
        {
          "text": {
            "content": "Petz",
            "beginOffset": -1
          },
          "type": "PROPER"
        }
      ]
    }
  ],
  "documentSentiment": {
    "magnitude": 2.1,
    "score": 0.2
  },
  "language": "en",
  "categories": []
}
