{
  "sentences": [
    {
      "text": {
        "content": "He is healthy and tough, less than 1 year old, male.",
        "beginOffset": -1
      },
      "sentiment": {
        "magnitude": 0.2,
        "score": 0.2
      }
    },
    {
      "text": {
        "content": "He is a bit mixture of German Shepherd, 4ft tall when stand up with his 2 feets and friendly too.",
        "beginOffset": -1
      },
      "sentiment": {
        "magnitude": 0.5,
        "score": 0.5
      }
    }
  ],
  "tokens": [],
  "entities": [
    {
      "name": "bit mixture",
      "type": "OTHER",
      "metadata": {},
      "salience": 0.9343794,
      "mentions": [
        {
          "text": {
            "content": "bit mixture",
            "beginOffset": -1
          },
          "type": "COMMON"
        }
      ]
    },
    {
      "name": "feets",
      "type": "OTHER",
      "metadata": {},
      "salience": 0.036689434,
      "mentions": [
        {
          "text": {
            "content": "feets",
            "beginOffset": -1
          },
          "type": "COMMON"
        }
      ]
    },
    {
      "name": "German Shepherd",
      "type": "ORGANIZATION",
      "metadata": {
        "wikipedia_url": "https://en.wikipedia.org/wiki/German_Shepherd",
        "mid": "/m/0km5c"
      },
      "salience": 0.02893118,
      "mentions": [
        {
          "text": {
            "content": "German Shepherd",
            "beginOffset": -1
          },
          "type": "PROPER"
        }
      ]
    }
  ],
  "documentSentiment": {
    "magnitude": 0.8,
    "score": 0.4
  },
  "language": "en",
  "categories": []
}
