{
  "sentences": [
    {
      "text": {
        "content": "Name of Pet: NT-Female Puppy-07 Age: 1 month Breed: Mixed/Mongrel Gender: Male Location: Butterworth, Penang Contact: Fen Ying () Email: mddb.",
        "beginOffset": -1
      },
      "sentiment": {
        "magnitude": 0,
        "score": 0
      }
    }
  ],
  "tokens": [],
  "entities": [
    {
      "name": "Name",
      "type": "OTHER",
      "metadata": {},
      "salience": 0.2880223,
      "mentions": [
        {
          "text": {
            "content": "Name",
            "beginOffset": -1
          },
          "type": "COMMON"
        }
      ]
    },
    {
      "name": "Pet",
      "type": "OTHER",
      "metadata": {},
      "salience": 0.2880223,
      "mentions": [
        {
          "text": {
            "content": "Pet",
            "beginOffset": -1
          },
          "type": "COMMON"
        }
      ]
    },
    {
      "name": "Puppy",
      "type": "OTHER",
      "metadata": {},
      "salience": 0.12064839,
      "mentions": [
        {
          "text": {
            "content": "Puppy",
            "beginOffset": -1
          },
          "type": "COMMON"
        }
      ]
    },
    {
      "name": "Gender",
      "type": "OTHER",
      "metadata": {},
      "salience": 0.07745748,
      "mentions": [
        {
          "text": {
            "content": "Gender",
            "beginOffset": -1
          },
          "type": "COMMON"
        }
      ]
    },
    {
      "name": "Location",
      "type": "LOCATION",
      "metadata": {},
      "salience": 0.07745748,
      "mentions": [
        {
          "text": {
            "content": "Location",
            "beginOffset": -1
          },
          "type": "COMMON"
        }
      ]
    },
    {
      "name": "Mongrel",
      "type": "ORGANIZATION",
      "metadata": {
        "mid": "/m/02ksvq",
        "wikipedia_url": "https://en.wikipedia.org/wiki/Mongrel"
      },
      "salience": 0.050637733,
      "mentions": [
        {
          "text": {
            "content": "Mongrel",
            "beginOffset": -1
          },
          "type": "PROPER"
        }
      ]
    },
    {
      "name": "Email",
      "type": "OTHER",
      "metadata": {},
      "salience": 0.04165403,
      "mentions": [
        {
          "text": {
            "content": "Email",
            "beginOffset": -1
          },
          "type": "COMMON"
        }
      ]
    },
    {
      "name": "mddb",
      "type": "OTHER",
      "metadata": {},
      "salience": 0.024836546,
      "mentions": [
        {
          "text": {
            "content": "mddb",
            "beginOffset": -1
          },
          "type": "PROPER"
        }
      ]
    },
    {
      "name": "Butterworth",
      "type": "PERSON",
      "metadata": {
        "mid": "/m/03sqpj",
        "wikipedia_url": "https://en.wikipedia.org/wiki/Butterworth,_Penang"
      },
      "salience": 0.015631866,
      "mentions": [
        {
          "text": {
            "content": "Butterworth",
            "beginOffset": -1
          },
          "type": "PROPER"
        }
      ]
    },
    {
      "name": "Penang Contact: Fen Ying",
      "type": "WORK_OF_ART",
      "metadata": {},
      "salience": 0.015631866,
      "mentions": [
        {
          "text": {
            "content": "Penang Contact: Fen Ying",
            "beginOffset": -1
          },
          "type": "PROPER"
        }
      ]
    }
  ],
  "documentSentiment": {
    "magnitude": 0,
    "score": 0
  },
  "language": "en",
  "categories": []
}
