{
  "sentences": [
    {
      "text": {
        "content": "i rescue him at the drain , that day was raining.she is wet and her sound is loud .",
        "beginOffset": -1
      },
      "sentiment": {
        "magnitude": 0,
        "score": 0
      }
    },
    {
      "text": {
        "content": "she have serious fungus and scabies on his tail, ears,face,feet, hand,i bring them to vet and she was gm(1 month old) i take care her now is recover.",
        "beginOffset": -1
      },
      "sentiment": {
        "magnitude": 0.3,
        "score": -0.3
      }
    },
    {
      "text": {
        "content": "she like to play with whisky but she always the looser(whisky more strong),now he is 4 month years old i guest~ pls adopt her,she is active playful, like together with her brother (whisky).she is more independent then whisky, i staying in side hostel ,they have been force to move out from my hostel since /,i they now still stay in boarding .hope got ppl adopt this boy.",
        "beginOffset": -1
      },
      "sentiment": {
        "magnitude": 0.3,
        "score": -0.3
      }
    },
    {
      "text": {
        "content": "i will pay the medical fees to neuter and vaccination",
        "beginOffset": -1
      },
      "sentiment": {
        "magnitude": 0.2,
        "score": -0.2
      }
    }
  ],
  "tokens": [],
  "entities": [
    {
      "name": "sound",
      "type": "OTHER",
      "metadata": {},
      "salience": 0.20993258,
      "mentions": [
        {
          "text": {
            "content": "sound",
            "beginOffset": -1
          },
          "type": "COMMON"
        }
      ]
    },
    {
      "name": "drain",
      "type": "OTHER",
      "metadata": {},
      "salience": 0.1756829,
      "mentions": [
        {
          "text": {
            "content": "drain",
            "beginOffset": -1
          },
          "type": "COMMON"
        }
      ]
    },
    {
      "name": "force",
      "type": "ORGANIZATION",
      "metadata": {},
      "salience": 0.097387865,
      "mentions": [
        {
          "text": {
            "content": "force",
            "beginOffset": -1
          },
          "type": "COMMON"
        }
      ]
    },
    {
      "name": "guest",
      "type": "PERSON",
      "metadata": {},
      "salience": 0.07946556,
      "mentions": [
        {
          "text": {
            "content": "guest",
            "beginOffset": -1
          },
          "type": "COMMON"
        }
      ]
    },
    {
      "name": "scabies",
      "type": "OTHER",
      "metadata": {},
      "salience": 0.032707404,
      "mentions": [
        {
          "text": {
            "content": "scabies",
            "beginOffset": -1
          },
          "type": "COMMON"
        }
      ]
    },
    {
      "name": "tail",
      "type": "OTHER",
      "metadata": {},
      "salience": 0.032707404,
      "mentions": [
        {
          "text": {
            "content": "tail",
            "beginOffset": -1
          },
          "type": "COMMON"
        }
      ]
    },
    {
      "name": "ears",
      "type": "OTHER",
      "metadata": {},
      "salience": 0.032707404,
      "mentions": [
        {
          "text": {
            "content": "ears",
            "beginOffset": -1
          },
          "type": "COMMON"
        }
      ]
    },
    {
      "name": "face",
      "type": "OTHER",
      "metadata": {},
      "salience": 0.032707404,
      "mentions": [
        {
          "text": {
            "content": "face",
            "beginOffset": -1
          },
          "type": "COMMON"
        }
      ]
    },
    {
      "name": "feet",
      "type": "OTHER",
      "metadata": {},
      "salience": 0.032707404,
      "mentions": [
        {
          "text": {
            "content": "feet",
            "beginOffset": -1
          },
          "type": "COMMON"
        }
      ]
    },
    {
      "name": "hand",
      "type": "OTHER",
      "metadata": {},
      "salience": 0.032707404,
      "mentions": [
        {
          "text": {
            "content": "hand",
            "beginOffset": -1
          },
          "type": "COMMON"
        }
      ]
    },
    {
      "name": "fungus",
      "type": "OTHER",
      "metadata": {},
      "salience": 0.03230941,
      "mentions": [
        {
          "text": {
            "content": "fungus",
            "beginOffset": -1
          },
          "type": "COMMON"
        }
      ]
    },
    {
      "name": "whisky",
      "type": "CONSUMER_GOOD",
      "metadata": {},
      "salience": 0.029807322,
      "mentions": [
        {
          "text": {
            "content": "whisky",
            "beginOffset": -1
          },
          "type": "COMMON"
        }
      ]
    },
    {
      "name": "whisky",
      "type": "CONSUMER_GOOD",
      "metadata": {},
      "salience": 0.029807322,
      "mentions": [
        {
          "text": {
            "content": "whisky",
            "beginOffset": -1
          },
          "type": "COMMON"
        }
      ]
    },
    {
      "name": "care",
      "type": "OTHER",
      "metadata": {},
      "salience": 0.025287772,
      "mentions": [
        {
          "text": {
            "content": "care",
            "beginOffset": -1
          },
          "type": "COMMON"
        }
      ]
    },
    {
      "name": "hostel",
      "type": "LOCATION",
      "metadata": {},
      "salience": 0.01753015,
      "mentions": [
        {
          "text": {
            "content": "hostel",
            "beginOffset": -1
          },
          "type": "COMMON"
        }
      ]
    },
    {
      "name": "hope",
      "type": "OTHER",
      "metadata": {},
      "salience": 0.013789463,
      "mentions": [
        {
          "text": {
            "content": "hope",
            "beginOffset": -1
          },
          "type": "COMMON"
        }
      ]
    },
    {
      "name": "boy",
      "type": "PERSON",
      "metadata": {},
      "salience": 0.010784479,
      "mentions": [
        {
          "text": {
            "content": "boy",
            "beginOffset": -1
          },
          "type": "COMMON"
        }
      ]
    },
    {
      "name": "boarding",
      "type": "EVENT",
      "metadata": {},
      "salience": 0.010784479,
      "mentions": [
        {
          "text": {
            "content": "boarding",
            "beginOffset": -1
          },
          "type": "COMMON"
        }
      ]
    },
    {
      "name": "vaccination",
      "type": "OTHER",
      "metadata": {},
      "salience": 0.010746406,
      "mentions": [
        {
          "text": {
            "content": "vaccination",
            "beginOffset": -1
          },
          "type": "COMMON"
        }
      ]
    },
    {
      "name": "neuter",
      "type": "OTHER",
      "metadata": {},
      "salience": 0.010746406,
      "mentions": [
        {
          "text": {
            "content": "neuter",
            "beginOffset": -1
          },
          "type": "COMMON"
        }
      ]
    },
    {
      "name": "fees",
      "type": "OTHER",
      "metadata": {},
      "salience": 0.010746406,
      "mentions": [
        {
          "text": {
            "content": "fees",
            "beginOffset": -1
          },
          "type": "COMMON"
        }
      ]
    },
    {
      "name": "whisky",
      "type": "CONSUMER_GOOD",
      "metadata": {},
      "salience": 0.009059424,
      "mentions": [
        {
          "text": {
            "content": "whisky",
            "beginOffset": -1
          },
          "type": "COMMON"
        }
      ]
    },
    {
      "name": "whisky",
      "type": "CONSUMER_GOOD",
      "metadata": {},
      "salience": 0.009059424,
      "mentions": [
        {
          "text": {
            "content": "whisky",
            "beginOffset": -1
          },
          "type": "COMMON"
        }
      ]
    },
    {
      "name": "side hostel",
      "type": "LOCATION",
      "metadata": {},
      "salience": 0.007694145,
      "mentions": [
        {
          "text": {
            "content": "side hostel",
            "beginOffset": -1
          },
          "type": "COMMON"
        }
      ]
    },
    {
      "name": "brother",
      "type": "PERSON",
      "metadata": {},
      "salience": 0.006758338,
      "mentions": [
        {
          "text": {
            "content": "brother",
            "beginOffset": -1
          },
          "type": "COMMON"
        }
      ]
    },
    {
      "name": "ppl",
      "type": "ORGANIZATION",
      "metadata": {},
      "salience": 0.006375742,
      "mentions": [
        {
          "text": {
            "content": "ppl",
            "beginOffset": -1
          },
          "type": "PROPER"
        }
      ]
    }
  ],
  "documentSentiment": {
    "magnitude": 1,
    "score": -0.2
  },
  "language": "en",
  "categories": []
}
