{
  "sentences": [
    {
      "text": {
        "content": "email for more enquiry",
        "beginOffset": -1
      },
      "sentiment": {
        "magnitude": 0,
        "score": 0
      }
    }
  ],
  "tokens": [],
  "entities": [
    {
      "name": "email",
      "type": "OTHER",
      "metadata": {},
      "salience": 0.8837491,
      "mentions": [
        {
          "text": {
            "content": "email",
            "beginOffset": -1
          },
          "type": "COMMON"
        }
      ]
    },
    {
      "name": "enquiry",
      "type": "OTHER",
      "metadata": {},
      "salience": 0.116250865,
      "mentions": [
        {
          "text": {
            "content": "enquiry",
            "beginOffset": -1
          },
          "type": "COMMON"
        }
      ]
    }
  ],
  "documentSentiment": {
    "magnitude": 0,
    "score": 0
  },
  "language": "en",
  "categories": []
}
