{
  "sentences": [
    {
      "text": {
        "content": "Belle has a very gentle and mild character.",
        "beginOffset": -1
      },
      "sentiment": {
        "magnitude": 0.9,
        "score": 0.9
      }
    },
    {
      "text": {
        "content": "Alert and reserved.",
        "beginOffset": -1
      },
      "sentiment": {
        "magnitude": 0,
        "score": 0
      }
    },
    {
      "text": {
        "content": "Seem to show the trait of a &quot;one man dog&quot;.",
        "beginOffset": -1
      },
      "sentiment": {
        "magnitude": 0,
        "score": 0
      }
    },
    {
      "text": {
        "content": "Family preferred",
        "beginOffset": -1
      },
      "sentiment": {
        "magnitude": 0.2,
        "score": 0.2
      }
    }
  ],
  "tokens": [],
  "entities": [
    {
      "name": "Belle",
      "type": "PERSON",
      "metadata": {},
      "salience": 0.44030353,
      "mentions": [
        {
          "text": {
            "content": "Belle",
            "beginOffset": -1
          },
          "type": "PROPER"
        }
      ]
    },
    {
      "name": "character",
      "type": "OTHER",
      "metadata": {},
      "salience": 0.258274,
      "mentions": [
        {
          "text": {
            "content": "character",
            "beginOffset": -1
          },
          "type": "COMMON"
        }
      ]
    },
    {
      "name": "Alert",
      "type": "OTHER",
      "metadata": {},
      "salience": 0.08896767,
      "mentions": [
        {
          "text": {
            "content": "Alert",
            "beginOffset": -1
          },
          "type": "COMMON"
        }
      ]
    },
    {
      "name": "dog",
      "type": "OTHER",
      "metadata": {},
      "salience": 0.06253021,
      "mentions": [
        {
          "text": {
            "content": "dog",
            "beginOffset": -1
          },
          "type": "COMMON"
        }
      ]
    },
    {
      "name": "man",
      "type": "PERSON",
      "metadata": {},
      "salience": 0.06253021,
      "mentions": [
        {
          "text": {
            "content": "man",
            "beginOffset": -1
          },
          "type": "COMMON"
        }
      ]
    },
    {
      "name": "Family",
      "type": "PERSON",
      "metadata": {},
      "salience": 0.04388593,
      "mentions": [
        {
          "text": {
            "content": "Family",
            "beginOffset": -1
          },
          "type": "COMMON"
        }
      ]
    },
    {
      "name": "trait",
      "type": "OTHER",
      "metadata": {},
      "salience": 0.043508433,
      "mentions": [
        {
          "text": {
            "content": "trait",
            "beginOffset": -1
          },
          "type": "COMMON"
        }
      ]
    }
  ],
  "documentSentiment": {
    "magnitude": 1.2,
    "score": 0.2
  },
  "language": "en",
  "categories": []
}
