{
  "sentences": [
    {
      "text": {
        "content": "We are a group of students from Kampar,Perak who rescuing animals.",
        "beginOffset": -1
      },
      "sentiment": {
        "magnitude": 0.2,
        "score": 0.2
      }
    },
    {
      "text": {
        "content": "Please help to adopt if you can, thanks.",
        "beginOffset": -1
      },
      "sentiment": {
        "magnitude": 0.1,
        "score": 0.1
      }
    },
    {
      "text": {
        "content": "This doggie hit by security guard in UTAR block B. Rescued by one of our lecturer.",
        "beginOffset": -1
      },
      "sentiment": {
        "magnitude": 0.1,
        "score": -0.1
      }
    },
    {
      "text": {
        "content": "Doggie is doing very well now.",
        "beginOffset": -1
      },
      "sentiment": {
        "magnitude": 0.6,
        "score": 0.6
      }
    },
    {
      "text": {
        "content": "Kindly give this doggie a home and let her know the feeling of beloved .",
        "beginOffset": -1
      },
      "sentiment": {
        "magnitude": 0.6,
        "score": 0.6
      }
    },
    {
      "text": {
        "content": "She can be a very good guard dog if you are willing to give her a chance.",
        "beginOffset": -1
      },
      "sentiment": {
        "magnitude": 0.5,
        "score": 0.5
      }
    },
    {
      "text": {
        "content": "Thanks.",
        "beginOffset": -1
      },
      "sentiment": {
        "magnitude": 0.1,
        "score": 0.1
      }
    }
  ],
  "tokens": [],
  "entities": [
    {
      "name": "group",
      "type": "ORGANIZATION",
      "metadata": {},
      "salience": 0.33147314,
      "mentions": [
        {
          "text": {
            "content": "group",
            "beginOffset": -1
          },
          "type": "COMMON"
        }
      ]
    },
    {
      "name": "students",
      "type": "PERSON",
      "metadata": {},
      "salience": 0.2502058,
      "mentions": [
        {
          "text": {
            "content": "students",
            "beginOffset": -1
          },
          "type": "COMMON"
        }
      ]
    },
    {
      "name": "guard dog",
      "type": "PERSON",
      "metadata": {},
      "salience": 0.075621605,
      "mentions": [
        {
          "text": {
            "content": "guard dog",
            "beginOffset": -1
          },
          "type": "COMMON"
        }
      ]
    },
    {
      "name": "Kampar",
      "type": "LOCATION",
      "metadata": {
        "mid": "/m/0bf2qx",
        "wikipedia_url": "https://en.wikipedia.org/wiki/Kampar,_Perak"
      },
      "salience": 0.06479737,
      "mentions": [
        {
          "text": {
            "content": "Kampar",
            "beginOffset": -1
          },
          "type": "PROPER"
        }
      ]
    },
    {
      "name": "Perak",
      "type": "LOCATION",
      "metadata": {
        "mid": "/m/015q02",
        "wikipedia_url": "https://en.wikipedia.org/wiki/Perak"
      },
      "salience": 0.06479737,
      "mentions": [
        {
          "text": {
            "content": "Perak",
            "beginOffset": -1
          },
          "type": "PROPER"
        }
      ]
    },
    {
      "name": "animals",
      "type": "OTHER",
      "metadata": {},
      "salience": 0.042002365,
      "mentions": [
        {
          "text": {
            "content": "animals",
            "beginOffset": -1
          },
          "type": "COMMON"
        }
      ]
    },
    {
      "name": "Doggie",
      "type": "OTHER",
      "metadata": {},
      "salience": 0.027397214,
      "mentions": [
        {
          "text": {
            "content": "Doggie",
            "beginOffset": -1
          },
          "type": "COMMON"
        }
      ]
    },
    {
      "name": "doggie",
      "type": "OTHER",
      "metadata": {},
      "salience": 0.01710573,
      "mentions": [
        {
          "text": {
            "content": "doggie",
            "beginOffset": -1
          },
          "type": "COMMON"
        }
      ]
    },
    {
      "name": "doggie",
      "type": "OTHER",
      "metadata": {},
      "salience": 0.01599313,
      "mentions": [
        {
          "text": {
            "content": "doggie",
            "beginOffset": -1
          },
          "type": "COMMON"
        }
      ]
    },
    {
      "name": "thanks",
      "type": "OTHER",
      "metadata": {},
      "salience": 0.015690751,
      "mentions": [
        {
          "text": {
            "content": "thanks",
            "beginOffset": -1
          },
          "type": "COMMON"
        }
      ]
    },
    {
      "name": "security guard",
      "type": "PERSON",
      "metadata": {},
      "salience": 0.015613262,
      "mentions": [
        {
          "text": {
            "content": "security guard",
            "beginOffset": -1
          },
          "type": "COMMON"
        }
      ]
    },
    {
      "name": "block",
      "type": "LOCATION",
      "metadata": {},
      "salience": 0.013895291,
      "mentions": [
        {
          "text": {
            "content": "block",
            "beginOffset": -1
          },
          "type": "COMMON"
        }
      ]
    },
    {
      "name": "one",
      "type": "PERSON",
      "metadata": {},
      "salience": 0.013895291,
      "mentions": [
        {
          "text": {
            "content": "one",
            "beginOffset": -1
          },
          "type": "COMMON"
        }
      ]
    },
    {
      "name": "lecturer",
      "type": "PERSON",
      "metadata": {},
      "salience": 0.013895291,
      "mentions": [
        {
          "text": {
            "content": "lecturer",
            "beginOffset": -1
          },
          "type": "COMMON"
        }
      ]
    },
    {
      "name": "B. Rescued",
      "type": "OTHER",
      "metadata": {},
      "salience": 0.009370089,
      "mentions": [
        {
          "text": {
            "content": "B. Rescued",
            "beginOffset": -1
          },
          "type": "PROPER"
        }
      ]
    },
    {
      "name": "UTAR",
      "type": "ORGANIZATION",
      "metadata": {
        "mid": "/m/02829vj",
        "wikipedia_url": "https://en.wikipedia.org/wiki/Universiti_Tunku_Abdul_Rahman"
      },
      "salience": 0.008133908,
      "mentions": [
        {
          "text": {
            "content": "UTAR",
            "beginOffset": -1
          },
          "type": "PROPER"
        }
      ]
    },
    {
      "name": "Thanks",
      "type": "OTHER",
      "metadata": {},
      "salience": 0.0075969836,
      "mentions": [
        {
          "text": {
            "content": "Thanks",
            "beginOffset": -1
          },
          "type": "COMMON"
        }
      ]
    },
    {
      "name": "chance",
      "type": "OTHER",
      "metadata": {},
      "salience": 0.005104864,
      "mentions": [
        {
          "text": {
            "content": "chance",
            "beginOffset": -1
          },
          "type": "COMMON"
        }
      ]
    },
    {
      "name": "feeling",
      "type": "OTHER",
      "metadata": {},
      "salience": 0.0042032427,
      "mentions": [
        {
          "text": {
            "content": "feeling",
            "beginOffset": -1
          },
          "type": "COMMON"
        }
      ]
    },
    {
      "name": "home",
      "type": "LOCATION",
      "metadata": {},
      "salience": 0.00320726,
      "mentions": [
        {
          "text": {
            "content": "home",
            "beginOffset": -1
          },
          "type": "COMMON"
        }
      ]
    }
  ],
  "documentSentiment": {
    "magnitude": 2.4,
    "score": 0.3
  },
  "language": "en",
  "categories": []
}
