{
  "sentences": [
    {
      "text": {
        "content": "Teddie is a very good-natured dog.",
        "beginOffset": -1
      },
      "sentiment": {
        "magnitude": 0.8,
        "score": 0.8
      }
    },
    {
      "text": {
        "content": "He is a pedigree dog dumped from young at a car workshop in Sg Buloh and has lived there for most of his life.",
        "beginOffset": -1
      },
      "sentiment": {
        "magnitude": 0.2,
        "score": 0.2
      }
    },
    {
      "text": {
        "content": "Due to neglect, his hair was all matted up when we took him back.",
        "beginOffset": -1
      },
      "sentiment": {
        "magnitude": 0.8,
        "score": -0.8
      }
    },
    {
      "text": {
        "content": "He has been groomed and currently on medication for poor skin condition.",
        "beginOffset": -1
      },
      "sentiment": {
        "magnitude": 0.3,
        "score": -0.3
      }
    },
    {
      "text": {
        "content": "He has a healthy appetite and loves going for long walks.",
        "beginOffset": -1
      },
      "sentiment": {
        "magnitude": 0.9,
        "score": 0.9
      }
    },
    {
      "text": {
        "content": "He is a good companion to have and best with another dog around as he tends to howl when he gets lonely.",
        "beginOffset": -1
      },
      "sentiment": {
        "magnitude": 0.9,
        "score": 0.9
      }
    },
    {
      "text": {
        "content": "Please give him a home in his sunset years.",
        "beginOffset": -1
      },
      "sentiment": {
        "magnitude": 0.3,
        "score": 0.3
      }
    }
  ],
  "tokens": [],
  "entities": [
    {
      "name": "Teddie",
      "type": "OTHER",
      "metadata": {},
      "salience": 0.3094868,
      "mentions": [
        {
          "text": {
            "content": "Teddie",
            "beginOffset": -1
          },
          "type": "PROPER"
        },
        {
          "text": {
            "content": "dog",
            "beginOffset": -1
          },
          "type": "COMMON"
        }
      ]
    },
    {
      "name": "companion",
      "type": "PERSON",
      "metadata": {},
      "salience": 0.2608371,
      "mentions": [
        {
          "text": {
            "content": "companion",
            "beginOffset": -1
          },
          "type": "COMMON"
        }
      ]
    },
    {
      "name": "pedigree dog",
      "type": "PERSON",
      "metadata": {},
      "salience": 0.26038924,
      "mentions": [
        {
          "text": {
            "content": "pedigree dog",
            "beginOffset": -1
          },
          "type": "COMMON"
        }
      ]
    },
    {
      "name": "car workshop",
      "type": "LOCATION",
      "metadata": {},
      "salience": 0.04881888,
      "mentions": [
        {
          "text": {
            "content": "car workshop",
            "beginOffset": -1
          },
          "type": "COMMON"
        }
      ]
    },
    {
      "name": "most",
      "type": "OTHER",
      "metadata": {},
      "salience": 0.013143886,
      "mentions": [
        {
          "text": {
            "content": "most",
            "beginOffset": -1
          },
          "type": "COMMON"
        }
      ]
    },
    {
      "name": "life",
      "type": "OTHER",
      "metadata": {},
      "salience": 0.013143886,
      "mentions": [
        {
          "text": {
            "content": "life",
            "beginOffset": -1
          },
          "type": "COMMON"
        }
      ]
    },
    {
      "name": "hair",
      "type": "OTHER",
      "metadata": {},
      "salience": 0.013078886,
      "mentions": [
        {
          "text": {
            "content": "hair",
            "beginOffset": -1
          },
          "type": "COMMON"
        }
      ]
    },
    {
      "name": "neglect",
      "type": "OTHER",
      "metadata": {},
      "salience": 0.013078886,
      "mentions": [
        {
          "text": {
            "content": "neglect",
            "beginOffset": -1
          },
          "type": "COMMON"
        }
      ]
    },
    {
      "name": "medication",
      "type": "OTHER",
      "metadata": {},
      "salience": 0.012110814,
      "mentions": [
        {
          "text": {
            "content": "medication",
            "beginOffset": -1
          },
          "type": "COMMON"
        }
      ]
    },
    {
      "name": "skin condition",
      "type": "OTHER",
      "metadata": {},
      "salience": 0.012110814,
      "mentions": [
        {
          "text": {
            "content": "skin condition",
            "beginOffset": -1
          },
          "type": "COMMON"
        }
      ]
    },
    {
      "name": "appetite",
      "type": "OTHER",
      "metadata": {},
      "salience": 0.012077798,
      "mentions": [
        {
          "text": {
            "content": "appetite",
            "beginOffset": -1
          },
          "type": "COMMON"
        }
      ]
    },
    {
      "name": "Sg Buloh",
      "type": "OTHER",
      "metadata": {
        "mid": "/m/0b7vlk",
        "wikipedia_url": "https://en.wikipedia.org/wiki/Sungai_Buloh"
      },
      "salience": 0.011526191,
      "mentions": [
        {
          "text": {
            "content": "Sg Buloh",
            "beginOffset": -1
          },
          "type": "PROPER"
        }
      ]
    },
    {
      "name": "dog",
      "type": "OTHER",
      "metadata": {},
      "salience": 0.011338711,
      "mentions": [
        {
          "text": {
            "content": "dog",
            "beginOffset": -1
          },
          "type": "COMMON"
        }
      ]
    },
    {
      "name": "home",
      "type": "LOCATION",
      "metadata": {},
      "salience": 0.0048539564,
      "mentions": [
        {
          "text": {
            "content": "home",
            "beginOffset": -1
          },
          "type": "COMMON"
        }
      ]
    },
    {
      "name": "walks",
      "type": "EVENT",
      "metadata": {},
      "salience": 0.004004151,
      "mentions": [
        {
          "text": {
            "content": "walks",
            "beginOffset": -1
          },
          "type": "COMMON"
        }
      ]
    }
  ],
  "documentSentiment": {
    "magnitude": 4.5,
    "score": 0.3
  },
  "language": "en",
  "categories": []
}
