{
  "sentences": [
    {
      "text": {
        "content": "Pls contact Florence if interest Johor Bahru",
        "beginOffset": -1
      },
      "sentiment": {
        "magnitude": 0,
        "score": 0
      }
    }
  ],
  "tokens": [],
  "entities": [
    {
      "name": "Pls",
      "type": "OTHER",
      "metadata": {},
      "salience": 0.6026464,
      "mentions": [
        {
          "text": {
            "content": "Pls",
            "beginOffset": -1
          },
          "type": "COMMON"
        }
      ]
    },
    {
      "name": "interest",
      "type": "OTHER",
      "metadata": {},
      "salience": 0.18664612,
      "mentions": [
        {
          "text": {
            "content": "interest",
            "beginOffset": -1
          },
          "type": "COMMON"
        }
      ]
    },
    {
      "name": "Florence",
      "type": "LOCATION",
      "metadata": {},
      "salience": 0.12299578,
      "mentions": [
        {
          "text": {
            "content": "Florence",
            "beginOffset": -1
          },
          "type": "PROPER"
        }
      ]
    },
    {
      "name": "Johor Bahru",
      "type": "LOCATION",
      "metadata": {
        "mid": "/m/0207sh",
        "wikipedia_url": "https://en.wikipedia.org/wiki/Johor_Bahru"
      },
      "salience": 0.0877117,
      "mentions": [
        {
          "text": {
            "content": "Johor Bahru",
            "beginOffset": -1
          },
          "type": "PROPER"
        }
      ]
    }
  ],
  "documentSentiment": {
    "magnitude": 0,
    "score": 0
  },
  "language": "en",
  "categories": []
}
