{
  "sentences": [
    {
      "text": {
        "content": "JOHOR, Kulai (Around INDAHPURA ) Have You Seen This Dog?",
        "beginOffset": -1
      },
      "sentiment": {
        "magnitude": 0.2,
        "score": 0.2
      }
    },
    {
      "text": {
        "content": "This poor dog was abandoned by his owners because he is too gentle!",
        "beginOffset": -1
      },
      "sentiment": {
        "magnitude": 0.9,
        "score": -0.9
      }
    },
    {
      "text": {
        "content": "A kind girl has been feeding him and found a n adopter willing to take this kid in.",
        "beginOffset": -1
      },
      "sentiment": {
        "magnitude": 0.9,
        "score": 0.9
      }
    },
    {
      "text": {
        "content": "But he was no where in sight today.",
        "beginOffset": -1
      },
      "sentiment": {
        "magnitude": 0,
        "score": 0
      }
    },
    {
      "text": {
        "content": "He is suffering from serious injury on one of his eyes.",
        "beginOffset": -1
      },
      "sentiment": {
        "magnitude": 0,
        "score": 0
      }
    },
    {
      "text": {
        "content": "Kulai friends, Please help to keep an eye for him.",
        "beginOffset": -1
      },
      "sentiment": {
        "magnitude": 0.2,
        "score": 0.2
      }
    },
    {
      "text": {
        "content": "If you have seen him please contact Nina: 請幫幫孩子~~ 主人嫌他太溫馴不會看門不要他了，載到老遠把他遺棄！",
        "beginOffset": -1
      },
      "sentiment": {
        "magnitude": 0,
        "score": 0
      }
    },
    {
      "text": {
        "content": "有善心人餵狗狗還幫他找家，不過孩子不見蹤影～ 如果你見到他請聯絡 Nina @",
        "beginOffset": -1
      },
      "sentiment": {
        "magnitude": 0.3,
        "score": -0.3
      }
    }
  ],
  "tokens": [],
  "entities": [
    {
      "name": "Kulai",
      "type": "PERSON",
      "metadata": {
        "mid": "/m/08htmf",
        "wikipedia_url": "https://en.wikipedia.org/wiki/Kulai"
      },
      "salience": 0.24584809,
      "mentions": [
        {
          "text": {
            "content": "Kulai",
            "beginOffset": -1
          },
          "type": "PROPER"
        }
      ]
    },
    {
      "name": "Have",
      "type": "LOCATION",
      "metadata": {},
      "salience": 0.24584809,
      "mentions": [
        {
          "text": {
            "content": "Have",
            "beginOffset": -1
          },
          "type": "PROPER"
        }
      ]
    },
    {
      "name": "JOHOR",
      "type": "LOCATION",
      "metadata": {
        "mid": "/m/01jng9",
        "wikipedia_url": "https://en.wikipedia.org/wiki/Johor"
      },
      "salience": 0.17990148,
      "mentions": [
        {
          "text": {
            "content": "JOHOR",
            "beginOffset": -1
          },
          "type": "PROPER"
        }
      ]
    },
    {
      "name": "Around INDAHPURA",
      "type": "CONSUMER_GOOD",
      "metadata": {},
      "salience": 0.17990148,
      "mentions": [
        {
          "text": {
            "content": "Around INDAHPURA",
            "beginOffset": -1
          },
          "type": "PROPER"
        }
      ]
    },
    {
      "name": "孩子",
      "type": "PERSON",
      "metadata": {},
      "salience": 0.030311309,
      "mentions": [
        {
          "text": {
            "content": "孩子",
            "beginOffset": -1
          },
          "type": "COMMON"
        }
      ]
    },
    {
      "name": "Kulai friends",
      "type": "OTHER",
      "metadata": {},
      "salience": 0.025253428,
      "mentions": [
        {
          "text": {
            "content": "Kulai friends",
            "beginOffset": -1
          },
          "type": "PROPER"
        }
      ]
    },
    {
      "name": "Nina",
      "type": "OTHER",
      "metadata": {},
      "salience": 0.022962365,
      "mentions": [
        {
          "text": {
            "content": "Nina",
            "beginOffset": -1
          },
          "type": "PROPER"
        }
      ]
    },
    {
      "name": "主人",
      "type": "PERSON",
      "metadata": {},
      "salience": 0.02195008,
      "mentions": [
        {
          "text": {
            "content": "主人",
            "beginOffset": -1
          },
          "type": "COMMON"
        }
      ]
    },
    {
      "name": "孩子",
      "type": "PERSON",
      "metadata": {},
      "salience": 0.021412838,
      "mentions": [
        {
          "text": {
            "content": "孩子",
            "beginOffset": -1
          },
          "type": "COMMON"
        }
      ]
    },
    {
      "name": "老遠",
      "type": "PERSON",
      "metadata": {},
      "salience": 0.009887511,
      "mentions": [
        {
          "text": {
            "content": "老遠",
            "beginOffset": -1
          },
          "type": "COMMON"
        }
      ]
    },
    {
      "name": "善心人",
      "type": "PERSON",
      "metadata": {},
      "salience": 0.009296591,
      "mentions": [
        {
          "text": {
            "content": "善心人",
            "beginOffset": -1
          },
          "type": "COMMON"
        }
      ]
    },
    {
      "name": "狗狗",
      "type": "OTHER",
      "metadata": {},
      "salience": 0.007426729,
      "mentions": [
        {
          "text": {
            "content": "狗狗",
            "beginOffset": -1
          },
          "type": "COMMON"
        }
      ]
    }
  ],
  "documentSentiment": {
    "magnitude": 2.7,
    "score": 0
  },
  "language": "zh-Hant",
  "categories": []
}
