{
  "sentences": [
    {
      "text": {
        "content": "Looking for a serious adopter for my kittens as i'm not able to take of her due to im too busy.Adoption is free.",
        "beginOffset": -1
      },
      "sentiment": {
        "magnitude": 0.6,
        "score": 0.6
      }
    },
    {
      "text": {
        "content": "Feel free to whatapps me.* Diet - kibbles royal canin hair &amp; skin.",
        "beginOffset": -1
      },
      "sentiment": {
        "magnitude": 0.7,
        "score": 0.7
      }
    },
    {
      "text": {
        "content": "She is litter trained.",
        "beginOffset": -1
      },
      "sentiment": {
        "magnitude": 0.4,
        "score": -0.4
      }
    }
  ],
  "tokens": [],
  "entities": [
    {
      "name": "adopter",
      "type": "OTHER",
      "metadata": {},
      "salience": 0.47840065,
      "mentions": [
        {
          "text": {
            "content": "adopter",
            "beginOffset": -1
          },
          "type": "COMMON"
        }
      ]
    },
    {
      "name": "kittens",
      "type": "PERSON",
      "metadata": {},
      "salience": 0.17982939,
      "mentions": [
        {
          "text": {
            "content": "kittens",
            "beginOffset": -1
          },
          "type": "COMMON"
        }
      ]
    },
    {
      "name": "Adoption",
      "type": "OTHER",
      "metadata": {},
      "salience": 0.14185299,
      "mentions": [
        {
          "text": {
            "content": "Adoption",
            "beginOffset": -1
          },
          "type": "COMMON"
        }
      ]
    },
    {
      "name": "litter",
      "type": "OTHER",
      "metadata": {},
      "salience": 0.11422325,
      "mentions": [
        {
          "text": {
            "content": "litter",
            "beginOffset": -1
          },
          "type": "COMMON"
        }
      ]
    },
    {
      "name": "canin hair",
      "type": "OTHER",
      "metadata": {},
      "salience": 0.04284686,
      "mentions": [
        {
          "text": {
            "content": "canin hair",
            "beginOffset": -1
          },
          "type": "COMMON"
        }
      ]
    },
    {
      "name": "skin",
      "type": "OTHER",
      "metadata": {},
      "salience": 0.04284686,
      "mentions": [
        {
          "text": {
            "content": "skin",
            "beginOffset": -1
          },
          "type": "COMMON"
        }
      ]
    }
  ],
  "documentSentiment": {
    "magnitude": 1.8,
    "score": 0.2
  },
  "language": "en",
  "categories": []
}
