{
  "sentences": [
    {
      "text": {
        "content": "Two months ago, I found three abandoned kittens in a small box on the side of the road.",
        "beginOffset": -1
      },
      "sentiment": {
        "magnitude": 0.7,
        "score": -0.7
      }
    },
    {
      "text": {
        "content": "They were only a month old and were quite helpless.",
        "beginOffset": -1
      },
      "sentiment": {
        "magnitude": 0.8,
        "score": -0.8
      }
    },
    {
      "text": {
        "content": "I had to buy formula and we bottle fed them.",
        "beginOffset": -1
      },
      "sentiment": {
        "magnitude": 0,
        "score": 0
      }
    },
    {
      "text": {
        "content": "One of them was adopted by my friend but I don’t know anyone else personally who can take the other two.",
        "beginOffset": -1
      },
      "sentiment": {
        "magnitude": 0.1,
        "score": 0.1
      }
    },
    {
      "text": {
        "content": "Now, two months on, they are very playful, active, and extremely friendly.",
        "beginOffset": -1
      },
      "sentiment": {
        "magnitude": 0.9,
        "score": 0.9
      }
    },
    {
      "text": {
        "content": "They love human company and will purr when you pick them up.",
        "beginOffset": -1
      },
      "sentiment": {
        "magnitude": 0.7,
        "score": 0.7
      }
    },
    {
      "text": {
        "content": "I can’t keep them because my cat isn’t used to other cats and gets stressed out by them.",
        "beginOffset": -1
      },
      "sentiment": {
        "magnitude": 0.1,
        "score": -0.1
      }
    },
    {
      "text": {
        "content": "I insist that whoever adopts them will spay them when the time comes and gets all the proper vaccinations and deworms them regularly.",
        "beginOffset": -1
      },
      "sentiment": {
        "magnitude": 0.7,
        "score": 0.7
      }
    },
    {
      "text": {
        "content": "If possible, I would also like the adopter to take both.",
        "beginOffset": -1
      },
      "sentiment": {
        "magnitude": 0.7,
        "score": 0.7
      }
    },
    {
      "text": {
        "content": "If not, it would be good if the adopter already has another cat that is friendly as I feel they may get lonely without other cats for company since they’re not used to it.Gertrude has a small white patch on her forehead while Cake has a completely black forehead.",
        "beginOffset": -1
      },
      "sentiment": {
        "magnitude": 0.4,
        "score": 0.4
      }
    },
    {
      "text": {
        "content": "They do not recognize their names so the adopter can choose new names.",
        "beginOffset": -1
      },
      "sentiment": {
        "magnitude": 0.7,
        "score": 0.7
      }
    }
  ],
  "tokens": [],
  "entities": [
    {
      "name": "kittens",
      "type": "PERSON",
      "metadata": {},
      "salience": 0.14100607,
      "mentions": [
        {
          "text": {
            "content": "kittens",
            "beginOffset": -1
          },
          "type": "COMMON"
        }
      ]
    },
    {
      "name": "box",
      "type": "OTHER",
      "metadata": {},
      "salience": 0.12483042,
      "mentions": [
        {
          "text": {
            "content": "box",
            "beginOffset": -1
          },
          "type": "COMMON"
        }
      ]
    },
    {
      "name": "side",
      "type": "OTHER",
      "metadata": {},
      "salience": 0.12483042,
      "mentions": [
        {
          "text": {
            "content": "side",
            "beginOffset": -1
          },
          "type": "COMMON"
        }
      ]
    },
    {
      "name": "road",
      "type": "LOCATION",
      "metadata": {},
      "salience": 0.12483042,
      "mentions": [
        {
          "text": {
            "content": "road",
            "beginOffset": -1
          },
          "type": "COMMON"
        }
      ]
    },
    {
      "name": "anyone",
      "type": "PERSON",
      "metadata": {},
      "salience": 0.12159068,
      "mentions": [
        {
          "text": {
            "content": "anyone",
            "beginOffset": -1
          },
          "type": "COMMON"
        }
      ]
    },
    {
      "name": "human company",
      "type": "ORGANIZATION",
      "metadata": {},
      "salience": 0.047965594,
      "mentions": [
        {
          "text": {
            "content": "human company",
            "beginOffset": -1
          },
          "type": "COMMON"
        }
      ]
    },
    {
      "name": "cat",
      "type": "OTHER",
      "metadata": {},
      "salience": 0.04376809,
      "mentions": [
        {
          "text": {
            "content": "cat",
            "beginOffset": -1
          },
          "type": "COMMON"
        }
      ]
    },
    {
      "name": "formula",
      "type": "CONSUMER_GOOD",
      "metadata": {},
      "salience": 0.025393372,
      "mentions": [
        {
          "text": {
            "content": "formula",
            "beginOffset": -1
          },
          "type": "COMMON"
        }
      ]
    },
    {
      "name": "bottle",
      "type": "CONSUMER_GOOD",
      "metadata": {},
      "salience": 0.023022497,
      "mentions": [
        {
          "text": {
            "content": "bottle",
            "beginOffset": -1
          },
          "type": "COMMON"
        }
      ]
    },
    {
      "name": "One",
      "type": "OTHER",
      "metadata": {},
      "salience": 0.022941472,
      "mentions": [
        {
          "text": {
            "content": "One",
            "beginOffset": -1
          },
          "type": "COMMON"
        }
      ]
    },
    {
      "name": "friend",
      "type": "PERSON",
      "metadata": {},
      "salience": 0.022941472,
      "mentions": [
        {
          "text": {
            "content": "friend",
            "beginOffset": -1
          },
          "type": "COMMON"
        }
      ]
    },
    {
      "name": "cat",
      "type": "OTHER",
      "metadata": {},
      "salience": 0.022936545,
      "mentions": [
        {
          "text": {
            "content": "cat",
            "beginOffset": -1
          },
          "type": "COMMON"
        }
      ]
    },
    {
      "name": "two",
      "type": "PERSON",
      "metadata": {},
      "salience": 0.022119157,
      "mentions": [
        {
          "text": {
            "content": "two",
            "beginOffset": -1
          },
          "type": "COMMON"
        }
      ]
    },
    {
      "name": "cats",
      "type": "OTHER",
      "metadata": {},
      "salience": 0.017729167,
      "mentions": [
        {
          "text": {
            "content": "cats",
            "beginOffset": -1
          },
          "type": "COMMON"
        }
      ]
    },
    {
      "name": "vaccinations",
      "type": "OTHER",
      "metadata": {},
      "salience": 0.014271299,
      "mentions": [
        {
          "text": {
            "content": "vaccinations",
            "beginOffset": -1
          },
          "type": "COMMON"
        }
      ]
    },
    {
      "name": "cats",
      "type": "OTHER",
      "metadata": {},
      "salience": 0.01221301,
      "mentions": [
        {
          "text": {
            "content": "cats",
            "beginOffset": -1
          },
          "type": "COMMON"
        }
      ]
    },
    {
      "name": "company",
      "type": "ORGANIZATION",
      "metadata": {},
      "salience": 0.01221301,
      "mentions": [
        {
          "text": {
            "content": "company",
            "beginOffset": -1
          },
          "type": "COMMON"
        }
      ]
    },
    {
      "name": "names",
      "type": "OTHER",
      "metadata": {},
      "salience": 0.010021425,
      "mentions": [
        {
          "text": {
            "content": "names",
            "beginOffset": -1
          },
          "type": "COMMON"
        }
      ]
    },
    {
      "name": "adopter",
      "type": "OTHER",
      "metadata": {},
      "salience": 0.009363997,
      "mentions": [
        {
          "text": {
            "content": "adopter",
            "beginOffset": -1
          },
          "type": "COMMON"
        }
      ]
    },
    {
      "name": "forehead",
      "type": "OTHER",
      "metadata": {},
      "salience": 0.008551363,
      "mentions": [
        {
          "text": {
            "content": "forehead",
            "beginOffset": -1
          },
          "type": "COMMON"
        }
      ]
    },
    {
      "name": "forehead",
      "type": "OTHER",
      "metadata": {},
      "salience": 0.008551363,
      "mentions": [
        {
          "text": {
            "content": "forehead",
            "beginOffset": -1
          },
          "type": "COMMON"
        }
      ]
    },
    {
      "name": "names",
      "type": "OTHER",
      "metadata": {},
      "salience": 0.0075530955,
      "mentions": [
        {
          "text": {
            "content": "names",
            "beginOffset": -1
          },
          "type": "COMMON"
        }
      ]
    },
    {
      "name": "patch",
      "type": "OTHER",
      "metadata": {},
      "salience": 0.0075117103,
      "mentions": [
        {
          "text": {
            "content": "patch",
            "beginOffset": -1
          },
          "type": "COMMON"
        }
      ]
    },
    {
      "name": "adopter",
      "type": "OTHER",
      "metadata": {},
      "salience": 0.0068939384,
      "mentions": [
        {
          "text": {
            "content": "adopter",
            "beginOffset": -1
          },
          "type": "COMMON"
        }
      ]
    },
    {
      "name": "Gertrude",
      "type": "PERSON",
      "metadata": {},
      "salience": 0.006344011,
      "mentions": [
        {
          "text": {
            "content": "Gertrude",
            "beginOffset": -1
          },
          "type": "PROPER"
        }
      ]
    },
    {
      "name": "both",
      "type": "OTHER",
      "metadata": {},
      "salience": 0.0053959154,
      "mentions": [
        {
          "text": {
            "content": "both",
            "beginOffset": -1
          },
          "type": "COMMON"
        }
      ]
    },
    {
      "name": "Cake",
      "type": "ORGANIZATION",
      "metadata": {
        "mid": "/m/0fszt",
        "wikipedia_url": "https://en.wikipedia.org/wiki/Cake"
      },
      "salience": 0.0052104876,
      "mentions": [
        {
          "text": {
            "content": "Cake",
            "beginOffset": -1
          },
          "type": "PROPER"
        }
      ]
    }
  ],
  "documentSentiment": {
    "magnitude": 6.3,
    "score": 0.2
  },
  "language": "en",
  "categories": []
}
