{
  "sentences": [
    {
      "text": {
        "content": "A super manja and gentle cat who loves cuddle.",
        "beginOffset": -1
      },
      "sentiment": {
        "magnitude": 0.9,
        "score": 0.9
      }
    }
  ],
  "tokens": [],
  "entities": [
    {
      "name": "cat",
      "type": "OTHER",
      "metadata": {},
      "salience": 0.56788605,
      "mentions": [
        {
          "text": {
            "content": "cat",
            "beginOffset": -1
          },
          "type": "COMMON"
        }
      ]
    },
    {
      "name": "cuddle",
      "type": "OTHER",
      "metadata": {},
      "salience": 0.43211392,
      "mentions": [
        {
          "text": {
            "content": "cuddle",
            "beginOffset": -1
          },
          "type": "COMMON"
        }
      ]
    }
  ],
  "documentSentiment": {
    "magnitude": 0.9,
    "score": 0.9
  },
  "language": "en",
  "categories": []
}
