{
  "sentences": [
    {
      "text": {
        "content": "I am helping my friend to find adopters for her puppy.",
        "beginOffset": -1
      },
      "sentiment": {
        "magnitude": 0.7,
        "score": 0.7
      }
    },
    {
      "text": {
        "content": "Choco,Brownies and Pearl is for adoption.",
        "beginOffset": -1
      },
      "sentiment": {
        "magnitude": 0.2,
        "score": 0.2
      }
    },
    {
      "text": {
        "content": "Compulsory to 'SPAY/NEUTER' it at the right age.",
        "beginOffset": -1
      },
      "sentiment": {
        "magnitude": 0.2,
        "score": -0.2
      }
    },
    {
      "text": {
        "content": "If you have any question, please email or PM me.",
        "beginOffset": -1
      },
      "sentiment": {
        "magnitude": 0,
        "score": 0
      }
    },
    {
      "text": {
        "content": "Only 3 for adoption.",
        "beginOffset": -1
      },
      "sentiment": {
        "magnitude": 0.2,
        "score": -0.2
      }
    },
    {
      "text": {
        "content": "She is keeping the other 2.",
        "beginOffset": -1
      },
      "sentiment": {
        "magnitude": 0,
        "score": 0
      }
    },
    {
      "text": {
        "content": "1 light color and 1 dark brown.",
        "beginOffset": -1
      },
      "sentiment": {
        "magnitude": 0,
        "score": 0
      }
    },
    {
      "text": {
        "content": "Other 2 dark brown are female.",
        "beginOffset": -1
      },
      "sentiment": {
        "magnitude": 0,
        "score": 0
      }
    },
    {
      "text": {
        "content": "Black is Male.",
        "beginOffset": -1
      },
      "sentiment": {
        "magnitude": 0,
        "score": 0
      }
    },
    {
      "text": {
        "content": "This is the only picture I got and I can't get anymore pictures.",
        "beginOffset": -1
      },
      "sentiment": {
        "magnitude": 0.6,
        "score": -0.6
      }
    },
    {
      "text": {
        "content": "Thank you :)",
        "beginOffset": -1
      },
      "sentiment": {
        "magnitude": 0.1,
        "score": 0.1
      }
    },
    {
      "text": {
        "content": "Do contact Linda=",
        "beginOffset": -1
      },
      "sentiment": {
        "magnitude": 0.3,
        "score": 0.3
      }
    }
  ],
  "tokens": [],
  "entities": [
    {
      "name": "friend",
      "type": "PERSON",
      "metadata": {},
      "salience": 0.38450366,
      "mentions": [
        {
          "text": {
            "content": "friend",
            "beginOffset": -1
          },
          "type": "COMMON"
        }
      ]
    },
    {
      "name": "puppy",
      "type": "OTHER",
      "metadata": {},
      "salience": 0.1639529,
      "mentions": [
        {
          "text": {
            "content": "puppy",
            "beginOffset": -1
          },
          "type": "COMMON"
        }
      ]
    },
    {
      "name": "Choco",
      "type": "OTHER",
      "metadata": {},
      "salience": 0.096914425,
      "mentions": [
        {
          "text": {
            "content": "Choco",
            "beginOffset": -1
          },
          "type": "COMMON"
        }
      ]
    },
    {
      "name": "SPAY/NEUTER",
      "type": "ORGANIZATION",
      "metadata": {
        "mid": "/m/025t6rn",
        "wikipedia_url": "https://en.wikipedia.org/wiki/Neutering"
      },
      "salience": 0.06300973,
      "mentions": [
        {
          "text": {
            "content": "SPAY/NEUTER",
            "beginOffset": -1
          },
          "type": "PROPER"
        }
      ]
    },
    {
      "name": "picture",
      "type": "WORK_OF_ART",
      "metadata": {},
      "salience": 0.056211464,
      "mentions": [
        {
          "text": {
            "content": "picture",
            "beginOffset": -1
          },
          "type": "COMMON"
        }
      ]
    },
    {
      "name": "Brownies",
      "type": "CONSUMER_GOOD",
      "metadata": {},
      "salience": 0.03881915,
      "mentions": [
        {
          "text": {
            "content": "Brownies",
            "beginOffset": -1
          },
          "type": "COMMON"
        }
      ]
    },
    {
      "name": "adoption",
      "type": "OTHER",
      "metadata": {},
      "salience": 0.03881915,
      "mentions": [
        {
          "text": {
            "content": "adoption",
            "beginOffset": -1
          },
          "type": "COMMON"
        }
      ]
    },
    {
      "name": "adoption",
      "type": "OTHER",
      "metadata": {},
      "salience": 0.026317291,
      "mentions": [
        {
          "text": {
            "content": "adoption",
            "beginOffset": -1
          },
          "type": "COMMON"
        }
      ]
    },
    {
      "name": "age",
      "type": "OTHER",
      "metadata": {},
      "salience": 0.020991134,
      "mentions": [
        {
          "text": {
            "content": "age",
            "beginOffset": -1
          },
          "type": "COMMON"
        }
      ]
    },
    {
      "name": "question",
      "type": "OTHER",
      "metadata": {},
      "salience": 0.020917427,
      "mentions": [
        {
          "text": {
            "content": "question",
            "beginOffset": -1
          },
          "type": "COMMON"
        }
      ]
    },
    {
      "name": "color",
      "type": "OTHER",
      "metadata": {},
      "salience": 0.019304793,
      "mentions": [
        {
          "text": {
            "content": "color",
            "beginOffset": -1
          },
          "type": "COMMON"
        }
      ]
    },
    {
      "name": "Pearl",
      "type": "PERSON",
      "metadata": {},
      "salience": 0.018499114,
      "mentions": [
        {
          "text": {
            "content": "Pearl",
            "beginOffset": -1
          },
          "type": "PROPER"
        }
      ]
    },
    {
      "name": "pictures",
      "type": "WORK_OF_ART",
      "metadata": {},
      "salience": 0.014779558,
      "mentions": [
        {
          "text": {
            "content": "pictures",
            "beginOffset": -1
          },
          "type": "COMMON"
        }
      ]
    },
    {
      "name": "contact",
      "type": "OTHER",
      "metadata": {},
      "salience": 0.010139337,
      "mentions": [
        {
          "text": {
            "content": "contact",
            "beginOffset": -1
          },
          "type": "COMMON"
        }
      ]
    },
    {
      "name": "brown",
      "type": "OTHER",
      "metadata": {},
      "salience": 0.007986326,
      "mentions": [
        {
          "text": {
            "content": "brown",
            "beginOffset": -1
          },
          "type": "COMMON"
        }
      ]
    },
    {
      "name": "dark brown",
      "type": "OTHER",
      "metadata": {},
      "salience": 0.0077797393,
      "mentions": [
        {
          "text": {
            "content": "dark brown",
            "beginOffset": -1
          },
          "type": "COMMON"
        }
      ]
    },
    {
      "name": "Linda",
      "type": "PERSON",
      "metadata": {},
      "salience": 0.0059981523,
      "mentions": [
        {
          "text": {
            "content": "Linda",
            "beginOffset": -1
          },
          "type": "PROPER"
        }
      ]
    },
    {
      "name": "Black is Male",
      "type": "OTHER",
      "metadata": {},
      "salience": 0.005056635,
      "mentions": [
        {
          "text": {
            "content": "Black is Male",
            "beginOffset": -1
          },
          "type": "PROPER"
        }
      ]
    }
  ],
  "documentSentiment": {
    "magnitude": 2.6,
    "score": 0
  },
  "language": "en",
  "categories": []
}
