{
  "sentences": [
    {
      "text": {
        "content": "ALL WHITE PAWS My name Chan Kok Wai, a 66 year old man who has rescued and cared for 7 cats.",
        "beginOffset": -1
      },
      "sentiment": {
        "magnitude": 0,
        "score": 0
      }
    },
    {
      "text": {
        "content": "They are aged between 3 to 15 years.",
        "beginOffset": -1
      },
      "sentiment": {
        "magnitude": 0,
        "score": 0
      }
    },
    {
      "text": {
        "content": "Over the years, I have developed a number of illnesses which have rendered me incapacitated, and under doctor's advice, I am incapable look after and care for these 7 rescued cats.",
        "beginOffset": -1
      },
      "sentiment": {
        "magnitude": 0.8,
        "score": -0.8
      }
    },
    {
      "text": {
        "content": "These 7 cats are rescued as strays in the vicinity of my abode in Shah Alam and the streets of Subang Jaya.",
        "beginOffset": -1
      },
      "sentiment": {
        "magnitude": 0,
        "score": 0
      }
    },
    {
      "text": {
        "content": "ALL these 7 cats, 4 females and 3 males, are spayed and neutered, and are in good state of health.",
        "beginOffset": -1
      },
      "sentiment": {
        "magnitude": 0.7,
        "score": 0.7
      }
    },
    {
      "text": {
        "content": "They are fed on premium cat food all their lives, namely Science Plan, IAMS and Matisse (an Italian brand).",
        "beginOffset": -1
      },
      "sentiment": {
        "magnitude": 0.2,
        "score": -0.2
      }
    },
    {
      "text": {
        "content": "Ever since they were kittens, their medical needs have been catered for by Healing Rooms in Subang Jaya.",
        "beginOffset": -1
      },
      "sentiment": {
        "magnitude": 0.5,
        "score": 0.5
      }
    },
    {
      "text": {
        "content": "Contact: (Gabrielle)",
        "beginOffset": -1
      },
      "sentiment": {
        "magnitude": 0.1,
        "score": 0.1
      }
    }
  ],
  "tokens": [],
  "entities": [
    {
      "name": "look",
      "type": "OTHER",
      "metadata": {},
      "salience": 0.47009417,
      "mentions": [
        {
          "text": {
            "content": "look",
            "beginOffset": -1
          },
          "type": "COMMON"
        }
      ]
    },
    {
      "name": "man",
      "type": "PERSON",
      "metadata": {},
      "salience": 0.1289955,
      "mentions": [
        {
          "text": {
            "content": "man",
            "beginOffset": -1
          },
          "type": "COMMON"
        }
      ]
    },
    {
      "name": "cats",
      "type": "OTHER",
      "metadata": {},
      "salience": 0.0893681,
      "mentions": [
        {
          "text": {
            "content": "cats",
            "beginOffset": -1
          },
          "type": "COMMON"
        },
        {
          "text": {
            "content": "cats",
            "beginOffset": -1
          },
          "type": "COMMON"
        }
      ]
    },
    {
      "name": "name",
      "type": "OTHER",
      "metadata": {},
      "salience": 0.053106584,
      "mentions": [
        {
          "text": {
            "content": "name",
            "beginOffset": -1
          },
          "type": "COMMON"
        }
      ]
    },
    {
      "name": "PAWS",
      "type": "OTHER",
      "metadata": {},
      "salience": 0.053106584,
      "mentions": [
        {
          "text": {
            "content": "PAWS",
            "beginOffset": -1
          },
          "type": "COMMON"
        }
      ]
    },
    {
      "name": "Chan Kok Wai",
      "type": "PERSON",
      "metadata": {},
      "salience": 0.03180865,
      "mentions": [
        {
          "text": {
            "content": "Chan Kok Wai",
            "beginOffset": -1
          },
          "type": "PROPER"
        }
      ]
    },
    {
      "name": "cats",
      "type": "OTHER",
      "metadata": {},
      "salience": 0.027980223,
      "mentions": [
        {
          "text": {
            "content": "cats",
            "beginOffset": -1
          },
          "type": "COMMON"
        }
      ]
    },
    {
      "name": "illnesses",
      "type": "OTHER",
      "metadata": {},
      "salience": 0.016889729,
      "mentions": [
        {
          "text": {
            "content": "illnesses",
            "beginOffset": -1
          },
          "type": "COMMON"
        }
      ]
    },
    {
      "name": "number",
      "type": "OTHER",
      "metadata": {},
      "salience": 0.009843914,
      "mentions": [
        {
          "text": {
            "content": "number",
            "beginOffset": -1
          },
          "type": "COMMON"
        }
      ]
    },
    {
      "name": "cats",
      "type": "OTHER",
      "metadata": {},
      "salience": 0.009015826,
      "mentions": [
        {
          "text": {
            "content": "cats",
            "beginOffset": -1
          },
          "type": "COMMON"
        }
      ]
    },
    {
      "name": "abode",
      "type": "LOCATION",
      "metadata": {},
      "salience": 0.006708977,
      "mentions": [
        {
          "text": {
            "content": "abode",
            "beginOffset": -1
          },
          "type": "COMMON"
        }
      ]
    },
    {
      "name": "strays",
      "type": "OTHER",
      "metadata": {},
      "salience": 0.006708977,
      "mentions": [
        {
          "text": {
            "content": "strays",
            "beginOffset": -1
          },
          "type": "COMMON"
        }
      ]
    },
    {
      "name": "vicinity",
      "type": "OTHER",
      "metadata": {},
      "salience": 0.006708977,
      "mentions": [
        {
          "text": {
            "content": "vicinity",
            "beginOffset": -1
          },
          "type": "COMMON"
        }
      ]
    },
    {
      "name": "care",
      "type": "OTHER",
      "metadata": {},
      "salience": 0.006650614,
      "mentions": [
        {
          "text": {
            "content": "care",
            "beginOffset": -1
          },
          "type": "COMMON"
        }
      ]
    },
    {
      "name": "doctor",
      "type": "PERSON",
      "metadata": {},
      "salience": 0.006650614,
      "mentions": [
        {
          "text": {
            "content": "doctor",
            "beginOffset": -1
          },
          "type": "COMMON"
        }
      ]
    },
    {
      "name": "advice",
      "type": "OTHER",
      "metadata": {},
      "salience": 0.006650614,
      "mentions": [
        {
          "text": {
            "content": "advice",
            "beginOffset": -1
          },
          "type": "COMMON"
        }
      ]
    },
    {
      "name": "streets",
      "type": "LOCATION",
      "metadata": {},
      "salience": 0.0061568865,
      "mentions": [
        {
          "text": {
            "content": "streets",
            "beginOffset": -1
          },
          "type": "COMMON"
        }
      ]
    },
    {
      "name": "males",
      "type": "PERSON",
      "metadata": {},
      "salience": 0.006140052,
      "mentions": [
        {
          "text": {
            "content": "males",
            "beginOffset": -1
          },
          "type": "COMMON"
        }
      ]
    },
    {
      "name": "females",
      "type": "OTHER",
      "metadata": {},
      "salience": 0.006140052,
      "mentions": [
        {
          "text": {
            "content": "females",
            "beginOffset": -1
          },
          "type": "COMMON"
        }
      ]
    },
    {
      "name": "Subang Jaya",
      "type": "LOCATION",
      "metadata": {
        "mid": "/m/054t4_",
        "wikipedia_url": "https://en.wikipedia.org/wiki/Subang_Jaya"
      },
      "salience": 0.0053594527,
      "mentions": [
        {
          "text": {
            "content": "Subang Jaya",
            "beginOffset": -1
          },
          "type": "PROPER"
        },
        {
          "text": {
            "content": "Subang Jaya",
            "beginOffset": -1
          },
          "type": "PROPER"
        }
      ]
    },
    {
      "name": "lives",
      "type": "OTHER",
      "metadata": {},
      "salience": 0.0046192785,
      "mentions": [
        {
          "text": {
            "content": "lives",
            "beginOffset": -1
          },
          "type": "COMMON"
        }
      ]
    },
    {
      "name": "brand",
      "type": "ORGANIZATION",
      "metadata": {},
      "salience": 0.0046192785,
      "mentions": [
        {
          "text": {
            "content": "brand",
            "beginOffset": -1
          },
          "type": "COMMON"
        }
      ]
    },
    {
      "name": "kittens",
      "type": "PERSON",
      "metadata": {},
      "salience": 0.0046105413,
      "mentions": [
        {
          "text": {
            "content": "kittens",
            "beginOffset": -1
          },
          "type": "COMMON"
        }
      ]
    },
    {
      "name": "needs",
      "type": "OTHER",
      "metadata": {},
      "salience": 0.0040871887,
      "mentions": [
        {
          "text": {
            "content": "needs",
            "beginOffset": -1
          },
          "type": "COMMON"
        }
      ]
    },
    {
      "name": "Shah Alam",
      "type": "LOCATION",
      "metadata": {
        "mid": "/m/0syrf",
        "wikipedia_url": "https://en.wikipedia.org/wiki/Shah_Alam"
      },
      "salience": 0.003642732,
      "mentions": [
        {
          "text": {
            "content": "Shah Alam",
            "beginOffset": -1
          },
          "type": "PROPER"
        }
      ]
    },
    {
      "name": "Contact",
      "type": "OTHER",
      "metadata": {},
      "salience": 0.0032231442,
      "mentions": [
        {
          "text": {
            "content": "Contact",
            "beginOffset": -1
          },
          "type": "COMMON"
        }
      ]
    },
    {
      "name": "Science Plan",
      "type": "OTHER",
      "metadata": {
        "mid": "/m/08tgq7",
        "wikipedia_url": "https://en.wikipedia.org/wiki/Science_Diet"
      },
      "salience": 0.0027319123,
      "mentions": [
        {
          "text": {
            "content": "Science Plan",
            "beginOffset": -1
          },
          "type": "PROPER"
        }
      ]
    },
    {
      "name": "IAMS",
      "type": "ORGANIZATION",
      "metadata": {
        "mid": "/m/02pkvr",
        "wikipedia_url": "https://en.wikipedia.org/wiki/Iams"
      },
      "salience": 0.0027319123,
      "mentions": [
        {
          "text": {
            "content": "IAMS",
            "beginOffset": -1
          },
          "type": "PROPER"
        }
      ]
    },
    {
      "name": "Matisse",
      "type": "PERSON",
      "metadata": {},
      "salience": 0.0027319123,
      "mentions": [
        {
          "text": {
            "content": "Matisse",
            "beginOffset": -1
          },
          "type": "PROPER"
        }
      ]
    },
    {
      "name": "Italian",
      "type": "LOCATION",
      "metadata": {},
      "salience": 0.0027319123,
      "mentions": [
        {
          "text": {
            "content": "Italian",
            "beginOffset": -1
          },
          "type": "PROPER"
        }
      ]
    },
    {
      "name": "health",
      "type": "OTHER",
      "metadata": {},
      "salience": 0.0023128856,
      "mentions": [
        {
          "text": {
            "content": "health",
            "beginOffset": -1
          },
          "type": "COMMON"
        }
      ]
    },
    {
      "name": "state",
      "type": "LOCATION",
      "metadata": {},
      "salience": 0.0020315845,
      "mentions": [
        {
          "text": {
            "content": "state",
            "beginOffset": -1
          },
          "type": "COMMON"
        }
      ]
    },
    {
      "name": "cat food",
      "type": "CONSUMER_GOOD",
      "metadata": {},
      "salience": 0.002027033,
      "mentions": [
        {
          "text": {
            "content": "cat food",
            "beginOffset": -1
          },
          "type": "COMMON"
        }
      ]
    },
    {
      "name": "Healing Rooms",
      "type": "LOCATION",
      "metadata": {},
      "salience": 0.0019086592,
      "mentions": [
        {
          "text": {
            "content": "Healing Rooms",
            "beginOffset": -1
          },
          "type": "PROPER"
        }
      ]
    },
    {
      "name": "Gabrielle",
      "type": "PERSON",
      "metadata": {},
      "salience": 0.0019055262,
      "mentions": [
        {
          "text": {
            "content": "Gabrielle",
            "beginOffset": -1
          },
          "type": "PROPER"
        }
      ]
    }
  ],
  "documentSentiment": {
    "magnitude": 2.6,
    "score": 0
  },
  "language": "en",
  "categories": []
}
