{
  "sentences": [
    {
      "text": {
        "content": "Indoor and litter trained kitten with great personalities; cute, cuddly, cheeky and playful.",
        "beginOffset": -1
      },
      "sentiment": {
        "magnitude": 0.9,
        "score": 0.9
      }
    }
  ],
  "tokens": [],
  "entities": [
    {
      "name": "litter",
      "type": "OTHER",
      "metadata": {},
      "salience": 0.5428593,
      "mentions": [
        {
          "text": {
            "content": "litter",
            "beginOffset": -1
          },
          "type": "COMMON"
        }
      ]
    },
    {
      "name": "kitten",
      "type": "PERSON",
      "metadata": {},
      "salience": 0.26524648,
      "mentions": [
        {
          "text": {
            "content": "kitten",
            "beginOffset": -1
          },
          "type": "COMMON"
        }
      ]
    },
    {
      "name": "personalities",
      "type": "PERSON",
      "metadata": {},
      "salience": 0.19189422,
      "mentions": [
        {
          "text": {
            "content": "personalities",
            "beginOffset": -1
          },
          "type": "COMMON"
        }
      ]
    }
  ],
  "documentSentiment": {
    "magnitude": 0.9,
    "score": 0.9
  },
  "language": "en",
  "categories": []
}
