{
  "sentences": [
    {
      "text": {
        "content": "Hey petfinders !",
        "beginOffset": -1
      },
      "sentiment": {
        "magnitude": 0.2,
        "score": 0.2
      }
    },
    {
      "text": {
        "content": "Woody is a active playful boy !",
        "beginOffset": -1
      },
      "sentiment": {
        "magnitude": 0.5,
        "score": 0.5
      }
    },
    {
      "text": {
        "content": "He loves bones !",
        "beginOffset": -1
      },
      "sentiment": {
        "magnitude": 0.8,
        "score": 0.8
      }
    },
    {
      "text": {
        "content": "hahhaha !",
        "beginOffset": -1
      },
      "sentiment": {
        "magnitude": 0.3,
        "score": 0.3
      }
    },
    {
      "text": {
        "content": "He be a good petdog of the house !",
        "beginOffset": -1
      },
      "sentiment": {
        "magnitude": 0.5,
        "score": 0.5
      }
    },
    {
      "text": {
        "content": "Interested pls contact",
        "beginOffset": -1
      },
      "sentiment": {
        "magnitude": 0.7,
        "score": 0.7
      }
    }
  ],
  "tokens": [],
  "entities": [
    {
      "name": "Woody",
      "type": "PERSON",
      "metadata": {},
      "salience": 0.741814,
      "mentions": [
        {
          "text": {
            "content": "Woody",
            "beginOffset": -1
          },
          "type": "PROPER"
        },
        {
          "text": {
            "content": "boy",
            "beginOffset": -1
          },
          "type": "COMMON"
        }
      ]
    },
    {
      "name": "petdog",
      "type": "OTHER",
      "metadata": {},
      "salience": 0.14725,
      "mentions": [
        {
          "text": {
            "content": "petdog",
            "beginOffset": -1
          },
          "type": "COMMON"
        }
      ]
    },
    {
      "name": "bones",
      "type": "OTHER",
      "metadata": {},
      "salience": 0.052558422,
      "mentions": [
        {
          "text": {
            "content": "bones",
            "beginOffset": -1
          },
          "type": "COMMON"
        }
      ]
    },
    {
      "name": "house",
      "type": "LOCATION",
      "metadata": {},
      "salience": 0.034296524,
      "mentions": [
        {
          "text": {
            "content": "house",
            "beginOffset": -1
          },
          "type": "COMMON"
        }
      ]
    },
    {
      "name": "pls contact",
      "type": "OTHER",
      "metadata": {},
      "salience": 0.024081014,
      "mentions": [
        {
          "text": {
            "content": "pls contact",
            "beginOffset": -1
          },
          "type": "COMMON"
        }
      ]
    }
  ],
  "documentSentiment": {
    "magnitude": 3.2,
    "score": 0.5
  },
  "language": "en",
  "categories": []
}
