{
  "sentences": [
    {
      "text": {
        "content": "ready for adoption white brown is a female black brown is a male",
        "beginOffset": -1
      },
      "sentiment": {
        "magnitude": 0,
        "score": 0
      }
    }
  ],
  "tokens": [],
  "entities": [
    {
      "name": "adoption",
      "type": "OTHER",
      "metadata": {},
      "salience": 0.38896784,
      "mentions": [
        {
          "text": {
            "content": "adoption",
            "beginOffset": -1
          },
          "type": "COMMON"
        }
      ]
    },
    {
      "name": "brown",
      "type": "OTHER",
      "metadata": {},
      "salience": 0.30899963,
      "mentions": [
        {
          "text": {
            "content": "brown",
            "beginOffset": -1
          },
          "type": "COMMON"
        }
      ]
    },
    {
      "name": "male",
      "type": "PERSON",
      "metadata": {},
      "salience": 0.17919561,
      "mentions": [
        {
          "text": {
            "content": "male",
            "beginOffset": -1
          },
          "type": "COMMON"
        }
      ]
    },
    {
      "name": "brown",
      "type": "OTHER",
      "metadata": {},
      "salience": 0.122836895,
      "mentions": [
        {
          "text": {
            "content": "brown",
            "beginOffset": -1
          },
          "type": "COMMON"
        }
      ]
    }
  ],
  "documentSentiment": {
    "magnitude": 0,
    "score": 0
  },
  "language": "en",
  "categories": []
}
