{
  "sentences": [
    {
      "text": {
        "content": "Maya need a caring family...she was a very smart puppy n she trained a basic like sit, lay down, come, run, attack, stay, up, high 5, shakehand, mummum time....she realy a very clever n easy to train her....actualy she like to watch our face when we talk to her...no cages pls....",
        "beginOffset": -1
      },
      "sentiment": {
        "magnitude": 0.4,
        "score": 0.4
      }
    }
  ],
  "tokens": [],
  "entities": [
    {
      "name": "Maya",
      "type": "PERSON",
      "metadata": {},
      "salience": 0.4615897,
      "mentions": [
        {
          "text": {
            "content": "Maya",
            "beginOffset": -1
          },
          "type": "PROPER"
        },
        {
          "text": {
            "content": "puppy n",
            "beginOffset": -1
          },
          "type": "COMMON"
        }
      ]
    },
    {
      "name": "family",
      "type": "PERSON",
      "metadata": {},
      "salience": 0.34742448,
      "mentions": [
        {
          "text": {
            "content": "family",
            "beginOffset": -1
          },
          "type": "COMMON"
        }
      ]
    },
    {
      "name": "attack",
      "type": "EVENT",
      "metadata": {},
      "salience": 0.044494208,
      "mentions": [
        {
          "text": {
            "content": "attack",
            "beginOffset": -1
          },
          "type": "COMMON"
        }
      ]
    },
    {
      "name": "sit",
      "type": "OTHER",
      "metadata": {},
      "salience": 0.04396502,
      "mentions": [
        {
          "text": {
            "content": "sit",
            "beginOffset": -1
          },
          "type": "COMMON"
        }
      ]
    },
    {
      "name": "run",
      "type": "OTHER",
      "metadata": {},
      "salience": 0.04396502,
      "mentions": [
        {
          "text": {
            "content": "run",
            "beginOffset": -1
          },
          "type": "COMMON"
        }
      ]
    },
    {
      "name": "face",
      "type": "OTHER",
      "metadata": {},
      "salience": 0.036724526,
      "mentions": [
        {
          "text": {
            "content": "face",
            "beginOffset": -1
          },
          "type": "COMMON"
        }
      ]
    },
    {
      "name": "cages",
      "type": "OTHER",
      "metadata": {},
      "salience": 0.021837067,
      "mentions": [
        {
          "text": {
            "content": "cages",
            "beginOffset": -1
          },
          "type": "COMMON"
        }
      ]
    }
  ],
  "documentSentiment": {
    "magnitude": 0.4,
    "score": 0.4
  },
  "language": "en",
  "categories": []
}
