{
  "sentences": [
    {
      "text": {
        "content": "Teana is a very lucky girl that survived the ride from Kota Damansara to Kelana Jaya in the absorber of a Nissan Teana.",
        "beginOffset": -1
      },
      "sentiment": {
        "magnitude": 0.1,
        "score": 0.1
      }
    },
    {
      "text": {
        "content": "She currently lives in my office and is well taken care of but the poor girl has to be in her cage most of the time as my office faces a main busy road and she can't be let loose inside without supervision as being a typical playful kitten there are lots of hazardous wires and such in the office.",
        "beginOffset": -1
      },
      "sentiment": {
        "magnitude": 0.2,
        "score": -0.2
      }
    },
    {
      "text": {
        "content": "Although she is given ample food and toys in her cage, the poor girl is alone at nights and weekends.",
        "beginOffset": -1
      },
      "sentiment": {
        "magnitude": 0,
        "score": 0
      }
    },
    {
      "text": {
        "content": "She's a very hyper healthy young girl with a lot of spunk and a lot of laughs and love to give.",
        "beginOffset": -1
      },
      "sentiment": {
        "magnitude": 0.9,
        "score": 0.9
      }
    },
    {
      "text": {
        "content": "She deserves a proper home and a family.",
        "beginOffset": -1
      },
      "sentiment": {
        "magnitude": 0.8,
        "score": 0.8
      }
    }
  ],
  "tokens": [],
  "entities": [
    {
      "name": "girl",
      "type": "PERSON",
      "metadata": {},
      "salience": 0.35742402,
      "mentions": [
        {
          "text": {
            "content": "girl",
            "beginOffset": -1
          },
          "type": "COMMON"
        }
      ]
    },
    {
      "name": "girl",
      "type": "PERSON",
      "metadata": {},
      "salience": 0.19378062,
      "mentions": [
        {
          "text": {
            "content": "girl",
            "beginOffset": -1
          },
          "type": "COMMON"
        },
        {
          "text": {
            "content": "girl",
            "beginOffset": -1
          },
          "type": "COMMON"
        },
        {
          "text": {
            "content": "girl",
            "beginOffset": -1
          },
          "type": "COMMON"
        }
      ]
    },
    {
      "name": "Teana",
      "type": "CONSUMER_GOOD",
      "metadata": {},
      "salience": 0.18383199,
      "mentions": [
        {
          "text": {
            "content": "Teana",
            "beginOffset": -1
          },
          "type": "PROPER"
        }
      ]
    },
    {
      "name": "ride",
      "type": "EVENT",
      "metadata": {},
      "salience": 0.04985804,
      "mentions": [
        {
          "text": {
            "content": "ride",
            "beginOffset": -1
          },
          "type": "COMMON"
        }
      ]
    },
    {
      "name": "Kota Damansara",
      "type": "LOCATION",
      "metadata": {
        "mid": "/m/0cw79v",
        "wikipedia_url": "https://en.wikipedia.org/wiki/Kota_Damansara"
      },
      "salience": 0.029961623,
      "mentions": [
        {
          "text": {
            "content": "Kota Damansara",
            "beginOffset": -1
          },
          "type": "PROPER"
        }
      ]
    },
    {
      "name": "Kelana Jaya",
      "type": "LOCATION",
      "metadata": {
        "mid": "/m/0d449n",
        "wikipedia_url": "https://en.wikipedia.org/wiki/Kelana_Jaya"
      },
      "salience": 0.029961623,
      "mentions": [
        {
          "text": {
            "content": "Kelana Jaya",
            "beginOffset": -1
          },
          "type": "PROPER"
        }
      ]
    },
    {
      "name": "cage",
      "type": "OTHER",
      "metadata": {},
      "salience": 0.022976879,
      "mentions": [
        {
          "text": {
            "content": "cage",
            "beginOffset": -1
          },
          "type": "COMMON"
        },
        {
          "text": {
            "content": "cage",
            "beginOffset": -1
          },
          "type": "COMMON"
        }
      ]
    },
    {
      "name": "absorber",
      "type": "OTHER",
      "metadata": {},
      "salience": 0.019341847,
      "mentions": [
        {
          "text": {
            "content": "absorber",
            "beginOffset": -1
          },
          "type": "COMMON"
        }
      ]
    },
    {
      "name": "office",
      "type": "OTHER",
      "metadata": {},
      "salience": 0.01433359,
      "mentions": [
        {
          "text": {
            "content": "office",
            "beginOffset": -1
          },
          "type": "COMMON"
        }
      ]
    },
    {
      "name": "Nissan Teana",
      "type": "CONSUMER_GOOD",
      "metadata": {
        "mid": "/m/04c_h6",
        "wikipedia_url": "https://en.wikipedia.org/wiki/Nissan_Teana"
      },
      "salience": 0.01307878,
      "mentions": [
        {
          "text": {
            "content": "Nissan Teana",
            "beginOffset": -1
          },
          "type": "PROPER"
        }
      ]
    },
    {
      "name": "office",
      "type": "LOCATION",
      "metadata": {},
      "salience": 0.011651796,
      "mentions": [
        {
          "text": {
            "content": "office",
            "beginOffset": -1
          },
          "type": "COMMON"
        }
      ]
    },
    {
      "name": "care",
      "type": "OTHER",
      "metadata": {},
      "salience": 0.01069494,
      "mentions": [
        {
          "text": {
            "content": "care",
            "beginOffset": -1
          },
          "type": "COMMON"
        }
      ]
    },
    {
      "name": "office",
      "type": "OTHER",
      "metadata": {},
      "salience": 0.0073229526,
      "mentions": [
        {
          "text": {
            "content": "office",
            "beginOffset": -1
          },
          "type": "COMMON"
        }
      ]
    },
    {
      "name": "supervision",
      "type": "OTHER",
      "metadata": {},
      "salience": 0.006398232,
      "mentions": [
        {
          "text": {
            "content": "supervision",
            "beginOffset": -1
          },
          "type": "COMMON"
        }
      ]
    },
    {
      "name": "road",
      "type": "LOCATION",
      "metadata": {},
      "salience": 0.006398232,
      "mentions": [
        {
          "text": {
            "content": "road",
            "beginOffset": -1
          },
          "type": "COMMON"
        }
      ]
    },
    {
      "name": "kitten",
      "type": "PERSON",
      "metadata": {},
      "salience": 0.0058722408,
      "mentions": [
        {
          "text": {
            "content": "kitten",
            "beginOffset": -1
          },
          "type": "COMMON"
        }
      ]
    },
    {
      "name": "wires",
      "type": "OTHER",
      "metadata": {},
      "salience": 0.0058722408,
      "mentions": [
        {
          "text": {
            "content": "wires",
            "beginOffset": -1
          },
          "type": "COMMON"
        }
      ]
    },
    {
      "name": "lots",
      "type": "OTHER",
      "metadata": {},
      "salience": 0.0057300217,
      "mentions": [
        {
          "text": {
            "content": "lots",
            "beginOffset": -1
          },
          "type": "COMMON"
        }
      ]
    },
    {
      "name": "lot",
      "type": "OTHER",
      "metadata": {},
      "salience": 0.004997678,
      "mentions": [
        {
          "text": {
            "content": "lot",
            "beginOffset": -1
          },
          "type": "COMMON"
        }
      ]
    },
    {
      "name": "spunk",
      "type": "OTHER",
      "metadata": {},
      "salience": 0.0043912893,
      "mentions": [
        {
          "text": {
            "content": "spunk",
            "beginOffset": -1
          },
          "type": "COMMON"
        }
      ]
    },
    {
      "name": "lot",
      "type": "OTHER",
      "metadata": {},
      "salience": 0.0035008374,
      "mentions": [
        {
          "text": {
            "content": "lot",
            "beginOffset": -1
          },
          "type": "COMMON"
        }
      ]
    },
    {
      "name": "laughs",
      "type": "OTHER",
      "metadata": {},
      "salience": 0.0030755985,
      "mentions": [
        {
          "text": {
            "content": "laughs",
            "beginOffset": -1
          },
          "type": "COMMON"
        }
      ]
    },
    {
      "name": "home",
      "type": "LOCATION",
      "metadata": {},
      "salience": 0.003067178,
      "mentions": [
        {
          "text": {
            "content": "home",
            "beginOffset": -1
          },
          "type": "COMMON"
        }
      ]
    },
    {
      "name": "family",
      "type": "PERSON",
      "metadata": {},
      "salience": 0.003067178,
      "mentions": [
        {
          "text": {
            "content": "family",
            "beginOffset": -1
          },
          "type": "COMMON"
        }
      ]
    },
    {
      "name": "toys",
      "type": "CONSUMER_GOOD",
      "metadata": {},
      "salience": 0.0019346179,
      "mentions": [
        {
          "text": {
            "content": "toys",
            "beginOffset": -1
          },
          "type": "COMMON"
        }
      ]
    },
    {
      "name": "food",
      "type": "OTHER",
      "metadata": {},
      "salience": 0.00147594,
      "mentions": [
        {
          "text": {
            "content": "food",
            "beginOffset": -1
          },
          "type": "COMMON"
        }
      ]
    }
  ],
  "documentSentiment": {
    "magnitude": 2.1,
    "score": 0.3
  },
  "language": "en",
  "categories": []
}
