{
  "sentences": [
    {
      "text": {
        "content": "Cute kittens!",
        "beginOffset": -1
      },
      "sentiment": {
        "magnitude": 0.8,
        "score": 0.8
      }
    },
    {
      "text": {
        "content": "One is a yery rare full grey short hair, female, very manja.",
        "beginOffset": -1
      },
      "sentiment": {
        "magnitude": 0,
        "score": 0
      }
    },
    {
      "text": {
        "content": "Another one cross colour male, very playful.",
        "beginOffset": -1
      },
      "sentiment": {
        "magnitude": 0.7,
        "score": 0.7
      }
    }
  ],
  "tokens": [],
  "entities": [
    {
      "name": "kittens",
      "type": "PERSON",
      "metadata": {},
      "salience": 0.7990355,
      "mentions": [
        {
          "text": {
            "content": "kittens",
            "beginOffset": -1
          },
          "type": "COMMON"
        }
      ]
    },
    {
      "name": "hair",
      "type": "OTHER",
      "metadata": {},
      "salience": 0.20096453,
      "mentions": [
        {
          "text": {
            "content": "hair",
            "beginOffset": -1
          },
          "type": "COMMON"
        }
      ]
    }
  ],
  "documentSentiment": {
    "magnitude": 1.6,
    "score": 0.5
  },
  "language": "en",
  "categories": []
}
