{
  "sentences": [
    {
      "text": {
        "content": "Mary was rescued from the street at Jalan Alor.",
        "beginOffset": -1
      },
      "sentiment": {
        "magnitude": 0,
        "score": 0
      }
    },
    {
      "text": {
        "content": "She is from a litter of 3 kittens(Rosie and Wong Wong).",
        "beginOffset": -1
      },
      "sentiment": {
        "magnitude": 0,
        "score": 0
      }
    },
    {
      "text": {
        "content": "The rescuer rescued all three of them when they are about 3 months old.",
        "beginOffset": -1
      },
      "sentiment": {
        "magnitude": 0,
        "score": 0
      }
    },
    {
      "text": {
        "content": "She will be spay on 9th of May.",
        "beginOffset": -1
      },
      "sentiment": {
        "magnitude": 0,
        "score": 0
      }
    },
    {
      "text": {
        "content": "Mary tend to be quiet and shy.",
        "beginOffset": -1
      },
      "sentiment": {
        "magnitude": 0.3,
        "score": 0.3
      }
    },
    {
      "text": {
        "content": "She is being careful and only trusting those with whom she is familiar.",
        "beginOffset": -1
      },
      "sentiment": {
        "magnitude": 0.3,
        "score": -0.3
      }
    },
    {
      "text": {
        "content": "She will be very loving and playful once she gets to know you better.",
        "beginOffset": -1
      },
      "sentiment": {
        "magnitude": 0.8,
        "score": 0.8
      }
    }
  ],
  "tokens": [],
  "entities": [
    {
      "name": "Mary",
      "type": "PERSON",
      "metadata": {},
      "salience": 0.39808717,
      "mentions": [
        {
          "text": {
            "content": "Mary",
            "beginOffset": -1
          },
          "type": "PROPER"
        },
        {
          "text": {
            "content": "Mary",
            "beginOffset": -1
          },
          "type": "PROPER"
        }
      ]
    },
    {
      "name": "street",
      "type": "LOCATION",
      "metadata": {},
      "salience": 0.18119386,
      "mentions": [
        {
          "text": {
            "content": "street",
            "beginOffset": -1
          },
          "type": "COMMON"
        }
      ]
    },
    {
      "name": "Jalan Alor",
      "type": "LOCATION",
      "metadata": {
        "mid": "/g/1q5bldqst"
      },
      "salience": 0.11047423,
      "mentions": [
        {
          "text": {
            "content": "Jalan Alor",
            "beginOffset": -1
          },
          "type": "PROPER"
        }
      ]
    },
    {
      "name": "rescuer",
      "type": "PERSON",
      "metadata": {},
      "salience": 0.09685071,
      "mentions": [
        {
          "text": {
            "content": "rescuer",
            "beginOffset": -1
          },
          "type": "COMMON"
        }
      ]
    },
    {
      "name": "three",
      "type": "OTHER",
      "metadata": {},
      "salience": 0.07729687,
      "mentions": [
        {
          "text": {
            "content": "three",
            "beginOffset": -1
          },
          "type": "COMMON"
        }
      ]
    },
    {
      "name": "litter",
      "type": "CONSUMER_GOOD",
      "metadata": {},
      "salience": 0.035004966,
      "mentions": [
        {
          "text": {
            "content": "litter",
            "beginOffset": -1
          },
          "type": "COMMON"
        }
      ]
    },
    {
      "name": "kittens",
      "type": "PERSON",
      "metadata": {},
      "salience": 0.035004966,
      "mentions": [
        {
          "text": {
            "content": "kittens",
            "beginOffset": -1
          },
          "type": "COMMON"
        }
      ]
    },
    {
      "name": "spay",
      "type": "OTHER",
      "metadata": {},
      "salience": 0.029280918,
      "mentions": [
        {
          "text": {
            "content": "spay",
            "beginOffset": -1
          },
          "type": "COMMON"
        }
      ]
    },
    {
      "name": "Rosie",
      "type": "PERSON",
      "metadata": {},
      "salience": 0.020802876,
      "mentions": [
        {
          "text": {
            "content": "Rosie",
            "beginOffset": -1
          },
          "type": "PROPER"
        }
      ]
    },
    {
      "name": "Wong Wong",
      "type": "PERSON",
      "metadata": {},
      "salience": 0.016003424,
      "mentions": [
        {
          "text": {
            "content": "Wong Wong",
            "beginOffset": -1
          },
          "type": "PROPER"
        }
      ]
    }
  ],
  "documentSentiment": {
    "magnitude": 1.5,
    "score": 0.1
  },
  "language": "en",
  "categories": []
}
