{
  "sentences": [
    {
      "text": {
        "content": "Hi, I am a 6 month old kitten and like to be with my Mommy and Mommy is attached to me.",
        "beginOffset": -1
      },
      "sentiment": {
        "magnitude": 0.3,
        "score": 0.3
      }
    },
    {
      "text": {
        "content": "Therefore we seek a new home who will be willing to accept both of us.",
        "beginOffset": -1
      },
      "sentiment": {
        "magnitude": 0.3,
        "score": 0.3
      }
    },
    {
      "text": {
        "content": "I am very playful, and like to watch some TV now and then as well, together with my furry friends.",
        "beginOffset": -1
      },
      "sentiment": {
        "magnitude": 0.9,
        "score": 0.9
      }
    },
    {
      "text": {
        "content": "Contact Shaila on Whatsapp (see my rescuer profile phone number) for more information pls.",
        "beginOffset": -1
      },
      "sentiment": {
        "magnitude": 0.2,
        "score": 0.2
      }
    }
  ],
  "tokens": [],
  "entities": [
    {
      "name": "kitten",
      "type": "PERSON",
      "metadata": {},
      "salience": 0.8351575,
      "mentions": [
        {
          "text": {
            "content": "kitten",
            "beginOffset": -1
          },
          "type": "COMMON"
        }
      ]
    },
    {
      "name": "Mommy",
      "type": "PERSON",
      "metadata": {
        "mid": "/m/0lbxz",
        "wikipedia_url": "https://en.wikipedia.org/wiki/Mother"
      },
      "salience": 0.04799493,
      "mentions": [
        {
          "text": {
            "content": "Mommy",
            "beginOffset": -1
          },
          "type": "PROPER"
        },
        {
          "text": {
            "content": "Mommy",
            "beginOffset": -1
          },
          "type": "PROPER"
        }
      ]
    },
    {
      "name": "TV",
      "type": "OTHER",
      "metadata": {},
      "salience": 0.02272711,
      "mentions": [
        {
          "text": {
            "content": "TV",
            "beginOffset": -1
          },
          "type": "COMMON"
        }
      ]
    },
    {
      "name": "both",
      "type": "OTHER",
      "metadata": {},
      "salience": 0.020973692,
      "mentions": [
        {
          "text": {
            "content": "both",
            "beginOffset": -1
          },
          "type": "COMMON"
        }
      ]
    },
    {
      "name": "home",
      "type": "LOCATION",
      "metadata": {},
      "salience": 0.020719748,
      "mentions": [
        {
          "text": {
            "content": "home",
            "beginOffset": -1
          },
          "type": "COMMON"
        }
      ]
    },
    {
      "name": "friends",
      "type": "PERSON",
      "metadata": {},
      "salience": 0.014472043,
      "mentions": [
        {
          "text": {
            "content": "friends",
            "beginOffset": -1
          },
          "type": "COMMON"
        }
      ]
    },
    {
      "name": "rescuer profile phone number",
      "type": "OTHER",
      "metadata": {},
      "salience": 0.010751347,
      "mentions": [
        {
          "text": {
            "content": "rescuer profile phone number",
            "beginOffset": -1
          },
          "type": "COMMON"
        }
      ]
    },
    {
      "name": "information",
      "type": "OTHER",
      "metadata": {},
      "salience": 0.010112597,
      "mentions": [
        {
          "text": {
            "content": "information",
            "beginOffset": -1
          },
          "type": "COMMON"
        }
      ]
    },
    {
      "name": "Shaila",
      "type": "PERSON",
      "metadata": {},
      "salience": 0.008545522,
      "mentions": [
        {
          "text": {
            "content": "Shaila",
            "beginOffset": -1
          },
          "type": "PROPER"
        }
      ]
    },
    {
      "name": "Whatsapp",
      "type": "CONSUMER_GOOD",
      "metadata": {
        "mid": "/m/0gwzvs1",
        "wikipedia_url": "https://en.wikipedia.org/wiki/WhatsApp"
      },
      "salience": 0.008545522,
      "mentions": [
        {
          "text": {
            "content": "Whatsapp",
            "beginOffset": -1
          },
          "type": "PROPER"
        }
      ]
    }
  ],
  "documentSentiment": {
    "magnitude": 1.8,
    "score": 0.4
  },
  "language": "en",
  "categories": []
}
