{
  "sentences": [
    {
      "text": {
        "content": "They are twins white cat.",
        "beginOffset": -1
      },
      "sentiment": {
        "magnitude": 0,
        "score": 0
      }
    },
    {
      "text": {
        "content": "Very manja cats...",
        "beginOffset": -1
      },
      "sentiment": {
        "magnitude": 0.4,
        "score": 0.4
      }
    },
    {
      "text": {
        "content": "If possible i do not want to separate them.",
        "beginOffset": -1
      },
      "sentiment": {
        "magnitude": 0.1,
        "score": -0.1
      }
    },
    {
      "text": {
        "content": "They are small in size and prefer to eat dry food.",
        "beginOffset": -1
      },
      "sentiment": {
        "magnitude": 0.4,
        "score": -0.4
      }
    },
    {
      "text": {
        "content": "They are also house cats and very clean.",
        "beginOffset": -1
      },
      "sentiment": {
        "magnitude": 0.9,
        "score": 0.9
      }
    },
    {
      "text": {
        "content": "Fabulous is slightly slimmer than georgeous...",
        "beginOffset": -1
      },
      "sentiment": {
        "magnitude": 0.7,
        "score": 0.7
      }
    }
  ],
  "tokens": [],
  "entities": [
    {
      "name": "cat",
      "type": "OTHER",
      "metadata": {},
      "salience": 0.62247866,
      "mentions": [
        {
          "text": {
            "content": "cat",
            "beginOffset": -1
          },
          "type": "COMMON"
        }
      ]
    },
    {
      "name": "cats",
      "type": "OTHER",
      "metadata": {},
      "salience": 0.11919837,
      "mentions": [
        {
          "text": {
            "content": "cats",
            "beginOffset": -1
          },
          "type": "COMMON"
        }
      ]
    },
    {
      "name": "house cats",
      "type": "OTHER",
      "metadata": {},
      "salience": 0.08501608,
      "mentions": [
        {
          "text": {
            "content": "house cats",
            "beginOffset": -1
          },
          "type": "COMMON"
        }
      ]
    },
    {
      "name": "size",
      "type": "OTHER",
      "metadata": {},
      "salience": 0.071831815,
      "mentions": [
        {
          "text": {
            "content": "size",
            "beginOffset": -1
          },
          "type": "COMMON"
        }
      ]
    },
    {
      "name": "food",
      "type": "OTHER",
      "metadata": {},
      "salience": 0.06600852,
      "mentions": [
        {
          "text": {
            "content": "food",
            "beginOffset": -1
          },
          "type": "COMMON"
        }
      ]
    },
    {
      "name": "Fabulous",
      "type": "PERSON",
      "metadata": {},
      "salience": 0.035466544,
      "mentions": [
        {
          "text": {
            "content": "Fabulous",
            "beginOffset": -1
          },
          "type": "PROPER"
        }
      ]
    }
  ],
  "documentSentiment": {
    "magnitude": 2.6,
    "score": 0.2
  },
  "language": "en",
  "categories": []
}
