{
  "sentences": [
    {
      "text": {
        "content": "Rescued pups",
        "beginOffset": -1
      },
      "sentiment": {
        "magnitude": 0,
        "score": 0
      }
    }
  ],
  "tokens": [],
  "entities": [
    {
      "name": "pups",
      "type": "PERSON",
      "metadata": {},
      "salience": 1,
      "mentions": [
        {
          "text": {
            "content": "pups",
            "beginOffset": -1
          },
          "type": "COMMON"
        }
      ]
    }
  ],
  "documentSentiment": {
    "magnitude": 0,
    "score": 0
  },
  "language": "en",
  "categories": []
}
