{
  "sentences": [
    {
      "text": {
        "content": "Friend rescued this poor dog from a cruel owner who pet it unwanted in serious skin problem.",
        "beginOffset": -1
      },
      "sentiment": {
        "magnitude": 0.8,
        "score": -0.8
      }
    },
    {
      "text": {
        "content": "He got a tight scar on his mouth.",
        "beginOffset": -1
      },
      "sentiment": {
        "magnitude": 0.1,
        "score": 0.1
      }
    },
    {
      "text": {
        "content": "I decide to temporary keeping him till his skin problem recovered.",
        "beginOffset": -1
      },
      "sentiment": {
        "magnitude": 0.3,
        "score": -0.3
      }
    },
    {
      "text": {
        "content": "I wish to adopt it but since i have to move back to parent house, there are 3dogs at home.",
        "beginOffset": -1
      },
      "sentiment": {
        "magnitude": 0,
        "score": 0
      }
    },
    {
      "text": {
        "content": "I wish he could find a real pet lover a new home",
        "beginOffset": -1
      },
      "sentiment": {
        "magnitude": 0.5,
        "score": 0.5
      }
    }
  ],
  "tokens": [],
  "entities": [
    {
      "name": "Friend",
      "type": "PERSON",
      "metadata": {},
      "salience": 0.52120894,
      "mentions": [
        {
          "text": {
            "content": "Friend",
            "beginOffset": -1
          },
          "type": "COMMON"
        }
      ]
    },
    {
      "name": "owner",
      "type": "PERSON",
      "metadata": {},
      "salience": 0.24280296,
      "mentions": [
        {
          "text": {
            "content": "owner",
            "beginOffset": -1
          },
          "type": "COMMON"
        }
      ]
    },
    {
      "name": "dog",
      "type": "OTHER",
      "metadata": {},
      "salience": 0.10490234,
      "mentions": [
        {
          "text": {
            "content": "dog",
            "beginOffset": -1
          },
          "type": "COMMON"
        }
      ]
    },
    {
      "name": "skin problem",
      "type": "OTHER",
      "metadata": {},
      "salience": 0.046933528,
      "mentions": [
        {
          "text": {
            "content": "skin problem",
            "beginOffset": -1
          },
          "type": "COMMON"
        }
      ]
    },
    {
      "name": "skin problem",
      "type": "OTHER",
      "metadata": {},
      "salience": 0.016779665,
      "mentions": [
        {
          "text": {
            "content": "skin problem",
            "beginOffset": -1
          },
          "type": "COMMON"
        }
      ]
    },
    {
      "name": "mouth",
      "type": "OTHER",
      "metadata": {},
      "salience": 0.013614312,
      "mentions": [
        {
          "text": {
            "content": "mouth",
            "beginOffset": -1
          },
          "type": "COMMON"
        }
      ]
    },
    {
      "name": "3dogs",
      "type": "ORGANIZATION",
      "metadata": {},
      "salience": 0.011946969,
      "mentions": [
        {
          "text": {
            "content": "3dogs",
            "beginOffset": -1
          },
          "type": "COMMON"
        }
      ]
    },
    {
      "name": "home",
      "type": "LOCATION",
      "metadata": {},
      "salience": 0.011703956,
      "mentions": [
        {
          "text": {
            "content": "home",
            "beginOffset": -1
          },
          "type": "COMMON"
        }
      ]
    },
    {
      "name": "home",
      "type": "LOCATION",
      "metadata": {},
      "salience": 0.010773061,
      "mentions": [
        {
          "text": {
            "content": "home",
            "beginOffset": -1
          },
          "type": "COMMON"
        }
      ]
    },
    {
      "name": "scar",
      "type": "OTHER",
      "metadata": {},
      "salience": 0.0085531045,
      "mentions": [
        {
          "text": {
            "content": "scar",
            "beginOffset": -1
          },
          "type": "COMMON"
        }
      ]
    },
    {
      "name": "pet lover",
      "type": "PERSON",
      "metadata": {},
      "salience": 0.0066186334,
      "mentions": [
        {
          "text": {
            "content": "pet lover",
            "beginOffset": -1
          },
          "type": "COMMON"
        }
      ]
    },
    {
      "name": "parent house",
      "type": "LOCATION",
      "metadata": {},
      "salience": 0.0041625444,
      "mentions": [
        {
          "text": {
            "content": "parent house",
            "beginOffset": -1
          },
          "type": "COMMON"
        }
      ]
    }
  ],
  "documentSentiment": {
    "magnitude": 1.9,
    "score": 0
  },
  "language": "en",
  "categories": []
}
