{
  "sentences": [
    {
      "text": {
        "content": "It is with a heavy heart that I write this.",
        "beginOffset": -1
      },
      "sentiment": {
        "magnitude": 0.5,
        "score": 0.5
      }
    },
    {
      "text": {
        "content": "Due to physical and time constraints, I have had to make the hard decision of letting Kyra go.",
        "beginOffset": -1
      },
      "sentiment": {
        "magnitude": 0,
        "score": 0
      }
    },
    {
      "text": {
        "content": "I've only had her for about four months, but due to a serious leg injury, I'm unable to give her the attention that she deserves.",
        "beginOffset": -1
      },
      "sentiment": {
        "magnitude": 0.7,
        "score": -0.7
      }
    },
    {
      "text": {
        "content": "KYRA was a shop dog in horrid condition.",
        "beginOffset": -1
      },
      "sentiment": {
        "magnitude": 0.9,
        "score": -0.9
      }
    },
    {
      "text": {
        "content": "She had bad teeth, bad claws, and horrible skin.",
        "beginOffset": -1
      },
      "sentiment": {
        "magnitude": 0.9,
        "score": -0.9
      }
    },
    {
      "text": {
        "content": "Even so, she is a bubbly, energetic pup with so much love to give.",
        "beginOffset": -1
      },
      "sentiment": {
        "magnitude": 0.9,
        "score": 0.9
      }
    },
    {
      "text": {
        "content": "She is a high energy, bouncy dog, and quite simple in the head in terms of the way she plays.",
        "beginOffset": -1
      },
      "sentiment": {
        "magnitude": 0.5,
        "score": 0.5
      }
    },
    {
      "text": {
        "content": "Kyra knows how to SIT, LIE DOWN, and knows how to wait for her meals.",
        "beginOffset": -1
      },
      "sentiment": {
        "magnitude": 0.8,
        "score": -0.8
      }
    },
    {
      "text": {
        "content": "She has been treated for heartworm, dewormed, and had extensive treatment for a serious case of demodex.",
        "beginOffset": -1
      },
      "sentiment": {
        "magnitude": 0.5,
        "score": 0.5
      }
    },
    {
      "text": {
        "content": "Kyra has NO aggression issues, and I hope to find someone with a big heart and home to take her in.",
        "beginOffset": -1
      },
      "sentiment": {
        "magnitude": 0.8,
        "score": 0.8
      }
    }
  ],
  "tokens": [],
  "entities": [
    {
      "name": "Kyra",
      "type": "PERSON",
      "metadata": {},
      "salience": 0.691138,
      "mentions": [
        {
          "text": {
            "content": "Kyra",
            "beginOffset": -1
          },
          "type": "PROPER"
        },
        {
          "text": {
            "content": "KYRA",
            "beginOffset": -1
          },
          "type": "PROPER"
        },
        {
          "text": {
            "content": "shop dog",
            "beginOffset": -1
          },
          "type": "COMMON"
        },
        {
          "text": {
            "content": "Kyra",
            "beginOffset": -1
          },
          "type": "PROPER"
        },
        {
          "text": {
            "content": "Kyra",
            "beginOffset": -1
          },
          "type": "PROPER"
        }
      ]
    },
    {
      "name": "heart",
      "type": "OTHER",
      "metadata": {},
      "salience": 0.13572434,
      "mentions": [
        {
          "text": {
            "content": "heart",
            "beginOffset": -1
          },
          "type": "COMMON"
        }
      ]
    },
    {
      "name": "constraints",
      "type": "OTHER",
      "metadata": {},
      "salience": 0.029509874,
      "mentions": [
        {
          "text": {
            "content": "constraints",
            "beginOffset": -1
          },
          "type": "COMMON"
        }
      ]
    },
    {
      "name": "pup",
      "type": "OTHER",
      "metadata": {},
      "salience": 0.009137939,
      "mentions": [
        {
          "text": {
            "content": "pup",
            "beginOffset": -1
          },
          "type": "COMMON"
        }
      ]
    },
    {
      "name": "decision",
      "type": "OTHER",
      "metadata": {},
      "salience": 0.008927453,
      "mentions": [
        {
          "text": {
            "content": "decision",
            "beginOffset": -1
          },
          "type": "COMMON"
        }
      ]
    },
    {
      "name": "energy",
      "type": "OTHER",
      "metadata": {},
      "salience": 0.008899838,
      "mentions": [
        {
          "text": {
            "content": "energy",
            "beginOffset": -1
          },
          "type": "COMMON"
        }
      ]
    },
    {
      "name": "dog",
      "type": "OTHER",
      "metadata": {},
      "salience": 0.0079254145,
      "mentions": [
        {
          "text": {
            "content": "dog",
            "beginOffset": -1
          },
          "type": "COMMON"
        }
      ]
    },
    {
      "name": "claws",
      "type": "OTHER",
      "metadata": {},
      "salience": 0.0076198615,
      "mentions": [
        {
          "text": {
            "content": "claws",
            "beginOffset": -1
          },
          "type": "COMMON"
        }
      ]
    },
    {
      "name": "skin",
      "type": "OTHER",
      "metadata": {},
      "salience": 0.0076198615,
      "mentions": [
        {
          "text": {
            "content": "skin",
            "beginOffset": -1
          },
          "type": "COMMON"
        }
      ]
    },
    {
      "name": "teeth",
      "type": "OTHER",
      "metadata": {},
      "salience": 0.0076198615,
      "mentions": [
        {
          "text": {
            "content": "teeth",
            "beginOffset": -1
          },
          "type": "COMMON"
        }
      ]
    },
    {
      "name": "leg injury",
      "type": "OTHER",
      "metadata": {},
      "salience": 0.007574278,
      "mentions": [
        {
          "text": {
            "content": "leg injury",
            "beginOffset": -1
          },
          "type": "COMMON"
        }
      ]
    },
    {
      "name": "condition",
      "type": "OTHER",
      "metadata": {},
      "salience": 0.007547597,
      "mentions": [
        {
          "text": {
            "content": "condition",
            "beginOffset": -1
          },
          "type": "COMMON"
        }
      ]
    },
    {
      "name": "love",
      "type": "OTHER",
      "metadata": {},
      "salience": 0.0069771805,
      "mentions": [
        {
          "text": {
            "content": "love",
            "beginOffset": -1
          },
          "type": "COMMON"
        }
      ]
    },
    {
      "name": "head",
      "type": "OTHER",
      "metadata": {},
      "salience": 0.0069639958,
      "mentions": [
        {
          "text": {
            "content": "head",
            "beginOffset": -1
          },
          "type": "COMMON"
        }
      ]
    },
    {
      "name": "heartworm",
      "type": "OTHER",
      "metadata": {},
      "salience": 0.0065311166,
      "mentions": [
        {
          "text": {
            "content": "heartworm",
            "beginOffset": -1
          },
          "type": "COMMON"
        }
      ]
    },
    {
      "name": "attention",
      "type": "OTHER",
      "metadata": {},
      "salience": 0.005782067,
      "mentions": [
        {
          "text": {
            "content": "attention",
            "beginOffset": -1
          },
          "type": "COMMON"
        }
      ]
    },
    {
      "name": "someone",
      "type": "PERSON",
      "metadata": {},
      "salience": 0.005697218,
      "mentions": [
        {
          "text": {
            "content": "someone",
            "beginOffset": -1
          },
          "type": "COMMON"
        }
      ]
    },
    {
      "name": "meals",
      "type": "OTHER",
      "metadata": {},
      "salience": 0.0052422667,
      "mentions": [
        {
          "text": {
            "content": "meals",
            "beginOffset": -1
          },
          "type": "COMMON"
        }
      ]
    },
    {
      "name": "treatment",
      "type": "OTHER",
      "metadata": {},
      "salience": 0.0052346885,
      "mentions": [
        {
          "text": {
            "content": "treatment",
            "beginOffset": -1
          },
          "type": "COMMON"
        }
      ]
    },
    {
      "name": "case",
      "type": "OTHER",
      "metadata": {},
      "salience": 0.0052346885,
      "mentions": [
        {
          "text": {
            "content": "case",
            "beginOffset": -1
          },
          "type": "COMMON"
        }
      ]
    },
    {
      "name": "demodex",
      "type": "OTHER",
      "metadata": {},
      "salience": 0.0052346885,
      "mentions": [
        {
          "text": {
            "content": "demodex",
            "beginOffset": -1
          },
          "type": "COMMON"
        }
      ]
    },
    {
      "name": "heart",
      "type": "OTHER",
      "metadata": {},
      "salience": 0.0045683463,
      "mentions": [
        {
          "text": {
            "content": "heart",
            "beginOffset": -1
          },
          "type": "COMMON"
        }
      ]
    },
    {
      "name": "home",
      "type": "LOCATION",
      "metadata": {},
      "salience": 0.0036607317,
      "mentions": [
        {
          "text": {
            "content": "home",
            "beginOffset": -1
          },
          "type": "COMMON"
        }
      ]
    },
    {
      "name": "aggression issues",
      "type": "OTHER",
      "metadata": {},
      "salience": 0.0036607317,
      "mentions": [
        {
          "text": {
            "content": "aggression issues",
            "beginOffset": -1
          },
          "type": "COMMON"
        }
      ]
    },
    {
      "name": "way",
      "type": "OTHER",
      "metadata": {},
      "salience": 0.0023041815,
      "mentions": [
        {
          "text": {
            "content": "way",
            "beginOffset": -1
          },
          "type": "COMMON"
        }
      ]
    },
    {
      "name": "terms",
      "type": "OTHER",
      "metadata": {},
      "salience": 0.0023041815,
      "mentions": [
        {
          "text": {
            "content": "terms",
            "beginOffset": -1
          },
          "type": "COMMON"
        }
      ]
    },
    {
      "name": "LIE DOWN",
      "type": "OTHER",
      "metadata": {},
      "salience": 0.0013595736,
      "mentions": [
        {
          "text": {
            "content": "LIE DOWN",
            "beginOffset": -1
          },
          "type": "PROPER"
        }
      ]
    }
  ],
  "documentSentiment": {
    "magnitude": 6.8,
    "score": 0
  },
  "language": "en",
  "categories": []
}
