{
  "sentences": [
    {
      "text": {
        "content": "Two adorable female pups, fluffy and soft, cuddly and sweet, ready to join your family!!",
        "beginOffset": -1
      },
      "sentiment": {
        "magnitude": 0.9,
        "score": 0.9
      }
    },
    {
      "text": {
        "content": "Call to make an appointment to come see these snuggly pups.",
        "beginOffset": -1
      },
      "sentiment": {
        "magnitude": 0.3,
        "score": 0.3
      }
    },
    {
      "text": {
        "content": "www.klpoochrescue.org",
        "beginOffset": -1
      },
      "sentiment": {
        "magnitude": 0,
        "score": 0
      }
    }
  ],
  "tokens": [],
  "entities": [
    {
      "name": "pups",
      "type": "PERSON",
      "metadata": {},
      "salience": 0.72324204,
      "mentions": [
        {
          "text": {
            "content": "pups",
            "beginOffset": -1
          },
          "type": "COMMON"
        }
      ]
    },
    {
      "name": "family",
      "type": "PERSON",
      "metadata": {},
      "salience": 0.16099098,
      "mentions": [
        {
          "text": {
            "content": "family",
            "beginOffset": -1
          },
          "type": "COMMON"
        }
      ]
    },
    {
      "name": "pups",
      "type": "OTHER",
      "metadata": {},
      "salience": 0.060757462,
      "mentions": [
        {
          "text": {
            "content": "pups",
            "beginOffset": -1
          },
          "type": "COMMON"
        }
      ]
    },
    {
      "name": "www.klpoochrescue.org",
      "type": "OTHER",
      "metadata": {
        "wikipedia_url": "https://en.wikipedia.org/wiki/.org",
        "mid": "/m/01qhnc"
      },
      "salience": 0.029823637,
      "mentions": [
        {
          "text": {
            "content": "www.klpoochrescue.org",
            "beginOffset": -1
          },
          "type": "PROPER"
        }
      ]
    },
    {
      "name": "appointment",
      "type": "OTHER",
      "metadata": {},
      "salience": 0.025185848,
      "mentions": [
        {
          "text": {
            "content": "appointment",
            "beginOffset": -1
          },
          "type": "COMMON"
        }
      ]
    }
  ],
  "documentSentiment": {
    "magnitude": 1.4,
    "score": 0.4
  },
  "language": "en",
  "categories": []
}
