{
  "sentences": [
    {
      "text": {
        "content": "Affectionately known as Timmy boy / Little Bear / Timmy Bear, Tim was reported to us by a kind mamak owner who fed him at USJ 1.",
        "beginOffset": -1
      },
      "sentiment": {
        "magnitude": 0.4,
        "score": -0.4
      }
    },
    {
      "text": {
        "content": "Contracted with serious TVT disease, Tim's plight was highlighted on Facebook groups repeatedly and yet no one went to his rescue.",
        "beginOffset": -1
      },
      "sentiment": {
        "magnitude": 0.2,
        "score": -0.2
      }
    },
    {
      "text": {
        "content": "His penis was the size of a tennis ball when we rescued him, and guess what?",
        "beginOffset": -1
      },
      "sentiment": {
        "magnitude": 0,
        "score": 0
      }
    },
    {
      "text": {
        "content": "He was already spayed before!",
        "beginOffset": -1
      },
      "sentiment": {
        "magnitude": 0,
        "score": 0
      }
    },
    {
      "text": {
        "content": "Now that he's free from TVT, gentle giant Tim really needs a home that he can belong to.",
        "beginOffset": -1
      },
      "sentiment": {
        "magnitude": 0.4,
        "score": 0.4
      }
    },
    {
      "text": {
        "content": "Don't be intimidated by his size!",
        "beginOffset": -1
      },
      "sentiment": {
        "magnitude": 0.3,
        "score": 0.3
      }
    },
    {
      "text": {
        "content": "Very huggable of course (about kg), and can definitely coexist with other dogs.",
        "beginOffset": -1
      },
      "sentiment": {
        "magnitude": 0.7,
        "score": 0.7
      }
    },
    {
      "text": {
        "content": "He will avoid eye contact if dogs are looking for a fight with him (despite being able to give them a good slap, of course).",
        "beginOffset": -1
      },
      "sentiment": {
        "magnitude": 0,
        "score": 0
      }
    },
    {
      "text": {
        "content": "When going out for strolls, he walks not in front, not behind, but with you :)",
        "beginOffset": -1
      },
      "sentiment": {
        "magnitude": 0.1,
        "score": 0.1
      }
    },
    {
      "text": {
        "content": "Please open up your heart to Timmy boy!",
        "beginOffset": -1
      },
      "sentiment": {
        "magnitude": 0.1,
        "score": 0.1
      }
    },
    {
      "text": {
        "content": "Liz: Kin:",
        "beginOffset": -1
      },
      "sentiment": {
        "magnitude": 0,
        "score": 0
      }
    }
  ],
  "tokens": [],
  "entities": [
    {
      "name": "Tim",
      "type": "PERSON",
      "metadata": {},
      "salience": 0.58885276,
      "mentions": [
        {
          "text": {
            "content": "Tim",
            "beginOffset": -1
          },
          "type": "PROPER"
        },
        {
          "text": {
            "content": "Tim",
            "beginOffset": -1
          },
          "type": "PROPER"
        },
        {
          "text": {
            "content": "Tim",
            "beginOffset": -1
          },
          "type": "PROPER"
        }
      ]
    },
    {
      "name": "mamak owner",
      "type": "PERSON",
      "metadata": {},
      "salience": 0.11646138,
      "mentions": [
        {
          "text": {
            "content": "mamak owner",
            "beginOffset": -1
          },
          "type": "COMMON"
        }
      ]
    },
    {
      "name": "boy",
      "type": "PERSON",
      "metadata": {},
      "salience": 0.054060232,
      "mentions": [
        {
          "text": {
            "content": "boy",
            "beginOffset": -1
          },
          "type": "COMMON"
        }
      ]
    },
    {
      "name": "Timmy Bear",
      "type": "PERSON",
      "metadata": {},
      "salience": 0.04945266,
      "mentions": [
        {
          "text": {
            "content": "Timmy",
            "beginOffset": -1
          },
          "type": "PROPER"
        },
        {
          "text": {
            "content": "Timmy Bear",
            "beginOffset": -1
          },
          "type": "PROPER"
        },
        {
          "text": {
            "content": "Timmy",
            "beginOffset": -1
          },
          "type": "PROPER"
        }
      ]
    },
    {
      "name": "Little Bear",
      "type": "WORK_OF_ART",
      "metadata": {},
      "salience": 0.032381695,
      "mentions": [
        {
          "text": {
            "content": "Little Bear",
            "beginOffset": -1
          },
          "type": "PROPER"
        }
      ]
    },
    {
      "name": "penis",
      "type": "OTHER",
      "metadata": {},
      "salience": 0.024657719,
      "mentions": [
        {
          "text": {
            "content": "penis",
            "beginOffset": -1
          },
          "type": "COMMON"
        },
        {
          "text": {
            "content": "size",
            "beginOffset": -1
          },
          "type": "COMMON"
        }
      ]
    },
    {
      "name": "home",
      "type": "LOCATION",
      "metadata": {},
      "salience": 0.012978496,
      "mentions": [
        {
          "text": {
            "content": "home",
            "beginOffset": -1
          },
          "type": "COMMON"
        }
      ]
    },
    {
      "name": "USJ 1",
      "type": "LOCATION",
      "metadata": {
        "mid": "/g/1tmcjr26"
      },
      "salience": 0.010894132,
      "mentions": [
        {
          "text": {
            "content": "USJ 1",
            "beginOffset": -1
          },
          "type": "PROPER"
        }
      ]
    },
    {
      "name": "plight",
      "type": "OTHER",
      "metadata": {},
      "salience": 0.008851962,
      "mentions": [
        {
          "text": {
            "content": "plight",
            "beginOffset": -1
          },
          "type": "COMMON"
        }
      ]
    },
    {
      "name": "disease",
      "type": "OTHER",
      "metadata": {},
      "salience": 0.008851962,
      "mentions": [
        {
          "text": {
            "content": "disease",
            "beginOffset": -1
          },
          "type": "COMMON"
        }
      ]
    },
    {
      "name": "groups",
      "type": "ORGANIZATION",
      "metadata": {},
      "salience": 0.008851962,
      "mentions": [
        {
          "text": {
            "content": "groups",
            "beginOffset": -1
          },
          "type": "COMMON"
        }
      ]
    },
    {
      "name": "no one",
      "type": "PERSON",
      "metadata": {},
      "salience": 0.00802542,
      "mentions": [
        {
          "text": {
            "content": "no one",
            "beginOffset": -1
          },
          "type": "COMMON"
        }
      ]
    },
    {
      "name": "TVT",
      "type": "ORGANIZATION",
      "metadata": {},
      "salience": 0.0067345696,
      "mentions": [
        {
          "text": {
            "content": "TVT",
            "beginOffset": -1
          },
          "type": "PROPER"
        },
        {
          "text": {
            "content": "TVT",
            "beginOffset": -1
          },
          "type": "PROPER"
        }
      ]
    },
    {
      "name": "size",
      "type": "OTHER",
      "metadata": {},
      "salience": 0.0062371287,
      "mentions": [
        {
          "text": {
            "content": "size",
            "beginOffset": -1
          },
          "type": "COMMON"
        }
      ]
    },
    {
      "name": "course",
      "type": "OTHER",
      "metadata": {},
      "salience": 0.006225343,
      "mentions": [
        {
          "text": {
            "content": "course",
            "beginOffset": -1
          },
          "type": "COMMON"
        }
      ]
    },
    {
      "name": "gentle giant",
      "type": "ORGANIZATION",
      "metadata": {},
      "salience": 0.005985214,
      "mentions": [
        {
          "text": {
            "content": "gentle giant",
            "beginOffset": -1
          },
          "type": "COMMON"
        }
      ]
    },
    {
      "name": "rescue",
      "type": "OTHER",
      "metadata": {},
      "salience": 0.0059790686,
      "mentions": [
        {
          "text": {
            "content": "rescue",
            "beginOffset": -1
          },
          "type": "COMMON"
        }
      ]
    },
    {
      "name": "tennis ball",
      "type": "CONSUMER_GOOD",
      "metadata": {},
      "salience": 0.005949391,
      "mentions": [
        {
          "text": {
            "content": "tennis ball",
            "beginOffset": -1
          },
          "type": "COMMON"
        }
      ]
    },
    {
      "name": "heart",
      "type": "OTHER",
      "metadata": {},
      "salience": 0.00586213,
      "mentions": [
        {
          "text": {
            "content": "heart",
            "beginOffset": -1
          },
          "type": "COMMON"
        }
      ]
    },
    {
      "name": "Facebook",
      "type": "OTHER",
      "metadata": {
        "mid": "/m/02y1vz",
        "wikipedia_url": "https://en.wikipedia.org/wiki/Facebook"
      },
      "salience": 0.005240784,
      "mentions": [
        {
          "text": {
            "content": "Facebook",
            "beginOffset": -1
          },
          "type": "PROPER"
        }
      ]
    },
    {
      "name": "course",
      "type": "OTHER",
      "metadata": {},
      "salience": 0.004686252,
      "mentions": [
        {
          "text": {
            "content": "course",
            "beginOffset": -1
          },
          "type": "COMMON"
        }
      ]
    },
    {
      "name": "strolls",
      "type": "OTHER",
      "metadata": {},
      "salience": 0.0041110744,
      "mentions": [
        {
          "text": {
            "content": "strolls",
            "beginOffset": -1
          },
          "type": "COMMON"
        }
      ]
    },
    {
      "name": "boy",
      "type": "PERSON",
      "metadata": {},
      "salience": 0.0032724729,
      "mentions": [
        {
          "text": {
            "content": "boy",
            "beginOffset": -1
          },
          "type": "COMMON"
        }
      ]
    },
    {
      "name": "slap",
      "type": "OTHER",
      "metadata": {},
      "salience": 0.0031416395,
      "mentions": [
        {
          "text": {
            "content": "slap",
            "beginOffset": -1
          },
          "type": "COMMON"
        }
      ]
    },
    {
      "name": "front",
      "type": "OTHER",
      "metadata": {},
      "salience": 0.002878393,
      "mentions": [
        {
          "text": {
            "content": "front",
            "beginOffset": -1
          },
          "type": "COMMON"
        }
      ]
    },
    {
      "name": "dogs",
      "type": "OTHER",
      "metadata": {},
      "salience": 0.0020598054,
      "mentions": [
        {
          "text": {
            "content": "dogs",
            "beginOffset": -1
          },
          "type": "COMMON"
        }
      ]
    },
    {
      "name": "dogs",
      "type": "OTHER",
      "metadata": {},
      "salience": 0.0020064437,
      "mentions": [
        {
          "text": {
            "content": "dogs",
            "beginOffset": -1
          },
          "type": "COMMON"
        }
      ]
    },
    {
      "name": "eye contact",
      "type": "OTHER",
      "metadata": {},
      "salience": 0.0018062753,
      "mentions": [
        {
          "text": {
            "content": "eye contact",
            "beginOffset": -1
          },
          "type": "COMMON"
        }
      ]
    },
    {
      "name": "fight",
      "type": "EVENT",
      "metadata": {},
      "salience": 0.0018062753,
      "mentions": [
        {
          "text": {
            "content": "fight",
            "beginOffset": -1
          },
          "type": "COMMON"
        }
      ]
    },
    {
      "name": "Liz: Kin",
      "type": "PERSON",
      "metadata": {},
      "salience": 0.0016973428,
      "mentions": [
        {
          "text": {
            "content": "Liz: Kin",
            "beginOffset": -1
          },
          "type": "PROPER"
        }
      ]
    }
  ],
  "documentSentiment": {
    "magnitude": 2.7,
    "score": 0
  },
  "language": "en",
  "categories": []
}
